message_key,kafka_timestamp,event_id,event_type,event_timestamp,venta_id,cliente_id,juego_id,plataforma,metodo_pago,vendedor,precio,cantidad,total,cliente_nombre,nivel_membresia,distrito,riesgo_fraude,venta_riesgosa,processing_timestamp,batch_id
V07247,2026-05-12 00:08:00.382,EVT-000001,envio_preparado,2026-05-12 00:08:00,V07247,C0039,JV001,PS4,Plin,Ana,299.9,1,299.9,Celestina Amor Cárdenas,Silver,SJL,0.53,False,2026-05-12 00:12:52.866,10
V24634,2026-05-12 00:08:00.484,EVT-000002,envio_preparado,2026-05-12 00:08:00,V24634,C0499,JV007,PS5,Tarjeta Débito,María,249.9,3,749.7,Poncio Escrivá Baños,Básico,San Borja,0.53,False,2026-05-12 00:12:52.866,10
V35472,2026-05-12 00:08:00.585,EVT-000003,envio_preparado,2026-05-12 00:08:00,V35472,C0349,JV013,PS5,Efectivo,Ana,269.9,3,809.7,Lupe Jerez Pombo,Platinum,Miraflores,0.87,True,2026-05-12 00:12:52.866,10
V22618,2026-05-12 00:08:00.687,EVT-000004,venta_creada,2026-05-12 00:08:00,V22618,C0253,JV015,PS5,Tarjeta Débito,José,239.9,2,479.8,Lisandro Moisés Ramis Barba,Básico,La Molina,0.66,False,2026-05-12 00:12:52.866,10
V19549,2026-05-12 00:08:00.789,EVT-000005,pago_aprobado,2026-05-12 00:08:00,V19549,C0495,JV005,PS5,Tarjeta Crédito,José,299.9,1,299.9,Silvio Rosales Marcos,Básico,Surquillo,0.67,False,2026-05-12 00:12:52.866,10
V35843,2026-05-12 00:08:00.891,EVT-000006,venta_confirmada,2026-05-12 00:08:00,V35843,C0242,JV008,PS5,Tarjeta Crédito,Ana,239.9,2,479.8,Esperanza Vazquez Bas,Gold,Breña,0.64,False,2026-05-12 00:12:52.866,10
V10703,2026-05-12 00:08:00.992,EVT-000007,venta_creada,2026-05-12 00:08:00,V10703,C0497,JV020,Xbox,Plin,Luis,179.9,3,539.7,María Dolores Diez Gálvez,Gold,San Isidro,0.81,True,2026-05-12 00:12:52.866,10
V36603,2026-05-12 00:08:01.092,EVT-000008,venta_confirmada,2026-05-12 00:08:01,V36603,C0490,JV014,PC,Plin,María,259.9,3,779.7,Carmen Benitez Company,Básico,Lince,0.08,False,2026-05-12 00:12:52.866,10
V10895,2026-05-12 00:08:01.193,EVT-000009,venta_cancelada,2026-05-12 00:08:01,V10895,C0456,JV020,PS5,Efectivo,José,179.9,1,179.9,Abraham Martín Ariza,Gold,Surco,0.02,False,2026-05-12 00:12:52.866,10
V23066,2026-05-12 00:08:01.293,EVT-000010,venta_creada,2026-05-12 00:08:01,V23066,C0448,JV015,PS5,Tarjeta Crédito,Luis,239.9,2,479.8,Feliciana Pizarro Lucena,Gold,Jesús María,0.21,False,2026-05-12 00:12:52.866,10
V12749,2026-05-12 00:08:01.394,EVT-000011,pago_aprobado,2026-05-12 00:08:01,V12749,C0474,JV009,Switch,Tarjeta Crédito,Luis,199.9,1,199.9,Marisol Ferrández Millán,Básico,Jesús María,0.7,False,2026-05-12 00:12:52.866,10
V25680,2026-05-12 00:08:01.495,EVT-000012,venta_creada,2026-05-12 00:08:01,V25680,C0454,JV013,PS5,Tarjeta Crédito,Luis,269.9,3,809.7,Coral Múñiz Bellido,Silver,Surco,0.53,False,2026-05-12 00:12:52.866,10
V20021,2026-05-12 00:08:01.596,EVT-000013,venta_completada,2026-05-12 00:08:01,V20021,C0094,JV018,Switch,Yape,José,129.9,1,129.9,María Belén Alcántara Zorrilla,Silver,Lince,0.4,False,2026-05-12 00:12:52.866,10
V26162,2026-05-12 00:08:01.752,EVT-000014,venta_completada,2026-05-12 00:08:01,V26162,C0314,JV004,Switch,Tarjeta Crédito,María,279.9,1,279.9,Omar Castellanos Goñi,Gold,Lince,0.36,False,2026-05-12 00:12:52.866,10
V36275,2026-05-12 00:08:01.853,EVT-000015,venta_creada,2026-05-12 00:08:01,V36275,C0218,JV019,Switch,Tarjeta Crédito,Luis,249.9,1,249.9,Nico Ibán Morata Abascal,Gold,Pueblo Libre,0.04,False,2026-05-12 00:12:52.866,10
V45167,2026-05-12 00:08:01.953,EVT-000016,envio_preparado,2026-05-12 00:08:01,V45167,C0432,JV012,Xbox,Efectivo,Luis,189.9,3,569.7,Lupe Seco Galván,Silver,SJL,0.44,False,2026-05-12 00:12:52.866,10
V46928,2026-05-12 00:08:02.054,EVT-000017,pago_aprobado,2026-05-12 00:08:02,V46928,C0456,JV013,PS5,Tarjeta Débito,María,269.9,1,269.9,Abraham Martín Ariza,Gold,Surco,0.35,False,2026-05-12 00:12:52.866,10
V47734,2026-05-12 00:08:02.155,EVT-000018,pago_aprobado,2026-05-12 00:08:02,V47734,C0078,JV011,PS5,Tarjeta Débito,María,219.9,1,219.9,Blas Sancho Gonzalo,Silver,San Borja,0.37,False,2026-05-12 00:12:52.866,10
V07219,2026-05-12 00:08:02.255,EVT-000019,envio_preparado,2026-05-12 00:08:02,V07219,C0427,JV010,Xbox,Yape,Ana,229.9,1,229.9,Iris Cabañas Esteban,Gold,SJL,0.73,False,2026-05-12 00:12:52.866,10
V45748,2026-05-12 00:08:02.356,EVT-000020,pago_aprobado,2026-05-12 00:08:02,V45748,C0414,JV013,PS5,Tarjeta Crédito,Ana,269.9,1,269.9,Luna Miguel Barroso,Gold,Breña,0.53,False,2026-05-12 00:12:52.866,10
V30331,2026-05-12 00:08:02.457,EVT-000021,venta_creada,2026-05-12 00:08:02,V30331,C0330,JV002,PS5,Efectivo,Ana,249.9,2,499.8,Vicenta de Criado,Gold,Jesús María,0.52,False,2026-05-12 00:12:52.866,10
V12128,2026-05-12 00:08:02.558,EVT-000022,venta_confirmada,2026-05-12 00:08:02,V12128,C0201,JV018,Switch,Yape,Ana,129.9,1,129.9,Iris Campoy Berrocal,Básico,La Molina,0.05,False,2026-05-12 00:12:52.866,10
V10628,2026-05-12 00:08:02.658,EVT-000023,envio_preparado,2026-05-12 00:08:02,V10628,C0128,JV006,PS5,Yape,María,219.9,1,219.9,Vidal Luque Salmerón,Platinum,Jesús María,0.42,False,2026-05-12 00:12:52.866,10
V11941,2026-05-12 00:08:02.759,EVT-000024,venta_creada,2026-05-12 00:08:02,V11941,C0238,JV003,PC,Efectivo,Carlos,229.9,1,229.9,Albina Lorenzo,Platinum,Pueblo Libre,0.52,False,2026-05-12 00:12:52.866,10
V41723,2026-05-12 00:08:02.860,EVT-000025,venta_completada,2026-05-12 00:08:02,V41723,C0200,JV006,PC,Yape,José,219.9,3,659.7,Loreto Arribas Peña,Platinum,Pueblo Libre,0.36,False,2026-05-12 00:12:52.866,10
V18306,2026-05-12 00:08:02.960,EVT-000026,pago_aprobado,2026-05-12 00:08:02,V18306,C0110,JV015,PS5,Tarjeta Crédito,Ana,239.9,3,719.7,León Vicens Camino,Platinum,Los Olivos,0.16,False,2026-05-12 00:12:52.866,10
V42530,2026-05-12 00:08:03.061,EVT-000027,venta_creada,2026-05-12 00:08:03,V42530,C0242,JV004,Switch,Yape,José,279.9,1,279.9,Esperanza Vazquez Bas,Gold,Breña,0.78,True,2026-05-12 00:12:52.866,10
V39109,2026-05-12 00:08:03.161,EVT-000028,pago_aprobado,2026-05-12 00:08:03,V39109,C0285,JV003,PS5,Tarjeta Crédito,Ana,229.9,1,229.9,María Belén Montoya,Básico,Los Olivos,0.11,False,2026-05-12 00:12:52.866,10
V10295,2026-05-12 00:08:03.262,EVT-000029,venta_creada,2026-05-12 00:08:03,V10295,C0168,JV002,PS5,Plin,Ana,249.9,1,249.9,Ildefonso Carretero-Caro,Platinum,Breña,0.78,True,2026-05-12 00:12:52.866,10
V30767,2026-05-12 00:08:03.363,EVT-000030,venta_completada,2026-05-12 00:08:03,V30767,C0060,JV004,Switch,Yape,María,279.9,1,279.9,Ariel Juliá Jordán,Silver,Surco,0.91,True,2026-05-12 00:12:52.866,10
V07263,2026-05-12 00:08:03.464,EVT-000031,venta_cancelada,2026-05-12 00:08:03,V07263,C0382,JV013,PS5,Plin,Luis,269.9,1,269.9,Amalia del Blanes,Básico,Jesús María,0.72,False,2026-05-12 00:12:52.866,10
V06588,2026-05-12 00:08:03.574,EVT-000032,venta_cancelada,2026-05-12 00:08:03,V06588,C0167,JV017,Xbox,Tarjeta Débito,José,219.9,2,439.8,Florencio Gilabert,Platinum,Surco,0.59,False,2026-05-12 00:12:52.866,10
V30160,2026-05-12 00:08:03.675,EVT-000033,venta_creada,2026-05-12 00:08:03,V30160,C0049,JV017,PC,Yape,José,219.9,3,659.7,Heliodoro Nazaret Bayo Fernández,Platinum,San Isidro,0.12,False,2026-05-12 00:12:52.866,10
V02288,2026-05-12 00:08:03.776,EVT-000034,envio_preparado,2026-05-12 00:08:03,V02288,C0137,JV006,PC,Plin,Carlos,219.9,1,219.9,Cruz Orozco Nogués,Platinum,Callao,0.39,False,2026-05-12 00:12:52.866,10
V42295,2026-05-12 00:08:03.876,EVT-000035,venta_confirmada,2026-05-12 00:08:03,V42295,C0174,JV009,Switch,Efectivo,María,199.9,1,199.9,Alba Casado Luna,Gold,Callao,0.42,False,2026-05-12 00:12:52.866,10
V49442,2026-05-12 00:08:03.977,EVT-000036,pago_aprobado,2026-05-12 00:08:03,V49442,C0058,JV017,PC,Tarjeta Crédito,Luis,219.9,3,659.7,Lupe Escolano Saavedra,Platinum,Miraflores,0.56,False,2026-05-12 00:12:52.866,10
V01931,2026-05-12 00:08:04.078,EVT-000037,venta_creada,2026-05-12 00:08:04,V01931,C0439,JV011,PC,Tarjeta Crédito,Carlos,219.9,2,439.8,Pío Goñi Morante,Básico,Miraflores,0.54,False,2026-05-12 00:12:52.866,10
V42939,2026-05-12 00:08:04.178,EVT-000038,venta_confirmada,2026-05-12 00:08:04,V42939,C0380,JV019,Switch,Plin,José,249.9,1,249.9,Alberto Elorza Redondo,Gold,Surco,0.14,False,2026-05-12 00:12:52.866,10
V28864,2026-05-12 00:08:04.279,EVT-000039,envio_preparado,2026-05-12 00:08:04,V28864,C0411,JV018,Switch,Plin,Carlos,129.9,3,389.7,Guiomar Campillo Reig,Básico,Surco,0.9,True,2026-05-12 00:12:52.866,10
V18375,2026-05-12 00:08:04.379,EVT-000040,venta_completada,2026-05-12 00:08:04,V18375,C0257,JV016,PS5,Tarjeta Débito,Ana,289.9,1,289.9,Toño Ariño Madrigal,Básico,Pueblo Libre,0.28,False,2026-05-12 00:12:52.866,10
V23459,2026-05-12 00:08:04.480,EVT-000041,pago_aprobado,2026-05-12 00:08:04,V23459,C0290,JV010,PS5,Plin,Ana,229.9,2,459.8,Leonel Artemio Verdejo Peral,Platinum,SJL,0.49,False,2026-05-12 00:12:52.866,10
V06740,2026-05-12 00:08:04.581,EVT-000042,envio_preparado,2026-05-12 00:08:04,V06740,C0210,JV010,PC,Yape,José,229.9,1,229.9,Albano Raya Piña,Básico,San Miguel,0.49,False,2026-05-12 00:12:52.866,10
V02924,2026-05-12 00:08:04.722,EVT-000043,venta_completada,2026-05-12 00:08:04,V02924,C0269,JV018,PC,Efectivo,José,129.9,1,129.9,Dolores Casado Anaya,Platinum,Lince,0.02,False,2026-05-12 00:12:52.866,10
V17398,2026-05-12 00:08:04.823,EVT-000044,venta_creada,2026-05-12 00:08:04,V17398,C0079,JV016,PS5,Tarjeta Crédito,Ana,289.9,1,289.9,Lucía Iglesias-Casares,Gold,Miraflores,0.78,True,2026-05-12 00:12:52.866,10
V08613,2026-05-12 00:08:04.950,EVT-000045,venta_creada,2026-05-12 00:08:04,V08613,C0053,JV015,PS5,Plin,Carlos,239.9,1,239.9,Geraldo Gomez,Platinum,Breña,0.19,False,2026-05-12 00:12:52.866,10
V34385,2026-05-12 00:08:05.051,EVT-000046,venta_creada,2026-05-12 00:08:05,V34385,C0040,JV011,PS5,Efectivo,Carlos,219.9,2,439.8,Albano Herranz Farré,Silver,Jesús María,0.6,False,2026-05-12 00:12:52.866,10
V00693,2026-05-12 00:08:05.151,EVT-000047,venta_confirmada,2026-05-12 00:08:05,V00693,C0353,JV011,PC,Efectivo,Ana,219.9,2,439.8,Aurora Quintanilla Pou,Platinum,Miraflores,0.53,False,2026-05-12 00:12:52.866,10
V16038,2026-05-12 00:08:05.302,EVT-000048,venta_creada,2026-05-12 00:08:05,V16038,C0326,JV017,Xbox,Plin,José,219.9,1,219.9,Octavia Rosales-Borrego,Silver,San Borja,0.32,False,2026-05-12 00:12:52.866,10
V37913,2026-05-12 00:08:05.403,EVT-000049,envio_preparado,2026-05-12 00:08:05,V37913,C0214,JV012,PS4,Plin,José,189.9,1,189.9,Leonor Alvarado Seco,Básico,Surquillo,0.28,False,2026-05-12 00:12:52.866,10
V45061,2026-05-12 00:08:05.567,EVT-000050,venta_confirmada,2026-05-12 00:08:05,V45061,C0477,JV015,PS5,Efectivo,Ana,239.9,3,719.7,Ainara de Álvaro,Gold,Callao,0.77,True,2026-05-12 00:12:52.866,10
V04651,2026-05-12 00:08:05.667,EVT-000051,venta_confirmada,2026-05-12 00:08:05,V04651,C0265,JV013,PS5,Tarjeta Débito,José,269.9,3,809.7,África Artigas Huerta,Básico,Callao,0.81,True,2026-05-12 00:12:52.866,10
V43542,2026-05-12 00:08:05.774,EVT-000052,envio_preparado,2026-05-12 00:08:05,V43542,C0224,JV002,PS5,Tarjeta Crédito,Luis,249.9,2,499.8,Purificación Viña Puga,Platinum,San Miguel,0.61,False,2026-05-12 00:12:52.866,10
V06305,2026-05-12 00:08:05.875,EVT-000053,venta_creada,2026-05-12 00:08:05,V06305,C0146,JV020,PS5,Plin,María,179.9,1,179.9,Flavia Gallo Roda,Platinum,Pueblo Libre,0.65,False,2026-05-12 00:12:52.866,10
V06541,2026-05-12 00:08:05.976,EVT-000054,pago_aprobado,2026-05-12 00:08:05,V06541,C0013,JV004,Switch,Yape,José,279.9,1,279.9,Edelmira Barba-Catalá,Básico,Surquillo,0.9,True,2026-05-12 00:12:52.866,10
V45353,2026-05-12 00:08:06.077,EVT-000055,pago_aprobado,2026-05-12 00:08:06,V45353,C0368,JV007,PS5,Tarjeta Crédito,Ana,249.9,1,249.9,Mar Barón Fonseca,Básico,Surquillo,0.47,False,2026-05-12 00:12:52.866,10
V29405,2026-05-12 00:08:06.178,EVT-000056,venta_completada,2026-05-12 00:08:06,V29405,C0345,JV003,Xbox,Efectivo,Luis,229.9,3,689.7,Zoraida del Manuel,Platinum,San Miguel,0.53,False,2026-05-12 00:12:52.866,10
V14157,2026-05-12 00:08:06.279,EVT-000057,venta_creada,2026-05-12 00:08:06,V14157,C0388,JV012,PS5,Yape,María,189.9,1,189.9,Pepito Arana Torrent,Platinum,Los Olivos,0.67,False,2026-05-12 00:12:52.866,10
V12541,2026-05-12 00:08:06.380,EVT-000058,venta_confirmada,2026-05-12 00:08:06,V12541,C0472,JV005,PS5,Tarjeta Crédito,José,299.9,3,899.7,Óscar Nuñez Olivé,Gold,Los Olivos,0.84,True,2026-05-12 00:12:52.866,10
V34662,2026-05-12 00:08:06.481,EVT-000059,venta_confirmada,2026-05-12 00:08:06,V34662,C0029,JV009,Switch,Tarjeta Crédito,Luis,199.9,2,399.8,Áurea Gertrudis Ferreras Falcón,Gold,Comas,0.64,False,2026-05-12 00:12:52.866,10
V10675,2026-05-12 00:08:06.581,EVT-000060,venta_confirmada,2026-05-12 00:08:06,V10675,C0230,JV009,Switch,Efectivo,Luis,199.9,1,199.9,Alejandro Marqués Vizcaíno,Básico,La Molina,0.21,False,2026-05-12 00:12:52.866,10
V11473,2026-05-12 00:08:06.682,EVT-000061,envio_preparado,2026-05-12 00:08:06,V11473,C0257,JV003,PS5,Efectivo,María,229.9,1,229.9,Toño Ariño Madrigal,Básico,Pueblo Libre,0.84,True,2026-05-12 00:12:52.866,10
V08153,2026-05-12 00:08:06.782,EVT-000062,venta_creada,2026-05-12 00:08:06,V08153,C0003,JV009,Switch,Yape,Luis,199.9,1,199.9,Ángela Menéndez Daza,Silver,Miraflores,0.15,False,2026-05-12 00:12:52.866,10
V09914,2026-05-12 00:08:06.883,EVT-000063,venta_completada,2026-05-12 00:08:06,V09914,C0045,JV004,Switch,Tarjeta Débito,María,279.9,3,839.7,Abraham del Hidalgo,Silver,Pueblo Libre,0.66,False,2026-05-12 00:12:52.866,10
V23103,2026-05-12 00:08:06.984,EVT-000064,pago_aprobado,2026-05-12 00:08:06,V23103,C0344,JV019,Switch,Yape,Luis,249.9,1,249.9,Ildefonso del Azcona,Silver,La Molina,0.7,False,2026-05-12 00:12:52.866,10
V13570,2026-05-12 00:08:07.084,EVT-000065,venta_completada,2026-05-12 00:08:07,V13570,C0483,JV016,PS5,Tarjeta Débito,Luis,289.9,1,289.9,José Mari Caparrós-Tena,Platinum,Jesús María,0.04,False,2026-05-12 00:12:52.866,10
V28379,2026-05-12 00:08:07.185,EVT-000066,pago_aprobado,2026-05-12 00:08:07,V28379,C0268,JV017,PS5,Tarjeta Crédito,José,219.9,3,659.7,Ruben Ayala,Gold,Los Olivos,0.86,True,2026-05-12 00:12:52.866,10
V37635,2026-05-12 00:08:07.286,EVT-000067,envio_preparado,2026-05-12 00:08:07,V37635,C0077,JV009,Switch,Tarjeta Crédito,José,199.9,1,199.9,Aarón Lillo-Ripoll,Silver,Surco,0.34,False,2026-05-12 00:12:52.866,10
V42363,2026-05-12 00:08:07.386,EVT-000068,venta_creada,2026-05-12 00:08:07,V42363,C0305,JV009,Switch,Efectivo,Ana,199.9,1,199.9,Marcela Valero Conesa,Básico,Breña,0.69,False,2026-05-12 00:12:52.866,10
V47568,2026-05-12 00:08:07.487,EVT-000069,venta_confirmada,2026-05-12 00:08:07,V47568,C0325,JV004,Switch,Tarjeta Débito,Carlos,279.9,2,559.8,Florina Camps Arana,Silver,Comas,0.83,True,2026-05-12 00:12:52.866,10
V16798,2026-05-12 00:08:07.588,EVT-000070,pago_aprobado,2026-05-12 00:08:07,V16798,C0096,JV007,Xbox,Yape,Luis,249.9,1,249.9,Noelia Valencia Borja,Gold,Comas,0.04,False,2026-05-12 00:12:52.866,10
V46523,2026-05-12 00:08:07.688,EVT-000071,pago_aprobado,2026-05-12 00:08:07,V46523,C0204,JV012,Switch,Tarjeta Crédito,José,189.9,2,379.8,Tomasa Tomé Arco,Platinum,Pueblo Libre,0.69,False,2026-05-12 00:12:52.866,10
V31463,2026-05-12 00:08:07.789,EVT-000072,pago_aprobado,2026-05-12 00:08:07,V31463,C0272,JV015,PS5,Plin,María,239.9,2,479.8,Lupe Andres Requena,Básico,Breña,0.35,False,2026-05-12 00:12:52.866,10
V42317,2026-05-12 00:08:07.890,EVT-000073,venta_confirmada,2026-05-12 00:08:07,V42317,C0434,JV008,PS5,Tarjeta Débito,Ana,239.9,1,239.9,Nidia Jimenez Estevez,Platinum,Jesús María,0.12,False,2026-05-12 00:12:52.866,10
V04878,2026-05-12 00:08:07.967,EVT-000074,venta_completada,2026-05-12 00:08:07,V04878,C0351,JV018,Switch,Tarjeta Crédito,Luis,129.9,2,259.8,Alfonso Cabello-Olivares,Silver,La Molina,0.89,True,2026-05-12 00:12:52.866,10
V22848,2026-05-12 00:08:08.068,EVT-000075,pago_aprobado,2026-05-12 00:08:08,V22848,C0121,JV011,PC,Tarjeta Débito,Carlos,219.9,2,439.8,Loreto Meléndez Juárez,Silver,Lince,0.93,True,2026-05-12 00:12:52.866,10
V05405,2026-05-12 00:08:08.168,EVT-000076,envio_preparado,2026-05-12 00:08:08,V05405,C0030,JV005,PS5,Plin,José,299.9,1,299.9,Demetrio Borja Salinas,Gold,San Miguel,0.08,False,2026-05-12 00:12:52.866,10
V49844,2026-05-12 00:08:08.269,EVT-000077,venta_creada,2026-05-12 00:08:08,V49844,C0128,JV009,Switch,Yape,María,199.9,3,599.7,Vidal Luque Salmerón,Platinum,Jesús María,0.78,True,2026-05-12 00:12:52.866,10
V19595,2026-05-12 00:08:08.370,EVT-000078,venta_creada,2026-05-12 00:08:08,V19595,C0296,JV006,PC,Yape,María,219.9,2,439.8,María Del Carmen Giménez Atienza,Básico,Jesús María,0.88,True,2026-05-12 00:12:52.866,10
V08997,2026-05-12 00:08:08.470,EVT-000079,venta_confirmada,2026-05-12 00:08:08,V08997,C0192,JV008,PS5,Efectivo,Luis,239.9,1,239.9,Amanda de Valencia,Platinum,Los Olivos,0.13,False,2026-05-12 00:12:52.866,10
V37273,2026-05-12 00:08:08.571,EVT-000080,pago_aprobado,2026-05-12 00:08:08,V37273,C0244,JV009,Switch,Plin,Carlos,199.9,1,199.9,Eutimio Moliner,Platinum,Callao,0.28,False,2026-05-12 00:12:52.866,10
V34877,2026-05-12 00:08:08.671,EVT-000081,envio_preparado,2026-05-12 00:08:08,V34877,C0311,JV001,PS4,Efectivo,Carlos,299.9,2,599.8,Haroldo Casas Rocamora,Platinum,SJL,0.94,True,2026-05-12 00:12:52.866,10
V27044,2026-05-12 00:08:08.772,EVT-000082,venta_creada,2026-05-12 00:08:08,V27044,C0189,JV013,PS5,Efectivo,María,269.9,1,269.9,Ramona Alcántara-Bueno,Básico,Pueblo Libre,0.06,False,2026-05-12 00:12:52.866,10
V42481,2026-05-12 00:08:08.873,EVT-000083,venta_confirmada,2026-05-12 00:08:08,V42481,C0181,JV018,Switch,Plin,María,129.9,2,259.8,Paz Tamayo Díez,Básico,La Molina,0.12,False,2026-05-12 00:12:52.866,10
V48325,2026-05-12 00:08:08.973,EVT-000084,venta_creada,2026-05-12 00:08:08,V48325,C0391,JV014,PS5,Yape,Carlos,259.9,3,779.7,Constanza Aramburu Arellano,Silver,San Isidro,0.89,True,2026-05-12 00:12:52.866,10
V13310,2026-05-12 00:08:09.073,EVT-000085,pago_aprobado,2026-05-12 00:08:09,V13310,C0298,JV010,PS5,Tarjeta Débito,Ana,229.9,1,229.9,Moreno Rodriguez Ferrer,Gold,Lince,0.79,True,2026-05-12 00:12:52.866,10
V04541,2026-05-12 00:08:09.174,EVT-000086,venta_cancelada,2026-05-12 00:08:09,V04541,C0136,JV019,Switch,Efectivo,Carlos,249.9,2,499.8,Geraldo Rius Francisco,Básico,Surco,0.89,True,2026-05-12 00:12:52.866,10
V41607,2026-05-12 00:08:09.275,EVT-000087,venta_completada,2026-05-12 00:08:09,V41607,C0416,JV016,PS5,Plin,María,289.9,3,869.7,Cruz Quero Uriarte,Básico,San Isidro,0.55,False,2026-05-12 00:12:52.866,10
V04395,2026-05-12 00:08:09.375,EVT-000088,venta_creada,2026-05-12 00:08:09,V04395,C0363,JV019,Switch,Plin,José,249.9,1,249.9,Victorino Pedro-Quintana,Silver,Comas,0.1,False,2026-05-12 00:12:52.866,10
V05452,2026-05-12 00:08:09.475,EVT-000089,venta_confirmada,2026-05-12 00:08:09,V05452,C0009,JV001,PS4,Yape,Ana,299.9,3,899.7,Itziar Arranz Muñoz,Básico,La Molina,0.2,False,2026-05-12 00:12:52.866,10
V19256,2026-05-12 00:08:09.576,EVT-000090,envio_preparado,2026-05-12 00:08:09,V19256,C0110,JV010,PS5,Plin,Ana,229.9,1,229.9,León Vicens Camino,Platinum,Los Olivos,0.37,False,2026-05-12 00:12:52.866,10
V13775,2026-05-12 00:08:09.676,EVT-000091,envio_preparado,2026-05-12 00:08:09,V13775,C0454,JV011,PS5,Yape,Carlos,219.9,1,219.9,Coral Múñiz Bellido,Silver,Surco,0.67,False,2026-05-12 00:12:52.866,10
V32823,2026-05-12 00:08:09.777,EVT-000092,venta_completada,2026-05-12 00:08:09,V32823,C0305,JV015,PS5,Tarjeta Crédito,José,239.9,1,239.9,Marcela Valero Conesa,Básico,Breña,0.89,True,2026-05-12 00:12:52.866,10
V04120,2026-05-12 00:08:09.878,EVT-000093,pago_aprobado,2026-05-12 00:08:09,V04120,C0040,JV008,Xbox,Tarjeta Crédito,Carlos,239.9,1,239.9,Albano Herranz Farré,Silver,Jesús María,0.41,False,2026-05-12 00:12:52.866,10
V43463,2026-05-12 00:08:09.978,EVT-000094,venta_creada,2026-05-12 00:08:09,V43463,C0410,JV002,PC,Efectivo,Luis,249.9,3,749.7,Marta Barrios Bustamante,Platinum,Pueblo Libre,0.2,False,2026-05-12 00:12:52.866,10
V05604,2026-05-12 00:08:10.079,EVT-000095,venta_confirmada,2026-05-12 00:08:10,V05604,C0210,JV001,PS5,Tarjeta Débito,Luis,299.9,1,299.9,Albano Raya Piña,Básico,San Miguel,0.82,True,2026-05-12 00:12:52.866,10
V14177,2026-05-12 00:08:10.180,EVT-000096,venta_cancelada,2026-05-12 00:08:10,V14177,C0331,JV015,PC,Tarjeta Débito,Carlos,239.9,3,719.7,Vanesa Robledo Santamaria,Platinum,San Isidro,0.41,False,2026-05-12 00:12:52.866,10
V28119,2026-05-12 00:08:10.281,EVT-000097,venta_completada,2026-05-12 00:08:10,V28119,C0119,JV014,PS5,Efectivo,José,259.9,3,779.7,Sabas Rodriguez-Llopis,Básico,Breña,0.9,True,2026-05-12 00:12:52.866,10
V13004,2026-05-12 00:08:10.382,EVT-000098,envio_preparado,2026-05-12 00:08:10,V13004,C0432,JV003,PS5,Yape,Ana,229.9,1,229.9,Lupe Seco Galván,Silver,SJL,0.7,False,2026-05-12 00:12:52.866,10
V38630,2026-05-12 00:08:10.483,EVT-000099,venta_confirmada,2026-05-12 00:08:10,V38630,C0423,JV014,PS5,Tarjeta Crédito,José,259.9,1,259.9,Ascensión Carpio Real,Básico,Lince,0.54,False,2026-05-12 00:12:52.866,10
V27397,2026-05-12 00:08:10.583,EVT-000100,venta_confirmada,2026-05-12 00:08:10,V27397,C0161,JV017,Xbox,Efectivo,Carlos,219.9,1,219.9,Blas de Iglesias,Gold,Miraflores,0.22,False,2026-05-12 00:12:52.866,10
V19053,2026-05-12 00:08:10.685,EVT-000101,venta_creada,2026-05-12 00:08:10,V19053,C0250,JV008,PS5,Tarjeta Débito,Luis,239.9,1,239.9,Áurea Arjona Santos,Silver,Comas,0.57,False,2026-05-12 00:12:52.866,10
V06383,2026-05-12 00:08:10.785,EVT-000102,venta_completada,2026-05-12 00:08:10,V06383,C0197,JV008,PS5,Tarjeta Débito,José,239.9,1,239.9,Alma Marco Ochoa,Platinum,Surquillo,0.58,False,2026-05-12 00:12:52.866,10
V15790,2026-05-12 00:08:10.886,EVT-000103,envio_preparado,2026-05-12 00:08:10,V15790,C0029,JV006,PS5,Tarjeta Débito,José,219.9,1,219.9,Áurea Gertrudis Ferreras Falcón,Gold,Comas,0.66,False,2026-05-12 00:12:52.866,10
V07156,2026-05-12 00:08:10.986,EVT-000104,venta_creada,2026-05-12 00:08:10,V07156,C0188,JV012,PS4,Tarjeta Crédito,Carlos,189.9,1,189.9,Bonifacio Cervantes Haro,Gold,Surco,0.85,True,2026-05-12 00:12:52.866,10
V48928,2026-05-12 00:08:11.087,EVT-000105,venta_creada,2026-05-12 00:08:11,V48928,C0056,JV002,PS5,Tarjeta Débito,Ana,249.9,2,499.8,Vicenta Guillén,Platinum,Comas,0.62,False,2026-05-12 00:12:52.866,10
V37870,2026-05-12 00:08:11.189,EVT-000106,pago_aprobado,2026-05-12 00:08:11,V37870,C0233,JV004,Switch,Tarjeta Crédito,Carlos,279.9,2,559.8,Mario Yáñez-Aragón,Básico,San Miguel,0.47,False,2026-05-12 00:12:52.866,10
V26035,2026-05-12 00:08:11.289,EVT-000107,venta_confirmada,2026-05-12 00:08:11,V26035,C0279,JV003,Xbox,Yape,José,229.9,1,229.9,David Garmendia-Tudela,Silver,Lince,0.34,False,2026-05-12 00:12:52.866,10
V02190,2026-05-12 00:08:11.390,EVT-000108,venta_confirmada,2026-05-12 00:08:11,V02190,C0391,JV010,PC,Efectivo,Ana,229.9,1,229.9,Constanza Aramburu Arellano,Silver,San Isidro,0.33,False,2026-05-12 00:12:52.866,10
V18374,2026-05-12 00:08:11.490,EVT-000109,venta_confirmada,2026-05-12 00:08:11,V18374,C0265,JV005,PS5,Yape,Luis,299.9,3,899.7,África Artigas Huerta,Básico,Callao,0.28,False,2026-05-12 00:12:52.866,10
V34050,2026-05-12 00:08:11.591,EVT-000110,pago_aprobado,2026-05-12 00:08:11,V34050,C0410,JV007,PS5,Yape,María,249.9,1,249.9,Marta Barrios Bustamante,Platinum,Pueblo Libre,0.55,False,2026-05-12 00:12:52.866,10
V22870,2026-05-12 00:08:11.692,EVT-000111,envio_preparado,2026-05-12 00:08:11,V22870,C0457,JV001,PS5,Efectivo,Luis,299.9,1,299.9,Marcela Cervera Jimenez,Silver,Callao,0.63,False,2026-05-12 00:12:52.866,10
V36128,2026-05-12 00:08:11.792,EVT-000112,venta_confirmada,2026-05-12 00:08:11,V36128,C0390,JV018,Switch,Efectivo,Ana,129.9,2,259.8,Ruth Gelabert Hidalgo,Silver,Surquillo,0.13,False,2026-05-12 00:12:52.866,10
V08924,2026-05-12 00:08:11.893,EVT-000113,venta_confirmada,2026-05-12 00:08:11,V08924,C0113,JV006,PS5,Efectivo,Ana,219.9,2,439.8,Selena Priscila Ojeda García,Gold,Pueblo Libre,0.66,False,2026-05-12 00:12:52.866,10
V34795,2026-05-12 00:08:11.994,EVT-000114,venta_completada,2026-05-12 00:08:11,V34795,C0276,JV003,Xbox,Efectivo,Luis,229.9,1,229.9,Amarilis Acuña Azorin,Gold,Lince,0.81,True,2026-05-12 00:12:52.866,10
V44019,2026-05-12 00:08:12.094,EVT-000115,envio_preparado,2026-05-12 00:08:12,V44019,C0427,JV018,Xbox,Yape,María,129.9,1,129.9,Iris Cabañas Esteban,Gold,SJL,0.19,False,2026-05-12 00:12:52.866,10
V46267,2026-05-12 00:08:12.195,EVT-000116,pago_aprobado,2026-05-12 00:08:12,V46267,C0500,JV004,Switch,Plin,Luis,279.9,1,279.9,Luis Ángel de Giralt,Básico,Surco,0.85,True,2026-05-12 00:12:52.866,10
V03385,2026-05-12 00:08:12.296,EVT-000117,envio_preparado,2026-05-12 00:08:12,V03385,C0340,JV005,PS5,Tarjeta Crédito,María,299.9,1,299.9,Adelaida Ugarte,Platinum,Pueblo Libre,0.04,False,2026-05-12 00:12:52.866,10
V29587,2026-05-12 00:08:12.396,EVT-000118,venta_confirmada,2026-05-12 00:08:12,V29587,C0025,JV009,Switch,Efectivo,María,199.9,2,399.8,Rodrigo Juan Morante,Platinum,San Borja,0.67,False,2026-05-12 00:12:52.866,10
V32037,2026-05-12 00:08:12.497,EVT-000119,venta_confirmada,2026-05-12 00:08:12,V32037,C0483,JV015,PS5,Tarjeta Débito,Luis,239.9,2,479.8,José Mari Caparrós-Tena,Platinum,Jesús María,0.1,False,2026-05-12 00:12:52.866,10
V16599,2026-05-12 00:08:12.598,EVT-000120,venta_confirmada,2026-05-12 00:08:12,V16599,C0195,JV008,PS5,Efectivo,María,239.9,2,479.8,Curro Solís Alarcón,Platinum,Surquillo,0.69,False,2026-05-12 00:12:52.866,10
V13895,2026-05-12 00:08:12.698,EVT-000121,venta_creada,2026-05-12 00:08:12,V13895,C0019,JV017,PS5,Plin,José,219.9,1,219.9,Fanny Rueda Coll,Silver,La Molina,0.26,False,2026-05-12 00:12:52.866,10
V16780,2026-05-12 00:08:12.799,EVT-000122,venta_creada,2026-05-12 00:08:12,V16780,C0390,JV012,Xbox,Efectivo,Ana,189.9,1,189.9,Ruth Gelabert Hidalgo,Silver,Surquillo,0.74,False,2026-05-12 00:12:52.866,10
V42269,2026-05-12 00:08:12.899,EVT-000123,venta_creada,2026-05-12 00:08:12,V42269,C0378,JV012,PS4,Plin,José,189.9,3,569.7,Amador Bautista Gómez,Silver,Jesús María,0.08,False,2026-05-12 00:12:52.866,10
V23634,2026-05-12 00:08:13.000,EVT-000124,venta_completada,2026-05-12 00:08:13,V23634,C0246,JV005,PS5,Efectivo,Carlos,299.9,2,599.8,Nazaret Velasco Olmedo,Básico,SJL,0.06,False,2026-05-12 00:12:52.866,10
V23587,2026-05-12 00:08:13.100,EVT-000125,venta_creada,2026-05-12 00:08:13,V23587,C0179,JV013,PS5,Plin,María,269.9,1,269.9,Yéssica de Artigas,Platinum,Lince,0.11,False,2026-05-12 00:12:52.866,10
V43110,2026-05-12 00:08:13.201,EVT-000126,venta_completada,2026-05-12 00:08:13,V43110,C0056,JV018,Switch,Yape,Ana,129.9,1,129.9,Vicenta Guillén,Platinum,Comas,0.3,False,2026-05-12 00:12:52.866,10
V36926,2026-05-12 00:08:13.302,EVT-000127,venta_creada,2026-05-12 00:08:13,V36926,C0206,JV018,Switch,Tarjeta Crédito,Ana,129.9,1,129.9,María Carmen Figueras Pomares,Platinum,Surquillo,0.82,True,2026-05-12 00:12:52.866,10
V20148,2026-05-12 00:08:13.403,EVT-000128,venta_creada,2026-05-12 00:08:13,V20148,C0176,JV014,PS5,Yape,José,259.9,1,259.9,Diego Iniesta Lara,Básico,Surquillo,0.4,False,2026-05-12 00:12:52.866,10
V18033,2026-05-12 00:08:13.504,EVT-000129,venta_completada,2026-05-12 00:08:13,V18033,C0171,JV010,PS5,Yape,Luis,229.9,2,459.8,Leoncio Dalmau,Básico,San Isidro,0.16,False,2026-05-12 00:12:52.866,10
V28885,2026-05-12 00:08:13.604,EVT-000130,venta_creada,2026-05-12 00:08:13,V28885,C0494,JV004,Switch,Efectivo,Luis,279.9,2,559.8,Isabel Falcón Godoy,Platinum,Los Olivos,0.16,False,2026-05-12 00:12:52.866,10
V47702,2026-05-12 00:08:13.705,EVT-000131,envio_preparado,2026-05-12 00:08:13,V47702,C0282,JV005,PS5,Efectivo,Luis,299.9,1,299.9,Hilda del Busquets,Básico,Pueblo Libre,0.52,False,2026-05-12 00:12:52.866,10
V33430,2026-05-12 00:08:13.805,EVT-000132,venta_creada,2026-05-12 00:08:13,V33430,C0241,JV002,PC,Tarjeta Débito,Luis,249.9,2,499.8,Etelvina Gil Llorente,Gold,Surco,0.15,False,2026-05-12 00:12:52.866,10
V33286,2026-05-12 00:08:13.906,EVT-000133,venta_completada,2026-05-12 00:08:13,V33286,C0248,JV001,PS5,Tarjeta Crédito,Ana,299.9,1,299.9,Flora Ballester Paz,Silver,Breña,0.67,False,2026-05-12 00:12:52.866,10
V42223,2026-05-12 00:08:14.006,EVT-000134,venta_creada,2026-05-12 00:08:14,V42223,C0079,JV017,PS5,Plin,Luis,219.9,1,219.9,Lucía Iglesias-Casares,Gold,Miraflores,0.67,False,2026-05-12 00:12:52.866,10
V40077,2026-05-12 00:08:14.107,EVT-000135,venta_creada,2026-05-12 00:08:14,V40077,C0428,JV004,Switch,Plin,Luis,279.9,1,279.9,Raimundo Tur-Palau,Gold,Surco,0.81,True,2026-05-12 00:12:52.866,10
V33682,2026-05-12 00:08:14.208,EVT-000136,venta_creada,2026-05-12 00:08:14,V33682,C0488,JV011,PS5,Efectivo,Ana,219.9,2,439.8,Amado Mateos Clavero,Básico,La Molina,0.29,False,2026-05-12 00:12:52.866,10
V22622,2026-05-12 00:08:14.309,EVT-000137,envio_preparado,2026-05-12 00:08:14,V22622,C0057,JV012,Xbox,Tarjeta Débito,Ana,189.9,2,379.8,Mario Torralba,Básico,La Molina,0.28,False,2026-05-12 00:12:52.866,10
V02449,2026-05-12 00:08:14.409,EVT-000138,venta_creada,2026-05-12 00:08:14,V02449,C0103,JV006,PS5,Plin,Carlos,219.9,1,219.9,Bernardita Quesada Arellano,Silver,Surquillo,0.51,False,2026-05-12 00:12:52.866,10
V42880,2026-05-12 00:08:14.510,EVT-000139,venta_completada,2026-05-12 00:08:14,V42880,C0089,JV011,PS5,Tarjeta Débito,María,219.9,2,439.8,Cloe Suarez Barral,Gold,Breña,0.64,False,2026-05-12 00:12:52.866,10
V43951,2026-05-12 00:08:14.611,EVT-000140,venta_creada,2026-05-12 00:08:14,V43951,C0256,JV001,PS5,Efectivo,María,299.9,1,299.9,Trinidad Llano Guerrero,Silver,San Isidro,0.06,False,2026-05-12 00:12:52.866,10
V26549,2026-05-12 00:08:14.711,EVT-000141,envio_preparado,2026-05-12 00:08:14,V26549,C0003,JV007,PS5,Plin,Ana,249.9,2,499.8,Ángela Menéndez Daza,Silver,Miraflores,0.88,True,2026-05-12 00:12:52.866,10
V40261,2026-05-12 00:08:14.812,EVT-000142,pago_aprobado,2026-05-12 00:08:14,V40261,C0067,JV005,PS5,Tarjeta Débito,José,299.9,1,299.9,Iván Cámara Cuevas,Gold,San Isidro,0.38,False,2026-05-12 00:12:52.866,10
V32497,2026-05-12 00:08:14.912,EVT-000143,pago_aprobado,2026-05-12 00:08:14,V32497,C0324,JV004,Switch,Tarjeta Crédito,Carlos,279.9,1,279.9,Aura España Ballester,Platinum,Jesús María,0.74,False,2026-05-12 00:12:52.866,10
V30861,2026-05-12 00:08:15.013,EVT-000144,venta_completada,2026-05-12 00:08:15,V30861,C0178,JV008,PS5,Tarjeta Crédito,Carlos,239.9,2,479.8,Carla Antón Carbonell,Gold,SJL,0.8,True,2026-05-12 00:12:52.866,10
V31503,2026-05-12 00:08:15.114,EVT-000145,venta_completada,2026-05-12 00:08:15,V31503,C0236,JV004,Switch,Tarjeta Crédito,José,279.9,2,559.8,Clotilde Vidal Coronado,Gold,San Isidro,0.86,True,2026-05-12 00:12:52.866,10
V36186,2026-05-12 00:08:15.214,EVT-000146,venta_confirmada,2026-05-12 00:08:15,V36186,C0322,JV017,Xbox,Tarjeta Débito,Carlos,219.9,2,439.8,Nico Cortes Guerrero,Platinum,Jesús María,0.59,False,2026-05-12 00:12:52.866,10
V15389,2026-05-12 00:08:15.315,EVT-000147,venta_completada,2026-05-12 00:08:15,V15389,C0174,JV005,PS5,Tarjeta Débito,José,299.9,1,299.9,Alba Casado Luna,Gold,Callao,0.09,False,2026-05-12 00:12:52.866,10
V02447,2026-05-12 00:08:15.415,EVT-000148,venta_creada,2026-05-12 00:08:15,V02447,C0094,JV016,PS5,Plin,José,289.9,1,289.9,María Belén Alcántara Zorrilla,Silver,Lince,0.05,False,2026-05-12 00:12:52.866,10
V16453,2026-05-12 00:08:15.516,EVT-000149,envio_preparado,2026-05-12 00:08:15,V16453,C0032,JV014,PC,Efectivo,Ana,259.9,1,259.9,Armando Cerro Robles,Básico,Jesús María,0.75,True,2026-05-12 00:12:52.866,10
V29660,2026-05-12 00:08:15.616,EVT-000150,venta_completada,2026-05-12 00:08:15,V29660,C0167,JV019,Switch,Tarjeta Débito,Carlos,249.9,1,249.9,Florencio Gilabert,Platinum,Surco,0.67,False,2026-05-12 00:12:52.866,10
V17804,2026-05-12 00:08:15.717,EVT-000151,venta_completada,2026-05-12 00:08:15,V17804,C0084,JV019,Switch,Tarjeta Crédito,José,249.9,3,749.7,Patricia Alcaraz,Básico,La Molina,0.42,False,2026-05-12 00:12:52.866,10
V09991,2026-05-12 00:08:15.818,EVT-000152,venta_completada,2026-05-12 00:08:15,V09991,C0408,JV009,Switch,Tarjeta Crédito,Carlos,199.9,1,199.9,Aureliano Gargallo Canals,Básico,Breña,0.7,False,2026-05-12 00:12:52.866,10
V45209,2026-05-12 00:08:15.919,EVT-000153,envio_preparado,2026-05-12 00:08:15,V45209,C0027,JV005,PS5,Efectivo,Luis,299.9,1,299.9,Manolo Diaz,Gold,Callao,0.55,False,2026-05-12 00:12:52.866,10
V07679,2026-05-12 00:08:16.019,EVT-000154,pago_aprobado,2026-05-12 00:08:16,V07679,C0198,JV009,Switch,Yape,José,199.9,2,399.8,Nicanor Rueda Olivé,Platinum,Lince,0.94,True,2026-05-12 00:12:52.866,10
V12242,2026-05-12 00:08:16.120,EVT-000155,envio_preparado,2026-05-12 00:08:16,V12242,C0157,JV003,PS5,Efectivo,María,229.9,2,459.8,Natanael Reguera Tejero,Silver,Surco,0.19,False,2026-05-12 00:12:52.866,10
V41251,2026-05-12 00:08:16.221,EVT-000156,venta_completada,2026-05-12 00:08:16,V41251,C0378,JV016,PS5,Plin,José,289.9,2,579.8,Amador Bautista Gómez,Silver,Jesús María,0.85,True,2026-05-12 00:12:52.866,10
V45125,2026-05-12 00:08:16.321,EVT-000157,venta_confirmada,2026-05-12 00:08:16,V45125,C0151,JV003,PC,Tarjeta Crédito,Carlos,229.9,1,229.9,Haydée Tenorio Sala,Silver,Lince,0.87,True,2026-05-12 00:12:52.866,10
V09340,2026-05-12 00:08:16.422,EVT-000158,venta_creada,2026-05-12 00:08:16,V09340,C0488,JV012,PS5,Yape,Ana,189.9,1,189.9,Amado Mateos Clavero,Básico,La Molina,0.66,False,2026-05-12 00:12:52.866,10
V31848,2026-05-12 00:08:16.523,EVT-000159,venta_creada,2026-05-12 00:08:16,V31848,C0466,JV005,PS5,Tarjeta Débito,María,299.9,1,299.9,Amador Diéguez-Moreno,Silver,SJL,0.14,False,2026-05-12 00:12:52.866,10
V02474,2026-05-12 00:08:16.623,EVT-000160,venta_cancelada,2026-05-12 00:08:16,V02474,C0254,JV003,PS5,Tarjeta Débito,Luis,229.9,2,459.8,Isabel Amorós-Llorens,Básico,Callao,0.61,False,2026-05-12 00:12:52.866,10
V30027,2026-05-12 00:08:16.724,EVT-000161,venta_creada,2026-05-12 00:08:16,V30027,C0386,JV016,PS5,Tarjeta Crédito,María,289.9,3,869.7,Pascuala Barrena Priego,Silver,Comas,0.4,False,2026-05-12 00:12:52.866,10
V45859,2026-05-12 00:08:16.825,EVT-000162,envio_preparado,2026-05-12 00:08:16,V45859,C0437,JV017,PC,Plin,José,219.9,2,439.8,Timoteo Cazorla Palomino,Silver,SJL,0.72,False,2026-05-12 00:12:52.866,10
V07186,2026-05-12 00:08:16.925,EVT-000163,venta_creada,2026-05-12 00:08:16,V07186,C0380,JV019,Switch,Yape,Luis,249.9,1,249.9,Alberto Elorza Redondo,Gold,Surco,0.86,True,2026-05-12 00:12:52.866,10
V42785,2026-05-12 00:08:17.026,EVT-000164,pago_aprobado,2026-05-12 00:08:17,V42785,C0152,JV016,PS5,Plin,Luis,289.9,3,869.7,Diana de Iborra,Básico,SJL,0.89,True,2026-05-12 00:12:52.866,10
V46418,2026-05-12 00:08:17.126,EVT-000165,venta_confirmada,2026-05-12 00:08:17,V46418,C0100,JV002,PC,Tarjeta Crédito,José,249.9,1,249.9,Amado David Valencia Chaparro,Platinum,La Molina,0.05,False,2026-05-12 00:12:52.866,10
V20518,2026-05-12 00:08:17.227,EVT-000166,venta_confirmada,2026-05-12 00:08:17,V20518,C0355,JV018,Switch,Yape,Carlos,129.9,1,129.9,Marcelino Roda Vilalta,Silver,San Borja,0.61,False,2026-05-12 00:12:52.866,10
V01960,2026-05-12 00:08:17.328,EVT-000167,venta_confirmada,2026-05-12 00:08:17,V01960,C0354,JV010,Xbox,Efectivo,Carlos,229.9,2,459.8,Ligia del Pont,Platinum,Surco,0.2,False,2026-05-12 00:12:52.866,10
V49183,2026-05-12 00:08:17.429,EVT-000168,venta_confirmada,2026-05-12 00:08:17,V49183,C0348,JV020,PS5,Tarjeta Crédito,José,179.9,2,359.8,Raúl Isern-Manrique,Gold,Jesús María,0.69,False,2026-05-12 00:12:52.866,10
V17410,2026-05-12 00:08:17.529,EVT-000169,envio_preparado,2026-05-12 00:08:17,V17410,C0287,JV017,Xbox,Tarjeta Débito,Luis,219.9,1,219.9,Cristina Llopis Tena,Gold,Los Olivos,0.34,False,2026-05-12 00:12:52.866,10
V28050,2026-05-12 00:08:17.630,EVT-000170,venta_confirmada,2026-05-12 00:08:17,V28050,C0380,JV006,PC,Efectivo,Luis,219.9,1,219.9,Alberto Elorza Redondo,Gold,Surco,0.19,False,2026-05-12 00:12:52.866,10
V48042,2026-05-12 00:08:17.730,EVT-000171,venta_creada,2026-05-12 00:08:17,V48042,C0138,JV001,PS5,Plin,Carlos,299.9,1,299.9,Abraham de Angulo,Silver,San Borja,0.1,False,2026-05-12 00:12:52.866,10
V29640,2026-05-12 00:08:17.831,EVT-000172,venta_creada,2026-05-12 00:08:17,V29640,C0456,JV002,PC,Yape,Luis,249.9,1,249.9,Abraham Martín Ariza,Gold,Surco,0.41,False,2026-05-12 00:12:52.866,10
V10460,2026-05-12 00:08:17.932,EVT-000173,venta_creada,2026-05-12 00:08:17,V10460,C0199,JV011,PC,Plin,José,219.9,1,219.9,Marcelino Toro-Arribas,Silver,Lince,0.47,False,2026-05-12 00:12:52.866,10
V34760,2026-05-12 00:08:18.033,EVT-000174,pago_aprobado,2026-05-12 00:08:18,V34760,C0078,JV010,PS5,Efectivo,Ana,229.9,3,689.7,Blas Sancho Gonzalo,Silver,San Borja,0.68,False,2026-05-12 00:12:52.866,10
V31719,2026-05-12 00:08:18.134,EVT-000175,venta_confirmada,2026-05-12 00:08:18,V31719,C0271,JV006,PS5,Tarjeta Crédito,Carlos,219.9,1,219.9,Ariel Ribera-Castell,Platinum,SJL,0.06,False,2026-05-12 00:12:52.866,10
V35344,2026-05-12 00:08:18.234,EVT-000176,venta_confirmada,2026-05-12 00:08:18,V35344,C0494,JV017,Xbox,Yape,José,219.9,1,219.9,Isabel Falcón Godoy,Platinum,Los Olivos,0.28,False,2026-05-12 00:12:52.866,10
V13083,2026-05-12 00:08:18.335,EVT-000177,venta_creada,2026-05-12 00:08:18,V13083,C0190,JV008,PS5,Yape,Ana,239.9,1,239.9,Dolores de Querol,Gold,Miraflores,0.47,False,2026-05-12 00:12:52.866,10
V29012,2026-05-12 00:08:18.436,EVT-000178,pago_aprobado,2026-05-12 00:08:18,V29012,C0034,JV012,Xbox,Efectivo,María,189.9,2,379.8,Lupe Soler,Básico,San Isidro,0.69,False,2026-05-12 00:12:52.866,10
V23353,2026-05-12 00:08:18.537,EVT-000179,venta_creada,2026-05-12 00:08:18,V23353,C0196,JV005,PS5,Tarjeta Débito,Carlos,299.9,2,599.8,Lisandro Amorós Garrido,Gold,SJL,0.04,False,2026-05-12 00:12:52.866,10
V32568,2026-05-12 00:08:18.637,EVT-000180,venta_confirmada,2026-05-12 00:08:18,V32568,C0274,JV012,PS4,Tarjeta Crédito,José,189.9,2,379.8,Manu Royo Blanca,Básico,Callao,0.79,True,2026-05-12 00:12:52.866,10
V26576,2026-05-12 00:08:18.738,EVT-000181,envio_preparado,2026-05-12 00:08:18,V26576,C0385,JV002,PS5,Tarjeta Débito,Ana,249.9,2,499.8,Tania Amaya,Básico,Breña,0.52,False,2026-05-12 00:12:52.866,10
V00190,2026-05-12 00:08:18.838,EVT-000182,venta_creada,2026-05-12 00:08:18,V00190,C0384,JV015,Xbox,Tarjeta Débito,Ana,239.9,1,239.9,Gracia de Parejo,Silver,Surco,0.4,False,2026-05-12 00:12:52.866,10
V16397,2026-05-12 00:08:18.939,EVT-000183,envio_preparado,2026-05-12 00:08:18,V16397,C0155,JV004,Switch,Tarjeta Crédito,Ana,279.9,1,279.9,Paz Manrique Castro,Platinum,Jesús María,0.83,True,2026-05-12 00:12:52.866,10
V07130,2026-05-12 00:08:19.040,EVT-000184,venta_confirmada,2026-05-12 00:08:19,V07130,C0137,JV020,PS5,Tarjeta Débito,José,179.9,2,359.8,Cruz Orozco Nogués,Platinum,Callao,0.1,False,2026-05-12 00:12:52.866,10
V05013,2026-05-12 00:08:19.141,EVT-000185,venta_confirmada,2026-05-12 00:08:19,V05013,C0454,JV012,Switch,Yape,Ana,189.9,1,189.9,Coral Múñiz Bellido,Silver,Surco,0.5,False,2026-05-12 00:12:52.866,10
V19703,2026-05-12 00:08:19.241,EVT-000186,envio_preparado,2026-05-12 00:08:19,V19703,C0012,JV017,PC,Plin,José,219.9,1,219.9,Juan Antonio Beltran Andrade,Silver,Miraflores,0.41,False,2026-05-12 00:12:52.866,10
V13297,2026-05-12 00:08:19.343,EVT-000187,pago_aprobado,2026-05-12 00:08:19,V13297,C0286,JV016,PS5,Yape,José,289.9,2,579.8,Isidoro Villalba Morera,Platinum,San Isidro,0.43,False,2026-05-12 00:12:52.866,10
V42130,2026-05-12 00:08:19.444,EVT-000188,venta_creada,2026-05-12 00:08:19,V42130,C0185,JV015,Xbox,Tarjeta Crédito,Carlos,239.9,1,239.9,Marcos Manrique Badía,Gold,Jesús María,0.74,False,2026-05-12 00:12:52.866,10
V37133,2026-05-12 00:08:19.550,EVT-000189,pago_aprobado,2026-05-12 00:08:19,V37133,C0466,JV005,PS5,Tarjeta Débito,María,299.9,3,899.7,Amador Diéguez-Moreno,Silver,SJL,0.74,False,2026-05-12 00:12:52.866,10
V45140,2026-05-12 00:08:19.651,EVT-000190,envio_preparado,2026-05-12 00:08:19,V45140,C0047,JV017,PS5,Efectivo,María,219.9,1,219.9,Rufina Caridad Vélez Nuñez,Básico,SJL,0.62,False,2026-05-12 00:12:52.866,10
V27327,2026-05-12 00:08:19.752,EVT-000191,venta_completada,2026-05-12 00:08:19,V27327,C0155,JV007,PS5,Tarjeta Crédito,Ana,249.9,1,249.9,Paz Manrique Castro,Platinum,Jesús María,0.29,False,2026-05-12 00:12:52.866,10
V10019,2026-05-12 00:08:19.852,EVT-000192,venta_completada,2026-05-12 00:08:19,V10019,C0236,JV001,PS5,Efectivo,María,299.9,1,299.9,Clotilde Vidal Coronado,Gold,San Isidro,0.38,False,2026-05-12 00:12:52.866,10
V02481,2026-05-12 00:08:19.953,EVT-000193,envio_preparado,2026-05-12 00:08:19,V02481,C0066,JV002,PS5,Efectivo,Carlos,249.9,2,499.8,Eugenio Gimenez Bolaños,Básico,San Borja,0.11,False,2026-05-12 00:12:52.866,10
V27148,2026-05-12 00:08:20.054,EVT-000194,venta_cancelada,2026-05-12 00:08:20,V27148,C0403,JV013,PS5,Tarjeta Débito,Luis,269.9,1,269.9,Encarnación Zapata Gimenez,Gold,Callao,0.74,False,2026-05-12 00:12:52.866,10
V06090,2026-05-12 00:08:20.155,EVT-000195,envio_preparado,2026-05-12 00:08:20,V06090,C0340,JV014,PS5,Tarjeta Crédito,Ana,259.9,2,519.8,Adelaida Ugarte,Platinum,Pueblo Libre,0.65,False,2026-05-12 00:12:52.866,10
V31802,2026-05-12 00:08:20.255,EVT-000196,venta_cancelada,2026-05-12 00:08:20,V31802,C0286,JV020,PS5,Tarjeta Crédito,José,179.9,1,179.9,Isidoro Villalba Morera,Platinum,San Isidro,0.28,False,2026-05-12 00:12:52.866,10
V40143,2026-05-12 00:08:20.356,EVT-000197,envio_preparado,2026-05-12 00:08:20,V40143,C0015,JV001,PS5,Plin,Ana,299.9,2,599.8,Toño Roda Carranza,Gold,Jesús María,0.64,False,2026-05-12 00:12:52.866,10
V07164,2026-05-12 00:08:20.484,EVT-000198,venta_confirmada,2026-05-12 00:08:20,V07164,C0198,JV015,PS5,Efectivo,María,239.9,1,239.9,Nicanor Rueda Olivé,Platinum,Lince,0.49,False,2026-05-12 00:12:52.866,10
V06564,2026-05-12 00:08:20.585,EVT-000199,venta_confirmada,2026-05-12 00:08:20,V06564,C0112,JV011,PS5,Tarjeta Crédito,María,219.9,2,439.8,Soledad Serra Carvajal,Platinum,Comas,0.31,False,2026-05-12 00:12:52.866,10
V11236,2026-05-12 00:08:20.686,EVT-000200,venta_creada,2026-05-12 00:08:20,V11236,C0452,JV001,PS5,Plin,Carlos,299.9,2,599.8,Noemí Luque Roig,Platinum,Callao,0.64,False,2026-05-12 00:12:52.866,10
V22663,2026-05-12 00:08:20.793,EVT-000201,venta_confirmada,2026-05-12 00:08:20,V22663,C0167,JV012,PS4,Tarjeta Crédito,Ana,189.9,3,569.7,Florencio Gilabert,Platinum,Surco,0.59,False,2026-05-12 00:12:52.866,10
V22524,2026-05-12 00:08:20.894,EVT-000202,venta_cancelada,2026-05-12 00:08:20,V22524,C0076,JV001,PS5,Tarjeta Crédito,Ana,299.9,3,899.7,Antonia Coloma Peral,Platinum,Comas,0.69,False,2026-05-12 00:12:52.866,10
V05238,2026-05-12 00:08:20.995,EVT-000203,venta_creada,2026-05-12 00:08:20,V05238,C0436,JV008,PS5,Tarjeta Crédito,José,239.9,3,719.7,Eva María Cases Vaquero,Gold,Breña,0.28,False,2026-05-12 00:12:52.866,10
V41205,2026-05-12 00:08:21.096,EVT-000204,pago_aprobado,2026-05-12 00:08:21,V41205,C0339,JV011,PS5,Tarjeta Crédito,Ana,219.9,1,219.9,Nicodemo del Ramírez,Platinum,Callao,0.75,True,2026-05-12 00:12:52.866,10
V39752,2026-05-12 00:08:21.196,EVT-000205,venta_creada,2026-05-12 00:08:21,V39752,C0056,JV007,PS5,Efectivo,María,249.9,2,499.8,Vicenta Guillén,Platinum,Comas,0.46,False,2026-05-12 00:12:52.866,10
V47182,2026-05-12 00:08:21.297,EVT-000206,venta_creada,2026-05-12 00:08:21,V47182,C0438,JV014,Xbox,Yape,Carlos,259.9,1,259.9,Maximino Isern,Platinum,SJL,0.21,False,2026-05-12 00:12:52.866,10
V17729,2026-05-12 00:08:21.398,EVT-000207,venta_creada,2026-05-12 00:08:21,V17729,C0106,JV008,Switch,Yape,María,239.9,1,239.9,Asunción Bolaños Ramos,Silver,San Miguel,0.28,False,2026-05-12 00:12:52.866,10
V21336,2026-05-12 00:08:21.499,EVT-000208,venta_completada,2026-05-12 00:08:21,V21336,C0389,JV018,Xbox,Yape,Ana,129.9,1,129.9,Camilo Báez,Básico,Callao,0.58,False,2026-05-12 00:12:52.866,10
V02660,2026-05-12 00:08:21.599,EVT-000209,envio_preparado,2026-05-12 00:08:21,V02660,C0438,JV018,Switch,Yape,Luis,129.9,3,389.7,Maximino Isern,Platinum,SJL,0.82,True,2026-05-12 00:12:52.866,10
V38958,2026-05-12 00:08:21.700,EVT-000210,venta_confirmada,2026-05-12 00:08:21,V38958,C0364,JV020,PS5,Efectivo,Luis,179.9,1,179.9,Tristán Navas Valcárcel,Platinum,Comas,0.64,False,2026-05-12 00:12:52.866,10
V24060,2026-05-12 00:08:21.801,EVT-000211,pago_aprobado,2026-05-12 00:08:21,V24060,C0116,JV017,PS5,Tarjeta Crédito,José,219.9,1,219.9,Julio César Cosme Tudela Blanca,Platinum,Los Olivos,0.64,False,2026-05-12 00:12:52.866,10
V13887,2026-05-12 00:08:21.902,EVT-000212,pago_aprobado,2026-05-12 00:08:21,V13887,C0463,JV014,PC,Tarjeta Crédito,José,259.9,3,779.7,Miguel Ángel Rincón Lastra,Silver,Pueblo Libre,0.21,False,2026-05-12 00:12:52.866,10
V37196,2026-05-12 00:08:22.002,EVT-000213,venta_confirmada,2026-05-12 00:08:22,V37196,C0071,JV013,PS4,Tarjeta Crédito,Luis,269.9,1,269.9,Augusto Villalonga Merino,Silver,Surco,0.74,False,2026-05-12 00:12:52.866,10
V11169,2026-05-12 00:08:22.103,EVT-000214,pago_aprobado,2026-05-12 00:08:22,V11169,C0324,JV005,PS5,Tarjeta Débito,Ana,299.9,3,899.7,Aura España Ballester,Platinum,Jesús María,0.58,False,2026-05-12 00:12:52.866,10
V12515,2026-05-12 00:08:22.204,EVT-000215,pago_aprobado,2026-05-12 00:08:22,V12515,C0035,JV020,PS5,Efectivo,José,179.9,2,359.8,Adán de Álvarez,Silver,Surquillo,0.36,False,2026-05-12 00:12:52.866,10
V31295,2026-05-12 00:08:22.305,EVT-000216,pago_aprobado,2026-05-12 00:08:22,V31295,C0164,JV011,PS5,Tarjeta Crédito,Ana,219.9,1,219.9,Moreno Plaza Cabo,Platinum,La Molina,0.84,True,2026-05-12 00:12:52.866,10
V05784,2026-05-12 00:08:22.406,EVT-000217,venta_creada,2026-05-12 00:08:22,V05784,C0032,JV011,PS5,Plin,Ana,219.9,2,439.8,Armando Cerro Robles,Básico,Jesús María,0.39,False,2026-05-12 00:12:52.866,10
V33875,2026-05-12 00:08:22.507,EVT-000218,venta_completada,2026-05-12 00:08:22,V33875,C0404,JV020,PC,Tarjeta Débito,José,179.9,3,539.7,Juan Bautista del Codina,Básico,San Borja,0.95,True,2026-05-12 00:12:52.866,10
V18117,2026-05-12 00:08:22.608,EVT-000219,venta_confirmada,2026-05-12 00:08:22,V18117,C0359,JV014,Xbox,Tarjeta Débito,María,259.9,1,259.9,Fortunata Pazos-Salas,Platinum,Miraflores,0.5,False,2026-05-12 00:12:52.866,10
V44769,2026-05-12 00:08:22.711,EVT-000220,venta_creada,2026-05-12 00:08:22,V44769,C0395,JV019,Switch,Tarjeta Crédito,Ana,249.9,1,249.9,Lola Torrent Pulido,Platinum,Comas,0.94,True,2026-05-12 00:12:52.866,10
V14828,2026-05-12 00:08:22.813,EVT-000221,venta_creada,2026-05-12 00:08:22,V14828,C0161,JV013,PS5,Yape,Luis,269.9,1,269.9,Blas de Iglesias,Gold,Miraflores,0.16,False,2026-05-12 00:12:52.866,10
V42907,2026-05-12 00:08:22.913,EVT-000222,venta_creada,2026-05-12 00:08:22,V42907,C0343,JV003,PS5,Tarjeta Débito,José,229.9,1,229.9,Raúl Bernardo Carrasco Lucena,Gold,Surquillo,0.42,False,2026-05-12 00:12:52.866,10
V45040,2026-05-12 00:08:23.087,EVT-000223,venta_confirmada,2026-05-12 00:08:23,V45040,C0391,JV012,PS4,Yape,Luis,189.9,1,189.9,Constanza Aramburu Arellano,Silver,San Isidro,0.78,True,2026-05-12 00:12:52.866,10
V42800,2026-05-12 00:08:23.239,EVT-000224,venta_completada,2026-05-12 00:08:23,V42800,C0452,JV020,PS5,Tarjeta Crédito,Carlos,179.9,1,179.9,Noemí Luque Roig,Platinum,Callao,0.94,True,2026-05-12 00:12:52.866,10
V04687,2026-05-12 00:08:23.340,EVT-000225,venta_cancelada,2026-05-12 00:08:23,V04687,C0086,JV001,PS5,Tarjeta Débito,Ana,299.9,3,899.7,Chucho Muro Pedrosa,Silver,Jesús María,0.62,False,2026-05-12 00:12:52.866,10
V37865,2026-05-12 00:08:23.440,EVT-000226,envio_preparado,2026-05-12 00:08:23,V37865,C0409,JV014,Switch,Tarjeta Crédito,Carlos,259.9,2,519.8,Vilma Arnal Sanmiguel,Gold,La Molina,0.69,False,2026-05-12 00:12:52.866,10
V29699,2026-05-12 00:08:23.541,EVT-000227,envio_preparado,2026-05-12 00:08:23,V29699,C0150,JV003,PS5,Yape,Ana,229.9,2,459.8,Isaac Marquez,Silver,San Isidro,0.62,False,2026-05-12 00:12:52.866,10
V20448,2026-05-12 00:08:23.642,EVT-000228,venta_creada,2026-05-12 00:08:23,V20448,C0197,JV004,Switch,Yape,José,279.9,1,279.9,Alma Marco Ochoa,Platinum,Surquillo,0.83,True,2026-05-12 00:12:52.866,10
V35211,2026-05-12 00:08:23.860,EVT-000229,venta_creada,2026-05-12 00:08:23,V35211,C0146,JV001,PS5,Tarjeta Crédito,María,299.9,1,299.9,Flavia Gallo Roda,Platinum,Pueblo Libre,0.54,False,2026-05-12 00:12:52.866,10
V37032,2026-05-12 00:08:23.996,EVT-000230,venta_confirmada,2026-05-12 00:08:23,V37032,C0071,JV016,PS5,Yape,María,289.9,3,869.7,Augusto Villalonga Merino,Silver,Surco,0.4,False,2026-05-12 00:12:52.866,10
V00461,2026-05-12 00:08:24.133,EVT-000231,envio_preparado,2026-05-12 00:08:24,V00461,C0038,JV014,Switch,Tarjeta Débito,Ana,259.9,3,779.7,Jovita Amor,Gold,Callao,0.36,False,2026-05-12 00:12:52.866,10
V47998,2026-05-12 00:08:24.241,EVT-000232,venta_completada,2026-05-12 00:08:24,V47998,C0496,JV006,Xbox,Plin,Ana,219.9,2,439.8,Nazaret Escalona Galán,Platinum,Callao,0.47,False,2026-05-12 00:12:52.866,10
V16507,2026-05-12 00:08:24.369,EVT-000233,venta_creada,2026-05-12 00:08:24,V16507,C0168,JV006,Switch,Plin,María,219.9,3,659.7,Ildefonso Carretero-Caro,Platinum,Breña,0.35,False,2026-05-12 00:12:52.866,10
V27348,2026-05-12 00:08:24.470,EVT-000234,venta_confirmada,2026-05-12 00:08:24,V27348,C0068,JV007,PC,Efectivo,José,249.9,1,249.9,Gregorio Álvaro Llobet,Silver,San Miguel,0.91,True,2026-05-12 00:12:52.866,10
V08513,2026-05-12 00:08:24.624,EVT-000235,venta_creada,2026-05-12 00:08:24,V08513,C0430,JV002,PS5,Tarjeta Crédito,María,249.9,1,249.9,Pío Lloret Castellanos,Básico,Lince,0.74,False,2026-05-12 00:12:52.866,10
V40384,2026-05-12 00:08:24.747,EVT-000236,venta_completada,2026-05-12 00:08:24,V40384,C0206,JV007,PC,Tarjeta Débito,José,249.9,1,249.9,María Carmen Figueras Pomares,Platinum,Surquillo,0.54,False,2026-05-12 00:12:52.866,10
V32741,2026-05-12 00:08:24.848,EVT-000237,venta_confirmada,2026-05-12 00:08:24,V32741,C0027,JV007,PS5,Plin,José,249.9,1,249.9,Manolo Diaz,Gold,Callao,0.68,False,2026-05-12 00:12:52.866,10
V08195,2026-05-12 00:08:25.007,EVT-000238,venta_confirmada,2026-05-12 00:08:25,V08195,C0096,JV005,PS5,Tarjeta Crédito,José,299.9,1,299.9,Noelia Valencia Borja,Gold,Comas,0.49,False,2026-05-12 00:12:52.866,10
V17405,2026-05-12 00:08:25.108,EVT-000239,venta_cancelada,2026-05-12 00:08:25,V17405,C0198,JV012,Xbox,Efectivo,María,189.9,2,379.8,Nicanor Rueda Olivé,Platinum,Lince,0.49,False,2026-05-12 00:12:52.866,10
V26232,2026-05-12 00:08:25.267,EVT-000240,venta_completada,2026-05-12 00:08:25,V26232,C0064,JV003,PS5,Efectivo,Ana,229.9,1,229.9,Calixto Torrent,Gold,Breña,0.2,False,2026-05-12 00:12:52.866,10
V36891,2026-05-12 00:08:25.392,EVT-000241,venta_confirmada,2026-05-12 00:08:25,V36891,C0079,JV020,PS5,Tarjeta Débito,José,179.9,3,539.7,Lucía Iglesias-Casares,Gold,Miraflores,0.26,False,2026-05-12 00:12:52.866,10
V43562,2026-05-12 00:08:25.535,EVT-000242,venta_completada,2026-05-12 00:08:25,V43562,C0243,JV015,Xbox,Yape,Ana,239.9,2,479.8,Edelmiro Espada Vara,Gold,SJL,0.63,False,2026-05-12 00:12:52.866,10
V10702,2026-05-12 00:08:25.726,EVT-000243,envio_preparado,2026-05-12 00:08:25,V10702,C0292,JV013,PS5,Efectivo,José,269.9,1,269.9,Lucas Mayoral Alonso,Platinum,Surco,0.1,False,2026-05-12 00:12:52.866,10
V39978,2026-05-12 00:08:25.826,EVT-000244,venta_confirmada,2026-05-12 00:08:25,V39978,C0343,JV008,PC,Yape,María,239.9,1,239.9,Raúl Bernardo Carrasco Lucena,Gold,Surquillo,0.71,False,2026-05-12 00:12:52.866,10
V34685,2026-05-12 00:08:25.932,EVT-000245,envio_preparado,2026-05-12 00:08:25,V34685,C0332,JV007,PS5,Plin,Carlos,249.9,1,249.9,Pablo Guillén Aguilar,Básico,Los Olivos,0.12,False,2026-05-12 00:12:52.866,10
V28968,2026-05-12 00:08:26.034,EVT-000246,venta_confirmada,2026-05-12 00:08:26,V28968,C0378,JV010,PS5,Plin,José,229.9,3,689.7,Amador Bautista Gómez,Silver,Jesús María,0.39,False,2026-05-12 00:12:52.866,10
V23879,2026-05-12 00:08:26.134,EVT-000247,envio_preparado,2026-05-12 00:08:26,V23879,C0390,JV017,PS5,Tarjeta Crédito,Carlos,219.9,1,219.9,Ruth Gelabert Hidalgo,Silver,Surquillo,0.42,False,2026-05-12 00:12:52.866,10
V00048,2026-05-12 00:08:26.286,EVT-000248,venta_completada,2026-05-12 00:08:26,V00048,C0127,JV013,PS5,Tarjeta Débito,Carlos,269.9,1,269.9,Ovidio del Corbacho,Gold,La Molina,0.81,True,2026-05-12 00:12:52.866,10
V02169,2026-05-12 00:08:26.386,EVT-000249,pago_aprobado,2026-05-12 00:08:26,V02169,C0312,JV015,PS5,Tarjeta Débito,Ana,239.9,1,239.9,Belén Ferrándiz-Fuster,Básico,Los Olivos,0.83,True,2026-05-12 00:12:52.866,10
V41553,2026-05-12 00:08:26.487,EVT-000250,venta_creada,2026-05-12 00:08:26,V41553,C0280,JV016,PS5,Tarjeta Crédito,Carlos,289.9,1,289.9,Juana Tello Montenegro,Gold,Surquillo,0.32,False,2026-05-12 00:12:52.866,10
V43069,2026-05-12 00:08:26.701,EVT-000251,venta_creada,2026-05-12 00:08:26,V43069,C0348,JV003,PS5,Tarjeta Crédito,Luis,229.9,1,229.9,Raúl Isern-Manrique,Gold,Jesús María,0.46,False,2026-05-12 00:12:52.866,10
V27465,2026-05-12 00:08:26.821,EVT-000252,venta_creada,2026-05-12 00:08:26,V27465,C0382,JV011,PC,Plin,José,219.9,2,439.8,Amalia del Blanes,Básico,Jesús María,0.51,False,2026-05-12 00:12:52.866,10
V11027,2026-05-12 00:08:27.019,EVT-000253,venta_creada,2026-05-12 00:08:27,V11027,C0062,JV006,Switch,Tarjeta Crédito,José,219.9,3,659.7,Héctor Correa Varela,Gold,Surco,0.68,False,2026-05-12 00:12:52.866,10
V49419,2026-05-12 00:08:27.156,EVT-000254,pago_aprobado,2026-05-12 00:08:27,V49419,C0416,JV009,Switch,Tarjeta Débito,José,199.9,3,599.7,Cruz Quero Uriarte,Básico,San Isidro,0.71,False,2026-05-12 00:12:52.866,10
V21228,2026-05-12 00:08:27.295,EVT-000255,envio_preparado,2026-05-12 00:08:27,V21228,C0103,JV015,PS5,Plin,María,239.9,2,479.8,Bernardita Quesada Arellano,Silver,Surquillo,0.88,True,2026-05-12 00:12:52.866,10
V07969,2026-05-12 00:08:27.421,EVT-000256,pago_aprobado,2026-05-12 00:08:27,V07969,C0049,JV010,PC,Efectivo,José,229.9,2,459.8,Heliodoro Nazaret Bayo Fernández,Platinum,San Isidro,0.9,True,2026-05-12 00:12:52.866,10
V10779,2026-05-12 00:08:27.558,EVT-000257,pago_aprobado,2026-05-12 00:08:27,V10779,C0131,JV015,PS5,Efectivo,Luis,239.9,3,719.7,Javiera Fuentes Vall,Básico,Callao,0.55,False,2026-05-12 00:12:52.866,10
V22537,2026-05-12 00:08:27.715,EVT-000258,venta_completada,2026-05-12 00:08:27,V22537,C0255,JV008,Switch,Tarjeta Crédito,Ana,239.9,1,239.9,Albert Beltran Maza,Silver,San Isidro,0.11,False,2026-05-12 00:12:52.866,10
V40142,2026-05-12 00:08:27.816,EVT-000259,venta_creada,2026-05-12 00:08:27,V40142,C0366,JV011,PS5,Plin,Carlos,219.9,1,219.9,Isidoro Ribas Lobo,Platinum,San Miguel,0.78,True,2026-05-12 00:12:52.866,10
V40454,2026-05-12 00:08:27.917,EVT-000260,venta_confirmada,2026-05-12 00:08:27,V40454,C0456,JV013,PS5,Efectivo,Luis,269.9,3,809.7,Abraham Martín Ariza,Gold,Surco,0.88,True,2026-05-12 00:12:52.866,10
V08927,2026-05-12 00:08:28.031,EVT-000261,venta_cancelada,2026-05-12 00:08:28,V08927,C0124,JV010,Xbox,Plin,Ana,229.9,1,229.9,Luis Ángel Jordán Rueda,Básico,San Miguel,0.43,False,2026-05-12 00:12:52.866,10
V43202,2026-05-12 00:08:28.132,EVT-000262,envio_preparado,2026-05-12 00:08:28,V43202,C0412,JV008,Switch,Tarjeta Débito,José,239.9,1,239.9,David Ruperto Gual Aguilar,Platinum,Breña,0.05,False,2026-05-12 00:12:52.866,10
V05995,2026-05-12 00:08:28.233,EVT-000263,venta_creada,2026-05-12 00:08:28,V05995,C0268,JV016,PS5,Plin,Ana,289.9,1,289.9,Ruben Ayala,Gold,Los Olivos,0.76,True,2026-05-12 00:12:52.866,10
V02450,2026-05-12 00:08:28.334,EVT-000264,venta_completada,2026-05-12 00:08:28,V02450,C0269,JV011,PS5,Efectivo,Luis,219.9,1,219.9,Dolores Casado Anaya,Platinum,Lince,0.36,False,2026-05-12 00:12:52.866,10
V43331,2026-05-12 00:08:28.435,EVT-000265,venta_confirmada,2026-05-12 00:08:28,V43331,C0463,JV005,PS5,Tarjeta Débito,Ana,299.9,2,599.8,Miguel Ángel Rincón Lastra,Silver,Pueblo Libre,0.64,False,2026-05-12 00:12:52.866,10
V00168,2026-05-12 00:08:28.535,EVT-000266,venta_completada,2026-05-12 00:08:28,V00168,C0174,JV003,PC,Tarjeta Crédito,Carlos,229.9,1,229.9,Alba Casado Luna,Gold,Callao,0.94,True,2026-05-12 00:12:52.866,10
V28864,2026-05-12 00:08:28.640,EVT-000267,venta_completada,2026-05-12 00:08:28,V28864,C0411,JV018,Switch,Plin,Carlos,129.9,3,389.7,Guiomar Campillo Reig,Básico,Surco,0.58,False,2026-05-12 00:12:52.866,10
V38722,2026-05-12 00:08:28.741,EVT-000268,envio_preparado,2026-05-12 00:08:28,V38722,C0308,JV014,PC,Yape,Ana,259.9,1,259.9,Albano Tomás Aragonés,Silver,Jesús María,0.26,False,2026-05-12 00:12:52.866,10
V27354,2026-05-12 00:08:28.843,EVT-000269,venta_creada,2026-05-12 00:08:28,V27354,C0331,JV018,Switch,Tarjeta Débito,Ana,129.9,2,259.8,Vanesa Robledo Santamaria,Platinum,San Isidro,0.29,False,2026-05-12 00:12:52.866,10
V36811,2026-05-12 00:08:28.944,EVT-000270,venta_completada,2026-05-12 00:08:28,V36811,C0153,JV017,Xbox,Tarjeta Crédito,Luis,219.9,3,659.7,Galo Riquelme Canals,Silver,San Isidro,0.47,False,2026-05-12 00:12:52.866,10
V37195,2026-05-12 00:08:29.046,EVT-000271,venta_completada,2026-05-12 00:08:29,V37195,C0114,JV019,Switch,Plin,María,249.9,2,499.8,Pilar Quevedo Moliner,Básico,La Molina,0.57,False,2026-05-12 00:12:52.866,10
V16282,2026-05-12 00:08:29.146,EVT-000272,venta_confirmada,2026-05-12 00:08:29,V16282,C0435,JV009,Switch,Efectivo,Ana,199.9,3,599.7,Florentina Nevado-Ayllón,Gold,Surquillo,0.62,False,2026-05-12 00:12:52.866,10
V05383,2026-05-12 00:08:29.247,EVT-000273,venta_creada,2026-05-12 00:08:29,V05383,C0209,JV018,PC,Tarjeta Crédito,Luis,129.9,2,259.8,Jennifer Izaguirre,Platinum,Surquillo,0.88,True,2026-05-12 00:12:52.866,10
V34836,2026-05-12 00:08:29.348,EVT-000274,venta_confirmada,2026-05-12 00:08:29,V34836,C0015,JV015,Xbox,Tarjeta Débito,José,239.9,1,239.9,Toño Roda Carranza,Gold,Jesús María,0.69,False,2026-05-12 00:12:52.866,10
V49121,2026-05-12 00:08:29.449,EVT-000275,venta_confirmada,2026-05-12 00:08:29,V49121,C0186,JV009,Switch,Efectivo,José,199.9,1,199.9,María Carmen Palomo Llanos,Gold,Surquillo,0.52,False,2026-05-12 00:12:52.866,10
V26096,2026-05-12 00:08:29.549,EVT-000276,venta_creada,2026-05-12 00:08:29,V26096,C0341,JV016,PS5,Tarjeta Débito,María,289.9,1,289.9,Cirino Pinto-Carvajal,Silver,Pueblo Libre,0.87,True,2026-05-12 00:12:52.866,10
V47341,2026-05-12 00:08:29.651,EVT-000277,envio_preparado,2026-05-12 00:08:29,V47341,C0326,JV020,PS5,Tarjeta Crédito,María,179.9,1,179.9,Octavia Rosales-Borrego,Silver,San Borja,0.71,False,2026-05-12 00:12:52.866,10
V38251,2026-05-12 00:08:29.752,EVT-000278,envio_preparado,2026-05-12 00:08:29,V38251,C0487,JV002,PS5,Plin,Carlos,249.9,1,249.9,Jose Angel Bonilla Ruano,Gold,SJL,0.42,False,2026-05-12 00:12:52.866,10
V17517,2026-05-12 00:08:29.855,EVT-000279,venta_creada,2026-05-12 00:08:29,V17517,C0109,JV008,PC,Tarjeta Débito,José,239.9,1,239.9,Ruperto Manjón,Silver,SJL,0.38,False,2026-05-12 00:12:52.866,10
V10210,2026-05-12 00:08:29.956,EVT-000280,pago_aprobado,2026-05-12 00:08:29,V10210,C0162,JV020,PC,Tarjeta Crédito,María,179.9,2,359.8,Iván Rovira-Angulo,Básico,Surco,0.48,False,2026-05-12 00:12:52.866,10
V44703,2026-05-12 00:08:30.057,EVT-000281,venta_completada,2026-05-12 00:08:30,V44703,C0426,JV008,Switch,Efectivo,María,239.9,1,239.9,Eusebio Bruno Cortina Seguí,Básico,Lince,0.87,True,2026-05-12 00:12:52.866,10
V33090,2026-05-12 00:08:30.158,EVT-000282,pago_aprobado,2026-05-12 00:08:30,V33090,C0482,JV010,PC,Efectivo,Carlos,229.9,2,459.8,Pancho Bonilla Calderon,Silver,Surquillo,0.57,False,2026-05-12 00:12:52.866,10
V31892,2026-05-12 00:08:30.258,EVT-000283,envio_preparado,2026-05-12 00:08:30,V31892,C0389,JV014,Switch,Efectivo,José,259.9,1,259.9,Camilo Báez,Básico,Callao,0.71,False,2026-05-12 00:12:52.866,10
V23673,2026-05-12 00:08:30.360,EVT-000284,venta_cancelada,2026-05-12 00:08:30,V23673,C0009,JV018,Switch,Yape,María,129.9,2,259.8,Itziar Arranz Muñoz,Básico,La Molina,0.88,True,2026-05-12 00:12:52.866,10
V21842,2026-05-12 00:08:30.462,EVT-000285,pago_aprobado,2026-05-12 00:08:30,V21842,C0174,JV010,PS5,Yape,Carlos,229.9,1,229.9,Alba Casado Luna,Gold,Callao,0.61,False,2026-05-12 00:12:52.866,10
V05822,2026-05-12 00:08:30.563,EVT-000286,pago_aprobado,2026-05-12 00:08:30,V05822,C0468,JV005,PS5,Yape,José,299.9,2,599.8,Florentina Riquelme-Cornejo,Gold,Miraflores,0.72,False,2026-05-12 00:12:52.866,10
V02714,2026-05-12 00:08:30.664,EVT-000287,venta_confirmada,2026-05-12 00:08:30,V02714,C0293,JV008,Xbox,Tarjeta Débito,José,239.9,2,479.8,Godofredo Fermín Santamaria Aguado,Platinum,Callao,0.27,False,2026-05-12 00:12:52.866,10
V19024,2026-05-12 00:08:30.767,EVT-000288,pago_aprobado,2026-05-12 00:08:30,V19024,C0138,JV013,PS5,Tarjeta Crédito,Luis,269.9,2,539.8,Abraham de Angulo,Silver,San Borja,0.84,True,2026-05-12 00:12:52.866,10
V05305,2026-05-12 00:08:30.871,EVT-000289,venta_completada,2026-05-12 00:08:30,V05305,C0274,JV018,Switch,Tarjeta Crédito,Carlos,129.9,1,129.9,Manu Royo Blanca,Básico,Callao,0.07,False,2026-05-12 00:12:52.866,10
V16788,2026-05-12 00:08:30.971,EVT-000290,pago_aprobado,2026-05-12 00:08:30,V16788,C0119,JV008,PS5,Tarjeta Crédito,José,239.9,2,479.8,Sabas Rodriguez-Llopis,Básico,Breña,0.84,True,2026-05-12 00:12:52.866,10
V16446,2026-05-12 00:08:31.073,EVT-000291,envio_preparado,2026-05-12 00:08:31,V16446,C0465,JV017,PS5,Yape,Carlos,219.9,1,219.9,Leticia Tapia Mir,Platinum,SJL,0.43,False,2026-05-12 00:12:52.866,10
V15580,2026-05-12 00:08:31.175,EVT-000292,venta_confirmada,2026-05-12 00:08:31,V15580,C0238,JV016,PS5,Plin,María,289.9,1,289.9,Albina Lorenzo,Platinum,Pueblo Libre,0.41,False,2026-05-12 00:12:52.866,10
V19273,2026-05-12 00:08:31.277,EVT-000293,venta_confirmada,2026-05-12 00:08:31,V19273,C0174,JV011,PS5,Efectivo,José,219.9,1,219.9,Alba Casado Luna,Gold,Callao,0.64,False,2026-05-12 00:12:52.866,10
V21048,2026-05-12 00:08:31.377,EVT-000294,venta_creada,2026-05-12 00:08:31,V21048,C0471,JV006,Switch,Yape,Carlos,219.9,1,219.9,Fidela Alonso Perelló,Platinum,Jesús María,0.17,False,2026-05-12 00:12:52.866,10
V39717,2026-05-12 00:08:31.479,EVT-000295,venta_confirmada,2026-05-12 00:08:31,V39717,C0269,JV008,Switch,Tarjeta Débito,Luis,239.9,2,479.8,Dolores Casado Anaya,Platinum,Lince,0.5,False,2026-05-12 00:12:52.866,10
V42570,2026-05-12 00:08:31.638,EVT-000296,pago_aprobado,2026-05-12 00:08:31,V42570,C0260,JV018,Switch,Efectivo,María,129.9,1,129.9,Conrado Omar Barbero Agudo,Silver,Jesús María,0.6,False,2026-05-12 00:12:52.866,10
V34664,2026-05-12 00:08:31.773,EVT-000297,venta_completada,2026-05-12 00:08:31,V34664,C0043,JV011,PS5,Efectivo,José,219.9,2,439.8,Porfirio Espada Cruz,Platinum,San Isidro,0.36,False,2026-05-12 00:12:52.866,10
V12609,2026-05-12 00:08:31.874,EVT-000298,envio_preparado,2026-05-12 00:08:31,V12609,C0291,JV020,Xbox,Plin,Ana,179.9,3,539.7,Máxima Sanz Durán,Gold,SJL,0.85,True,2026-05-12 00:12:52.866,10
V40667,2026-05-12 00:08:31.975,EVT-000299,venta_creada,2026-05-12 00:08:31,V40667,C0260,JV010,PS5,Yape,Luis,229.9,1,229.9,Conrado Omar Barbero Agudo,Silver,Jesús María,0.92,True,2026-05-12 00:12:52.866,10
V36664,2026-05-12 00:08:32.117,EVT-000300,pago_aprobado,2026-05-12 00:08:32,V36664,C0188,JV001,PS5,Tarjeta Crédito,María,299.9,2,599.8,Bonifacio Cervantes Haro,Gold,Surco,0.79,True,2026-05-12 00:12:52.866,10
V17992,2026-05-12 00:08:32.225,EVT-000301,venta_completada,2026-05-12 00:08:32,V17992,C0301,JV002,PS5,Efectivo,Carlos,249.9,1,249.9,Mireia Bautista Naranjo,Platinum,Breña,0.87,True,2026-05-12 00:12:52.866,10
V12200,2026-05-12 00:08:32.325,EVT-000302,venta_completada,2026-05-12 00:08:32,V12200,C0147,JV002,Xbox,Efectivo,José,249.9,1,249.9,Olimpia Pulido Vergara,Gold,SJL,0.23,False,2026-05-12 00:12:52.866,10
V25618,2026-05-12 00:08:32.485,EVT-000303,venta_creada,2026-05-12 00:08:32,V25618,C0182,JV009,Switch,Tarjeta Crédito,Ana,199.9,2,399.8,Gil Leal Diego,Gold,San Borja,0.3,False,2026-05-12 00:12:52.866,10
V16159,2026-05-12 00:08:32.719,EVT-000304,venta_creada,2026-05-12 00:08:32,V16159,C0123,JV018,Xbox,Tarjeta Débito,María,129.9,2,259.8,Atilio Rubio-Carbó,Platinum,Jesús María,0.92,True,2026-05-12 00:12:52.866,10
V23573,2026-05-12 00:08:32.994,EVT-000305,venta_confirmada,2026-05-12 00:08:32,V23573,C0226,JV001,PS5,Tarjeta Crédito,José,299.9,1,299.9,Nidia Suárez Anguita,Platinum,La Molina,0.4,False,2026-05-12 00:12:52.866,10
V15220,2026-05-12 00:08:33.096,EVT-000306,venta_creada,2026-05-12 00:08:33,V15220,C0305,JV013,PS4,Tarjeta Débito,Ana,269.9,2,539.8,Marcela Valero Conesa,Básico,Breña,0.61,False,2026-05-12 00:12:52.866,10
V07239,2026-05-12 00:08:33.197,EVT-000307,envio_preparado,2026-05-12 00:08:33,V07239,C0387,JV017,PC,Yape,Carlos,219.9,1,219.9,Jennifer Piquer-Mora,Silver,San Isidro,0.2,False,2026-05-12 00:12:52.866,10
V22925,2026-05-12 00:08:33.298,EVT-000308,envio_preparado,2026-05-12 00:08:33,V22925,C0282,JV008,PS5,Tarjeta Crédito,Luis,239.9,2,479.8,Hilda del Busquets,Básico,Pueblo Libre,0.89,True,2026-05-12 00:12:52.866,10
V03846,2026-05-12 00:08:33.400,EVT-000309,venta_completada,2026-05-12 00:08:33,V03846,C0157,JV002,PS5,Tarjeta Débito,Ana,249.9,1,249.9,Natanael Reguera Tejero,Silver,Surco,0.16,False,2026-05-12 00:12:52.866,10
V21755,2026-05-12 00:08:33.501,EVT-000310,envio_preparado,2026-05-12 00:08:33,V21755,C0166,JV020,PS5,Plin,Ana,179.9,1,179.9,Dani del Balaguer,Gold,Los Olivos,0.69,False,2026-05-12 00:12:52.866,10
V31875,2026-05-12 00:08:33.601,EVT-000311,venta_completada,2026-05-12 00:08:33,V31875,C0186,JV014,PS4,Efectivo,Luis,259.9,1,259.9,María Carmen Palomo Llanos,Gold,Surquillo,0.11,False,2026-05-12 00:12:52.866,10
V09075,2026-05-12 00:08:33.703,EVT-000312,venta_creada,2026-05-12 00:08:33,V09075,C0333,JV013,PS5,Plin,Luis,269.9,1,269.9,Georgina Moraleda-Coloma,Básico,Lince,0.75,True,2026-05-12 00:12:52.866,10
V21603,2026-05-12 00:08:33.872,EVT-000313,pago_aprobado,2026-05-12 00:08:33,V21603,C0228,JV017,PS5,Plin,José,219.9,1,219.9,Eva Salas Andres,Platinum,Surco,0.5,False,2026-05-12 00:12:52.866,10
V43809,2026-05-12 00:08:33.980,EVT-000314,pago_aprobado,2026-05-12 00:08:33,V43809,C0424,JV018,Switch,Plin,Ana,129.9,1,129.9,Leonor Zurita Vendrell,Gold,San Miguel,0.63,False,2026-05-12 00:12:52.866,10
V21902,2026-05-12 00:08:34.095,EVT-000315,venta_completada,2026-05-12 00:08:34,V21902,C0419,JV003,PS5,Efectivo,Ana,229.9,1,229.9,Jose Carlos Barrios-Tovar,Platinum,SJL,0.06,False,2026-05-12 00:12:52.866,10
V38022,2026-05-12 00:08:34.196,EVT-000316,envio_preparado,2026-05-12 00:08:34,V38022,C0059,JV016,PS5,Yape,José,289.9,1,289.9,Rogelio del Escribano,Silver,Lince,0.34,False,2026-05-12 00:12:52.866,10
V47182,2026-05-12 00:08:34.297,EVT-000317,venta_creada,2026-05-12 00:08:34,V47182,C0438,JV014,Xbox,Yape,Carlos,259.9,1,259.9,Maximino Isern,Platinum,SJL,0.42,False,2026-05-12 00:12:52.866,10
V00118,2026-05-12 00:08:34.428,EVT-000318,pago_aprobado,2026-05-12 00:08:34,V00118,C0175,JV007,Xbox,Tarjeta Débito,José,249.9,1,249.9,Artemio Narváez Morell,Silver,Surco,0.11,False,2026-05-12 00:12:52.866,10
V39747,2026-05-12 00:08:34.528,EVT-000319,venta_creada,2026-05-12 00:08:34,V39747,C0477,JV003,Switch,Yape,María,229.9,1,229.9,Ainara de Álvaro,Gold,Callao,0.75,True,2026-05-12 00:12:52.866,10
V18051,2026-05-12 00:08:34.629,EVT-000320,venta_completada,2026-05-12 00:08:34,V18051,C0496,JV014,PS5,Plin,Carlos,259.9,1,259.9,Nazaret Escalona Galán,Platinum,Callao,0.95,True,2026-05-12 00:12:52.866,10
V00596,2026-05-12 00:08:34.767,EVT-000321,venta_creada,2026-05-12 00:08:34,V00596,C0452,JV006,Switch,Plin,Luis,219.9,1,219.9,Noemí Luque Roig,Platinum,Callao,0.13,False,2026-05-12 00:12:52.866,10
V07226,2026-05-12 00:08:34.869,EVT-000322,venta_confirmada,2026-05-12 00:08:34,V07226,C0096,JV002,Xbox,Plin,Carlos,249.9,1,249.9,Noelia Valencia Borja,Gold,Comas,0.13,False,2026-05-12 00:12:52.866,10
V00505,2026-05-12 00:08:35.025,EVT-000323,venta_confirmada,2026-05-12 00:08:35,V00505,C0496,JV018,Switch,Yape,Ana,129.9,1,129.9,Nazaret Escalona Galán,Platinum,Callao,0.65,False,2026-05-12 00:12:52.866,10
V15044,2026-05-12 00:08:35.125,EVT-000324,pago_aprobado,2026-05-12 00:08:35,V15044,C0102,JV011,PS5,Plin,María,219.9,1,219.9,Trinidad Cruz Valdés,Gold,Callao,0.13,False,2026-05-12 00:12:52.866,10
V45814,2026-05-12 00:08:35.234,EVT-000325,envio_preparado,2026-05-12 00:08:35,V45814,C0022,JV020,PC,Tarjeta Crédito,José,179.9,2,359.8,Dulce Palomo Bolaños,Platinum,Breña,0.09,False,2026-05-12 00:12:52.866,10
V05568,2026-05-12 00:08:35.348,EVT-000326,envio_preparado,2026-05-12 00:08:35,V05568,C0429,JV019,Switch,Tarjeta Crédito,Carlos,249.9,1,249.9,Tatiana Serra Carretero,Silver,Jesús María,0.91,True,2026-05-12 00:12:52.866,10
V31946,2026-05-12 00:08:35.449,EVT-000327,venta_confirmada,2026-05-12 00:08:35,V31946,C0067,JV001,PS5,Tarjeta Crédito,María,299.9,1,299.9,Iván Cámara Cuevas,Gold,San Isidro,0.71,False,2026-05-12 00:12:52.866,10
V31132,2026-05-12 00:08:35.554,EVT-000328,venta_creada,2026-05-12 00:08:35,V31132,C0267,JV016,PS5,Efectivo,Ana,289.9,1,289.9,Edelmira Ramón Miguel,Gold,Surco,0.78,True,2026-05-12 00:12:52.866,10
V35011,2026-05-12 00:08:35.685,EVT-000329,pago_aprobado,2026-05-12 00:08:35,V35011,C0110,JV017,PS5,Yape,José,219.9,3,659.7,León Vicens Camino,Platinum,Los Olivos,0.73,False,2026-05-12 00:12:52.866,10
V23817,2026-05-12 00:08:35.785,EVT-000330,envio_preparado,2026-05-12 00:08:35,V23817,C0252,JV006,PC,Yape,Ana,219.9,2,439.8,Curro Arribas Miró,Gold,Lince,0.24,False,2026-05-12 00:12:52.866,10
V27270,2026-05-12 00:08:35.888,EVT-000331,venta_confirmada,2026-05-12 00:08:35,V27270,C0326,JV018,Switch,Plin,Carlos,129.9,1,129.9,Octavia Rosales-Borrego,Silver,San Borja,0.68,False,2026-05-12 00:12:52.866,10
V18292,2026-05-12 00:08:35.989,EVT-000332,venta_confirmada,2026-05-12 00:08:35,V18292,C0095,JV004,Switch,Tarjeta Débito,José,279.9,3,839.7,Ana Maldonado Salom,Gold,Surco,0.35,False,2026-05-12 00:12:52.866,10
V34576,2026-05-12 00:08:36.089,EVT-000333,venta_completada,2026-05-12 00:08:36,V34576,C0133,JV007,PS5,Plin,Carlos,249.9,1,249.9,Reyes Vilalta Juliá,Básico,Los Olivos,0.86,True,2026-05-12 00:12:52.866,10
V25291,2026-05-12 00:08:36.229,EVT-000334,venta_creada,2026-05-12 00:08:36,V25291,C0249,JV012,PS5,Tarjeta Débito,José,189.9,1,189.9,Margarita Vicente-Daza,Platinum,Surquillo,0.26,False,2026-05-12 00:12:52.866,10
V39672,2026-05-12 00:08:36.363,EVT-000335,pago_aprobado,2026-05-12 00:08:36,V39672,C0307,JV002,PS5,Tarjeta Crédito,José,249.9,1,249.9,Cristina Priscila Suárez Guardiola,Básico,Surco,0.64,False,2026-05-12 00:12:52.866,10
V39030,2026-05-12 00:08:36.464,EVT-000336,venta_completada,2026-05-12 00:08:36,V39030,C0035,JV004,Switch,Efectivo,José,279.9,1,279.9,Adán de Álvarez,Silver,Surquillo,0.83,True,2026-05-12 00:12:52.866,10
V48011,2026-05-12 00:08:36.565,EVT-000337,pago_aprobado,2026-05-12 00:08:36,V48011,C0059,JV005,PS5,Yape,Luis,299.9,1,299.9,Rogelio del Escribano,Silver,Lince,0.67,False,2026-05-12 00:12:52.866,10
V15492,2026-05-12 00:08:36.666,EVT-000338,venta_creada,2026-05-12 00:08:36,V15492,C0246,JV001,PS5,Plin,Luis,299.9,2,599.8,Nazaret Velasco Olmedo,Básico,SJL,0.38,False,2026-05-12 00:12:52.866,10
V17539,2026-05-12 00:08:36.767,EVT-000339,envio_preparado,2026-05-12 00:08:36,V17539,C0156,JV014,Xbox,Tarjeta Crédito,Luis,259.9,1,259.9,Edelmira Arnal Castell,Básico,La Molina,0.64,False,2026-05-12 00:12:52.866,10
V20617,2026-05-12 00:08:36.869,EVT-000340,venta_cancelada,2026-05-12 00:08:36,V20617,C0161,JV009,Switch,Tarjeta Crédito,María,199.9,1,199.9,Blas de Iglesias,Gold,Miraflores,0.81,True,2026-05-12 00:12:52.866,10
V43689,2026-05-12 00:08:36.970,EVT-000341,venta_completada,2026-05-12 00:08:36,V43689,C0363,JV004,Switch,Efectivo,María,279.9,3,839.7,Victorino Pedro-Quintana,Silver,Comas,0.48,False,2026-05-12 00:12:52.866,10
V21298,2026-05-12 00:08:37.071,EVT-000342,venta_confirmada,2026-05-12 00:08:37,V21298,C0428,JV005,PS5,Efectivo,Ana,299.9,2,599.8,Raimundo Tur-Palau,Gold,Surco,0.09,False,2026-05-12 00:12:52.866,10
V45047,2026-05-12 00:08:37.172,EVT-000343,pago_aprobado,2026-05-12 00:08:37,V45047,C0152,JV011,PC,Efectivo,María,219.9,2,439.8,Diana de Iborra,Básico,SJL,0.73,False,2026-05-12 00:12:52.866,10
V26116,2026-05-12 00:08:37.272,EVT-000344,venta_completada,2026-05-12 00:08:37,V26116,C0018,JV019,Switch,Plin,Carlos,249.9,2,499.8,María Manuela Cabezas Mármol,Básico,San Isidro,0.4,False,2026-05-12 00:12:52.866,10
V07720,2026-05-12 00:08:37.375,EVT-000345,venta_creada,2026-05-12 00:08:37,V07720,C0210,JV016,PS5,Yape,José,289.9,1,289.9,Albano Raya Piña,Básico,San Miguel,0.73,False,2026-05-12 00:12:52.866,10
V24732,2026-05-12 00:08:37.476,EVT-000346,venta_creada,2026-05-12 00:08:37,V24732,C0210,JV020,PS5,Tarjeta Crédito,Ana,179.9,1,179.9,Albano Raya Piña,Básico,San Miguel,0.77,True,2026-05-12 00:12:52.866,10
V48197,2026-05-12 00:08:37.578,EVT-000347,envio_preparado,2026-05-12 00:08:37,V48197,C0288,JV006,PC,Efectivo,Carlos,219.9,1,219.9,Sol Pozo Company,Básico,San Borja,0.14,False,2026-05-12 00:12:52.866,10
V25039,2026-05-12 00:08:37.679,EVT-000348,venta_completada,2026-05-12 00:08:37,V25039,C0434,JV008,PS5,Yape,Luis,239.9,1,239.9,Nidia Jimenez Estevez,Platinum,Jesús María,0.03,False,2026-05-12 00:12:52.866,10
V36077,2026-05-12 00:08:37.780,EVT-000349,venta_confirmada,2026-05-12 00:08:37,V36077,C0371,JV009,Switch,Plin,Ana,199.9,1,199.9,Asunción Alberola Rivas,Platinum,SJL,0.78,True,2026-05-12 00:12:52.866,10
V18152,2026-05-12 00:08:37.881,EVT-000350,pago_aprobado,2026-05-12 00:08:37,V18152,C0210,JV011,PS5,Yape,Luis,219.9,1,219.9,Albano Raya Piña,Básico,San Miguel,0.2,False,2026-05-12 00:12:52.866,10
V35402,2026-05-12 00:08:37.963,EVT-000351,envio_preparado,2026-05-12 00:08:37,V35402,C0410,JV002,Xbox,Yape,Ana,249.9,1,249.9,Marta Barrios Bustamante,Platinum,Pueblo Libre,0.02,False,2026-05-12 00:12:52.866,10
V24379,2026-05-12 00:08:38.064,EVT-000352,envio_preparado,2026-05-12 00:08:38,V24379,C0401,JV001,PS5,Yape,Ana,299.9,2,599.8,Feliciano Pla Corral,Silver,San Miguel,0.65,False,2026-05-12 00:12:52.866,10
V01653,2026-05-12 00:08:38.166,EVT-000353,venta_confirmada,2026-05-12 00:08:38,V01653,C0051,JV010,Xbox,Efectivo,Luis,229.9,2,459.8,Carmelo Folch Parra,Básico,SJL,0.5,False,2026-05-12 00:12:52.866,10
V45599,2026-05-12 00:08:38.355,EVT-000354,pago_aprobado,2026-05-12 00:08:38,V45599,C0039,JV015,Xbox,Tarjeta Débito,Carlos,239.9,2,479.8,Celestina Amor Cárdenas,Silver,SJL,0.71,False,2026-05-12 00:12:52.866,10
V27482,2026-05-12 00:08:38.524,EVT-000355,envio_preparado,2026-05-12 00:08:38,V27482,C0026,JV005,PS5,Tarjeta Débito,José,299.9,1,299.9,Encarna Sara Villena Vallés,Gold,SJL,0.55,False,2026-05-12 00:12:52.866,10
V02038,2026-05-12 00:08:38.625,EVT-000356,envio_preparado,2026-05-12 00:08:38,V02038,C0142,JV002,PC,Tarjeta Débito,José,249.9,2,499.8,Anabel Báez Marti,Gold,Surco,0.83,True,2026-05-12 00:12:52.866,10
V03516,2026-05-12 00:08:38.768,EVT-000357,envio_preparado,2026-05-12 00:08:38,V03516,C0391,JV004,Switch,Tarjeta Débito,Carlos,279.9,3,839.7,Constanza Aramburu Arellano,Silver,San Isidro,0.69,False,2026-05-12 00:12:52.866,10
V41702,2026-05-12 00:08:38.918,EVT-000358,venta_confirmada,2026-05-12 00:08:38,V41702,C0417,JV004,Switch,Yape,José,279.9,1,279.9,Maximiliano Jara Rius,Platinum,Breña,0.65,False,2026-05-12 00:12:52.866,10
V19714,2026-05-12 00:08:39.038,EVT-000359,pago_aprobado,2026-05-12 00:08:39,V19714,C0198,JV002,PC,Yape,José,249.9,2,499.8,Nicanor Rueda Olivé,Platinum,Lince,0.82,True,2026-05-12 00:12:52.866,10
V17237,2026-05-12 00:08:39.156,EVT-000360,venta_creada,2026-05-12 00:08:39,V17237,C0036,JV019,Switch,Tarjeta Crédito,Luis,249.9,3,749.7,Silvio Gerónimo Roca Prats,Gold,Lince,0.43,False,2026-05-12 00:12:52.866,10
V48044,2026-05-12 00:08:39.270,EVT-000361,venta_confirmada,2026-05-12 00:08:39,V48044,C0475,JV013,PS5,Efectivo,Luis,269.9,1,269.9,Natalia del Valenciano,Básico,Comas,0.65,False,2026-05-12 00:12:52.866,10
V34320,2026-05-12 00:08:39.400,EVT-000362,venta_creada,2026-05-12 00:08:39,V34320,C0213,JV008,PS5,Tarjeta Débito,Luis,239.9,2,479.8,Marina Plaza Ferrera,Platinum,Surquillo,0.61,False,2026-05-12 00:12:52.866,10
V27689,2026-05-12 00:08:39.626,EVT-000363,venta_completada,2026-05-12 00:08:39,V27689,C0273,JV004,Switch,Tarjeta Débito,María,279.9,2,559.8,Azeneth Susana Rozas Frías,Gold,Jesús María,0.72,False,2026-05-12 00:12:52.866,10
V48250,2026-05-12 00:08:39.784,EVT-000364,venta_confirmada,2026-05-12 00:08:39,V48250,C0188,JV019,Switch,Tarjeta Débito,Luis,249.9,1,249.9,Bonifacio Cervantes Haro,Gold,Surco,0.26,False,2026-05-12 00:12:52.866,10
V44579,2026-05-12 00:08:39.920,EVT-000365,envio_preparado,2026-05-12 00:08:39,V44579,C0404,JV002,Xbox,Tarjeta Débito,Luis,249.9,3,749.7,Juan Bautista del Codina,Básico,San Borja,0.52,False,2026-05-12 00:12:52.866,10
V21427,2026-05-12 00:08:40.060,EVT-000366,venta_confirmada,2026-05-12 00:08:40,V21427,C0449,JV018,Xbox,Yape,José,129.9,1,129.9,Ana Frutos Recio,Platinum,San Borja,0.41,False,2026-05-12 00:12:52.866,10
V27370,2026-05-12 00:08:40.161,EVT-000367,envio_preparado,2026-05-12 00:08:40,V27370,C0387,JV010,Xbox,Efectivo,Luis,229.9,3,689.7,Jennifer Piquer-Mora,Silver,San Isidro,0.82,True,2026-05-12 00:12:52.866,10
V34622,2026-05-12 00:08:40.262,EVT-000368,venta_confirmada,2026-05-12 00:08:40,V34622,C0433,JV016,PS5,Plin,José,289.9,3,869.7,Evita Verdejo,Platinum,Jesús María,0.61,False,2026-05-12 00:12:52.866,10
V40255,2026-05-12 00:08:40.401,EVT-000369,venta_confirmada,2026-05-12 00:08:40,V40255,C0207,JV012,Switch,Efectivo,Carlos,189.9,1,189.9,Severino Narváez Acero,Platinum,Comas,0.05,False,2026-05-12 00:12:52.866,10
V40893,2026-05-12 00:08:40.504,EVT-000370,pago_aprobado,2026-05-12 00:08:40,V40893,C0185,JV005,PS5,Yape,Luis,299.9,2,599.8,Marcos Manrique Badía,Gold,Jesús María,0.31,False,2026-05-12 00:12:52.866,10
V38492,2026-05-12 00:08:40.605,EVT-000371,pago_aprobado,2026-05-12 00:08:40,V38492,C0303,JV004,Switch,Tarjeta Débito,María,279.9,1,279.9,Toño Fiol Rodríguez,Gold,SJL,0.38,False,2026-05-12 00:12:52.866,10
V06198,2026-05-12 00:08:40.706,EVT-000372,venta_creada,2026-05-12 00:08:40,V06198,C0173,JV017,Xbox,Tarjeta Débito,Carlos,219.9,2,439.8,Angélica del Bárcena,Gold,San Isidro,0.31,False,2026-05-12 00:12:52.866,10
V30651,2026-05-12 00:08:40.808,EVT-000373,venta_confirmada,2026-05-12 00:08:40,V30651,C0135,JV014,Xbox,Plin,Carlos,259.9,1,259.9,Alcides Pepe Vázquez Lucena,Básico,San Borja,0.65,False,2026-05-12 00:12:52.866,10
V14871,2026-05-12 00:08:40.909,EVT-000374,venta_completada,2026-05-12 00:08:40,V14871,C0360,JV001,PS4,Tarjeta Crédito,María,299.9,3,899.7,Xiomara Heras Barberá,Gold,Comas,0.9,True,2026-05-12 00:12:52.866,10
V46522,2026-05-12 00:08:41.010,EVT-000375,venta_creada,2026-05-12 00:08:41,V46522,C0225,JV004,Switch,Efectivo,Carlos,279.9,1,279.9,Micaela Calleja-Nicolás,Platinum,Los Olivos,0.25,False,2026-05-12 00:12:52.866,10
V41601,2026-05-12 00:08:41.111,EVT-000376,pago_aprobado,2026-05-12 00:08:41,V41601,C0179,JV018,Xbox,Efectivo,Luis,129.9,1,129.9,Yéssica de Artigas,Platinum,Lince,0.15,False,2026-05-12 00:12:52.866,10
V46642,2026-05-12 00:08:41.212,EVT-000377,envio_preparado,2026-05-12 00:08:41,V46642,C0378,JV013,PS5,Yape,María,269.9,1,269.9,Amador Bautista Gómez,Silver,Jesús María,0.69,False,2026-05-12 00:12:52.866,10
V25157,2026-05-12 00:08:41.313,EVT-000378,pago_aprobado,2026-05-12 00:08:41,V25157,C0116,JV011,PC,Plin,Luis,219.9,2,439.8,Julio César Cosme Tudela Blanca,Platinum,Los Olivos,0.3,False,2026-05-12 00:12:52.866,10
V01189,2026-05-12 00:08:41.414,EVT-000379,envio_preparado,2026-05-12 00:08:41,V01189,C0373,JV018,Switch,Tarjeta Crédito,Ana,129.9,1,129.9,Coral Núñez,Silver,Breña,0.32,False,2026-05-12 00:12:52.866,10
V37133,2026-05-12 00:08:41.515,EVT-000380,venta_creada,2026-05-12 00:08:41,V37133,C0466,JV005,PS5,Tarjeta Débito,María,299.9,3,899.7,Amador Diéguez-Moreno,Silver,SJL,0.47,False,2026-05-12 00:12:52.866,10
V34502,2026-05-12 00:08:41.616,EVT-000381,venta_completada,2026-05-12 00:08:41,V34502,C0367,JV019,Switch,Tarjeta Crédito,Carlos,249.9,2,499.8,Felipa Vicens,Silver,Miraflores,0.14,False,2026-05-12 00:12:52.866,10
V18734,2026-05-12 00:08:41.716,EVT-000382,venta_creada,2026-05-12 00:08:41,V18734,C0455,JV012,Xbox,Tarjeta Crédito,María,189.9,1,189.9,Toni Carbonell Sancho,Silver,Callao,0.07,False,2026-05-12 00:12:52.866,10
V26316,2026-05-12 00:08:41.817,EVT-000383,venta_completada,2026-05-12 00:08:41,V26316,C0354,JV003,PS5,Tarjeta Débito,Luis,229.9,2,459.8,Ligia del Pont,Platinum,Surco,0.01,False,2026-05-12 00:12:52.866,10
V21576,2026-05-12 00:08:41.918,EVT-000384,pago_aprobado,2026-05-12 00:08:41,V21576,C0465,JV015,PS5,Tarjeta Débito,María,239.9,3,719.7,Leticia Tapia Mir,Platinum,SJL,0.72,False,2026-05-12 00:12:52.866,10
V03093,2026-05-12 00:08:42.019,EVT-000385,venta_confirmada,2026-05-12 00:08:42,V03093,C0268,JV006,Xbox,Tarjeta Débito,María,219.9,1,219.9,Ruben Ayala,Gold,Los Olivos,0.76,True,2026-05-12 00:12:52.866,10
V16490,2026-05-12 00:08:42.120,EVT-000386,pago_aprobado,2026-05-12 00:08:42,V16490,C0178,JV010,PS5,Efectivo,Ana,229.9,1,229.9,Carla Antón Carbonell,Gold,SJL,0.84,True,2026-05-12 00:12:52.866,10
V21261,2026-05-12 00:08:42.221,EVT-000387,venta_creada,2026-05-12 00:08:42,V21261,C0261,JV015,Xbox,Plin,María,239.9,3,719.7,Esmeralda Echeverría,Básico,Los Olivos,0.56,False,2026-05-12 00:12:52.866,10
V10945,2026-05-12 00:08:42.322,EVT-000388,venta_creada,2026-05-12 00:08:42,V10945,C0110,JV015,PS5,Yape,Luis,239.9,1,239.9,León Vicens Camino,Platinum,Los Olivos,0.56,False,2026-05-12 00:12:52.866,10
V26588,2026-05-12 00:08:42.423,EVT-000389,pago_aprobado,2026-05-12 00:08:42,V26588,C0070,JV016,PS5,Tarjeta Débito,María,289.9,3,869.7,Tristán Jurado-Querol,Básico,La Molina,0.41,False,2026-05-12 00:12:52.866,10
V16582,2026-05-12 00:08:42.542,EVT-000390,envio_preparado,2026-05-12 00:08:42,V16582,C0200,JV005,PS5,Tarjeta Crédito,María,299.9,2,599.8,Loreto Arribas Peña,Platinum,Pueblo Libre,0.79,True,2026-05-12 00:12:52.866,10
V08101,2026-05-12 00:08:42.669,EVT-000391,venta_completada,2026-05-12 00:08:42,V08101,C0409,JV014,PS4,Tarjeta Débito,Luis,259.9,2,519.8,Vilma Arnal Sanmiguel,Gold,La Molina,0.09,False,2026-05-12 00:12:52.866,10
V13387,2026-05-12 00:08:42.783,EVT-000392,venta_confirmada,2026-05-12 00:08:42,V13387,C0016,JV011,PC,Tarjeta Crédito,Carlos,219.9,1,219.9,Carlos de Galvez,Silver,Callao,0.5,False,2026-05-12 00:12:52.866,10
V38006,2026-05-12 00:08:42.884,EVT-000393,venta_confirmada,2026-05-12 00:08:42,V38006,C0478,JV009,Switch,Efectivo,José,199.9,1,199.9,Roberto Borrego,Silver,Los Olivos,0.76,True,2026-05-12 00:12:52.866,10
V49145,2026-05-12 00:08:42.986,EVT-000394,venta_creada,2026-05-12 00:08:42,V49145,C0398,JV010,PS5,Tarjeta Débito,Ana,229.9,1,229.9,Piedad Cuervo Gelabert,Silver,Jesús María,0.4,False,2026-05-12 00:12:52.866,10
V14327,2026-05-12 00:08:43.087,EVT-000395,venta_creada,2026-05-12 00:08:43,V14327,C0139,JV005,PS5,Tarjeta Débito,José,299.9,1,299.9,Gaspar Jaume Quesada,Básico,Surquillo,0.4,False,2026-05-12 00:12:52.866,10
V16802,2026-05-12 00:08:43.188,EVT-000396,venta_creada,2026-05-12 00:08:43,V16802,C0014,JV011,PS5,Tarjeta Crédito,José,219.9,1,219.9,Alejandra Huerta Iriarte,Gold,SJL,0.72,False,2026-05-12 00:12:52.866,10
V44180,2026-05-12 00:08:43.317,EVT-000397,venta_confirmada,2026-05-12 00:08:43,V44180,C0157,JV012,Xbox,Plin,María,189.9,1,189.9,Natanael Reguera Tejero,Silver,Surco,0.39,False,2026-05-12 00:12:52.866,10
V10939,2026-05-12 00:08:43.464,EVT-000398,venta_creada,2026-05-12 00:08:43,V10939,C0334,JV015,PS5,Plin,María,239.9,2,479.8,Angélica Clemente Niño,Platinum,Los Olivos,0.06,False,2026-05-12 00:12:52.866,10
V16557,2026-05-12 00:08:43.565,EVT-000399,venta_creada,2026-05-12 00:08:43,V16557,C0039,JV008,PS5,Plin,Luis,239.9,3,719.7,Celestina Amor Cárdenas,Silver,SJL,0.77,True,2026-05-12 00:12:52.866,10
V01690,2026-05-12 00:08:43.667,EVT-000400,venta_confirmada,2026-05-12 00:08:43,V01690,C0346,JV020,PC,Yape,María,179.9,1,179.9,Emperatriz Larrañaga-Vélez,Platinum,Breña,0.68,False,2026-05-12 00:12:52.866,10
V38597,2026-05-12 00:08:43.768,EVT-000401,venta_completada,2026-05-12 00:08:43,V38597,C0358,JV011,PS5,Yape,Ana,219.9,1,219.9,Blanca Prats Batlle,Básico,Lince,0.14,False,2026-05-12 00:12:52.866,10
V26476,2026-05-12 00:08:43.898,EVT-000402,envio_preparado,2026-05-12 00:08:43,V26476,C0489,JV010,PC,Tarjeta Crédito,José,229.9,2,459.8,Fulgencio Alcalde Alcaraz,Platinum,Surco,0.17,False,2026-05-12 00:12:52.866,10
V06627,2026-05-12 00:08:44.000,EVT-000403,pago_aprobado,2026-05-12 00:08:43,V06627,C0224,JV012,Switch,Efectivo,Luis,189.9,3,569.7,Purificación Viña Puga,Platinum,San Miguel,0.8,True,2026-05-12 00:12:52.866,10
V18055,2026-05-12 00:08:44.100,EVT-000404,envio_preparado,2026-05-12 00:08:44,V18055,C0102,JV017,PS5,Efectivo,Carlos,219.9,3,659.7,Trinidad Cruz Valdés,Gold,Callao,0.21,False,2026-05-12 00:12:52.866,10
V20027,2026-05-12 00:08:44.202,EVT-000405,venta_creada,2026-05-12 00:08:44,V20027,C0437,JV007,Xbox,Efectivo,María,249.9,2,499.8,Timoteo Cazorla Palomino,Silver,SJL,0.79,True,2026-05-12 00:12:52.866,10
V21432,2026-05-12 00:08:44.303,EVT-000406,envio_preparado,2026-05-12 00:08:44,V21432,C0499,JV018,Switch,Plin,José,129.9,1,129.9,Poncio Escrivá Baños,Básico,San Borja,0.7,False,2026-05-12 00:12:52.866,10
V37867,2026-05-12 00:08:44.404,EVT-000407,envio_preparado,2026-05-12 00:08:44,V37867,C0276,JV018,Xbox,Plin,María,129.9,1,129.9,Amarilis Acuña Azorin,Gold,Lince,0.24,False,2026-05-12 00:12:52.866,10
V36179,2026-05-12 00:08:44.505,EVT-000408,venta_completada,2026-05-12 00:08:44,V36179,C0036,JV006,Switch,Yape,Luis,219.9,1,219.9,Silvio Gerónimo Roca Prats,Gold,Lince,0.73,False,2026-05-12 00:12:52.866,10
V43670,2026-05-12 00:08:44.606,EVT-000409,venta_creada,2026-05-12 00:08:44,V43670,C0351,JV005,PS5,Plin,Luis,299.9,2,599.8,Alfonso Cabello-Olivares,Silver,La Molina,0.72,False,2026-05-12 00:12:52.866,10
V29466,2026-05-12 00:08:44.723,EVT-000410,pago_aprobado,2026-05-12 00:08:44,V29466,C0065,JV017,PS5,Efectivo,María,219.9,2,439.8,Verónica Atienza Barrena,Básico,San Miguel,0.6,False,2026-05-12 00:12:52.866,10
V45853,2026-05-12 00:08:44.824,EVT-000411,venta_completada,2026-05-12 00:08:44,V45853,C0213,JV003,PC,Yape,Luis,229.9,1,229.9,Marina Plaza Ferrera,Platinum,Surquillo,0.27,False,2026-05-12 00:12:52.866,10
V12526,2026-05-12 00:08:44.925,EVT-000412,envio_preparado,2026-05-12 00:08:44,V12526,C0213,JV010,PS5,Plin,María,229.9,2,459.8,Marina Plaza Ferrera,Platinum,Surquillo,0.33,False,2026-05-12 00:12:52.866,10
V40513,2026-05-12 00:08:45.025,EVT-000413,pago_aprobado,2026-05-12 00:08:45,V40513,C0221,JV010,Xbox,Plin,Carlos,229.9,3,689.7,Gil Patricio Casanova Barrena,Platinum,Surco,0.27,False,2026-05-12 00:12:52.866,10
V49114,2026-05-12 00:08:45.126,EVT-000414,pago_aprobado,2026-05-12 00:08:45,V49114,C0426,JV008,PC,Yape,Carlos,239.9,1,239.9,Eusebio Bruno Cortina Seguí,Básico,Lince,0.2,False,2026-05-12 00:12:52.866,10
V05100,2026-05-12 00:08:45.228,EVT-000415,venta_confirmada,2026-05-12 00:08:45,V05100,C0200,JV008,PS5,Tarjeta Crédito,María,239.9,1,239.9,Loreto Arribas Peña,Platinum,Pueblo Libre,0.21,False,2026-05-12 00:12:52.866,10
V23972,2026-05-12 00:08:45.329,EVT-000416,pago_aprobado,2026-05-12 00:08:45,V23972,C0471,JV013,PS4,Tarjeta Débito,Luis,269.9,1,269.9,Fidela Alonso Perelló,Platinum,Jesús María,0.12,False,2026-05-12 00:12:52.866,10
V37047,2026-05-12 00:08:45.505,EVT-000417,venta_creada,2026-05-12 00:08:45,V37047,C0361,JV012,PS5,Plin,Luis,189.9,2,379.8,Conrado Casares Riera,Básico,San Isidro,0.14,False,2026-05-12 00:12:52.866,10
V11326,2026-05-12 00:08:45.689,EVT-000418,venta_completada,2026-05-12 00:08:45,V11326,C0437,JV002,PS5,Tarjeta Débito,Ana,249.9,1,249.9,Timoteo Cazorla Palomino,Silver,SJL,0.58,False,2026-05-12 00:12:52.866,10
V42891,2026-05-12 00:08:45.790,EVT-000419,envio_preparado,2026-05-12 00:08:45,V42891,C0162,JV001,PS5,Efectivo,Carlos,299.9,3,899.7,Iván Rovira-Angulo,Básico,Surco,0.14,False,2026-05-12 00:12:52.866,10
V48652,2026-05-12 00:08:45.969,EVT-000420,venta_completada,2026-05-12 00:08:45,V48652,C0270,JV012,PS4,Plin,María,189.9,1,189.9,Esperanza Marí,Básico,Pueblo Libre,0.25,False,2026-05-12 00:12:52.866,10
V20167,2026-05-12 00:08:46.147,EVT-000421,venta_confirmada,2026-05-12 00:08:46,V20167,C0442,JV012,PS4,Plin,Carlos,189.9,1,189.9,Caridad Tamarit-Serra,Silver,Comas,0.41,False,2026-05-12 00:12:52.866,10
V43712,2026-05-12 00:08:46.258,EVT-000422,venta_confirmada,2026-05-12 00:08:46,V43712,C0054,JV010,PS5,Yape,Luis,229.9,3,689.7,Jerónimo Ferrández Chaparro,Silver,San Miguel,0.82,True,2026-05-12 00:12:52.866,10
V31527,2026-05-12 00:08:46.360,EVT-000423,venta_creada,2026-05-12 00:08:46,V31527,C0132,JV016,PS5,Tarjeta Crédito,José,289.9,3,869.7,René Corral Mármol,Básico,San Isidro,0.83,True,2026-05-12 00:12:52.866,10
V14099,2026-05-12 00:08:46.494,EVT-000424,venta_creada,2026-05-12 00:08:46,V14099,C0278,JV002,Xbox,Tarjeta Débito,José,249.9,1,249.9,Baldomero Esteve Torralba,Gold,San Borja,0.68,False,2026-05-12 00:12:52.866,10
V31394,2026-05-12 00:08:46.595,EVT-000425,envio_preparado,2026-05-12 00:08:46,V31394,C0074,JV007,PS5,Yape,Carlos,249.9,1,249.9,Tomás Joan Donaire Bayona,Gold,Callao,0.49,False,2026-05-12 00:12:52.866,10
V16184,2026-05-12 00:08:46.727,EVT-000426,venta_creada,2026-05-12 00:08:46,V16184,C0421,JV011,PS5,Tarjeta Crédito,María,219.9,2,439.8,Joaquina Varela-Urrutia,Silver,SJL,0.05,False,2026-05-12 00:12:52.866,10
V44249,2026-05-12 00:08:46.828,EVT-000427,envio_preparado,2026-05-12 00:08:46,V44249,C0166,JV019,Switch,Yape,Luis,249.9,2,499.8,Dani del Balaguer,Gold,Los Olivos,0.66,False,2026-05-12 00:12:52.866,10
V29820,2026-05-12 00:08:46.929,EVT-000428,venta_confirmada,2026-05-12 00:08:46,V29820,C0029,JV011,PS5,Efectivo,Ana,219.9,2,439.8,Áurea Gertrudis Ferreras Falcón,Gold,Comas,0.36,False,2026-05-12 00:12:52.866,10
V06470,2026-05-12 00:08:47.062,EVT-000429,venta_creada,2026-05-12 00:08:47,V06470,C0364,JV016,PS5,Tarjeta Débito,Luis,289.9,1,289.9,Tristán Navas Valcárcel,Platinum,Comas,0.89,True,2026-05-12 00:12:52.866,10
V03734,2026-05-12 00:08:47.195,EVT-000430,pago_aprobado,2026-05-12 00:08:47,V03734,C0487,JV009,Switch,Yape,Luis,199.9,1,199.9,Jose Angel Bonilla Ruano,Gold,SJL,0.31,False,2026-05-12 00:12:52.866,10
V28522,2026-05-12 00:08:47.421,EVT-000431,venta_creada,2026-05-12 00:08:47,V28522,C0237,JV014,PC,Tarjeta Crédito,José,259.9,1,259.9,Encarnación Bibiana Diez Infante,Platinum,La Molina,0.54,False,2026-05-12 00:12:52.866,10
V11546,2026-05-12 00:08:47.572,EVT-000432,envio_preparado,2026-05-12 00:08:47,V11546,C0203,JV009,Switch,Tarjeta Crédito,María,199.9,1,199.9,Fulgencio Aristides Sacristán Estevez,Gold,Lince,0.79,True,2026-05-12 00:12:52.866,10
V39130,2026-05-12 00:08:47.765,EVT-000433,venta_creada,2026-05-12 00:08:47,V39130,C0214,JV015,PS5,Plin,Carlos,239.9,3,719.7,Leonor Alvarado Seco,Básico,Surquillo,0.77,True,2026-05-12 00:12:52.866,10
V32560,2026-05-12 00:08:47.866,EVT-000434,venta_completada,2026-05-12 00:08:47,V32560,C0131,JV008,PS5,Yape,Luis,239.9,1,239.9,Javiera Fuentes Vall,Básico,Callao,0.08,False,2026-05-12 00:12:52.866,10
V28927,2026-05-12 00:08:48.039,EVT-000435,venta_creada,2026-05-12 00:08:48,V28927,C0046,JV013,PS5,Efectivo,José,269.9,1,269.9,Ruy Tovar Tapia,Gold,Callao,0.03,False,2026-05-12 00:12:52.866,10
V20320,2026-05-12 00:08:48.176,EVT-000436,venta_confirmada,2026-05-12 00:08:48,V20320,C0338,JV018,Switch,Yape,Luis,129.9,1,129.9,Poncio Leocadio Delgado Pina,Platinum,San Isidro,0.79,True,2026-05-12 00:12:52.866,10
V16191,2026-05-12 00:08:48.282,EVT-000437,venta_creada,2026-05-12 00:08:48,V16191,C0132,JV016,PS5,Tarjeta Débito,Ana,289.9,1,289.9,René Corral Mármol,Básico,San Isidro,0.93,True,2026-05-12 00:12:52.866,10
V34001,2026-05-12 00:08:48.479,EVT-000438,venta_completada,2026-05-12 00:08:48,V34001,C0386,JV019,Switch,Efectivo,María,249.9,1,249.9,Pascuala Barrena Priego,Silver,Comas,0.43,False,2026-05-12 00:12:52.866,10
V24575,2026-05-12 00:08:48.660,EVT-000439,pago_aprobado,2026-05-12 00:08:48,V24575,C0335,JV001,PS5,Tarjeta Débito,Ana,299.9,1,299.9,Agapito Carnero Saldaña,Silver,Los Olivos,0.71,False,2026-05-12 00:12:52.866,10
V04733,2026-05-12 00:08:48.761,EVT-000440,venta_confirmada,2026-05-12 00:08:48,V04733,C0371,JV002,PS5,Tarjeta Débito,María,249.9,2,499.8,Asunción Alberola Rivas,Platinum,SJL,0.64,False,2026-05-12 00:12:52.866,10
V29622,2026-05-12 00:08:48.862,EVT-000441,pago_aprobado,2026-05-12 00:08:48,V29622,C0274,JV007,PC,Efectivo,Luis,249.9,1,249.9,Manu Royo Blanca,Básico,Callao,0.06,False,2026-05-12 00:12:52.866,10
V05114,2026-05-12 00:08:48.999,EVT-000442,venta_completada,2026-05-12 00:08:48,V05114,C0462,JV017,PS5,Efectivo,Luis,219.9,1,219.9,Mario de Sancho,Silver,San Miguel,0.8,True,2026-05-12 00:12:52.866,10
V22096,2026-05-12 00:08:49.100,EVT-000443,venta_cancelada,2026-05-12 00:08:49,V22096,C0222,JV010,PS5,Yape,Carlos,229.9,1,229.9,Edgardo Esteban Tejero,Silver,San Miguel,0.29,False,2026-05-12 00:12:52.866,10
V43429,2026-05-12 00:08:49.331,EVT-000444,venta_creada,2026-05-12 00:08:49,V43429,C0152,JV014,Switch,Tarjeta Débito,José,259.9,1,259.9,Diana de Iborra,Básico,SJL,0.31,False,2026-05-12 00:12:52.866,10
V31277,2026-05-12 00:08:49.470,EVT-000445,venta_completada,2026-05-12 00:08:49,V31277,C0199,JV008,PS5,Tarjeta Crédito,José,239.9,1,239.9,Marcelino Toro-Arribas,Silver,Lince,0.21,False,2026-05-12 00:12:52.866,10
V34615,2026-05-12 00:08:49.570,EVT-000446,envio_preparado,2026-05-12 00:08:49,V34615,C0440,JV013,PS5,Plin,José,269.9,2,539.8,Ale Tormo-Duarte,Platinum,SJL,0.52,False,2026-05-12 00:12:52.866,10
V48436,2026-05-12 00:08:49.671,EVT-000447,pago_aprobado,2026-05-12 00:08:49,V48436,C0496,JV016,PS5,Tarjeta Crédito,Carlos,289.9,3,869.7,Nazaret Escalona Galán,Platinum,Callao,0.13,False,2026-05-12 00:12:52.866,10
V45952,2026-05-12 00:08:49.772,EVT-000448,venta_creada,2026-05-12 00:08:49,V45952,C0451,JV005,PS5,Plin,Luis,299.9,2,599.8,Rosalinda Benet Español,Básico,La Molina,0.38,False,2026-05-12 00:12:52.866,10
V31108,2026-05-12 00:08:49.877,EVT-000449,venta_completada,2026-05-12 00:08:49,V31108,C0002,JV018,Switch,Tarjeta Crédito,Ana,129.9,1,129.9,León Sans Oller,Básico,Comas,0.22,False,2026-05-12 00:12:52.866,10
V48274,2026-05-12 00:08:49.978,EVT-000450,venta_creada,2026-05-12 00:08:49,V48274,C0201,JV010,PC,Tarjeta Crédito,José,229.9,1,229.9,Iris Campoy Berrocal,Básico,La Molina,0.75,True,2026-05-12 00:12:52.866,10
V28129,2026-05-12 00:08:50.079,EVT-000451,venta_creada,2026-05-12 00:08:50,V28129,C0042,JV013,PS5,Tarjeta Débito,José,269.9,1,269.9,Javi Tormo Tur,Gold,San Miguel,0.37,False,2026-05-12 00:12:52.866,10
V38849,2026-05-12 00:08:50.181,EVT-000452,venta_completada,2026-05-12 00:08:50,V38849,C0153,JV008,Xbox,Efectivo,Carlos,239.9,2,479.8,Galo Riquelme Canals,Silver,San Isidro,0.92,True,2026-05-12 00:12:52.866,10
V30085,2026-05-12 00:08:50.283,EVT-000453,pago_aprobado,2026-05-12 00:08:50,V30085,C0427,JV003,PC,Efectivo,José,229.9,1,229.9,Iris Cabañas Esteban,Gold,SJL,0.51,False,2026-05-12 00:12:52.866,10
V28652,2026-05-12 00:08:50.385,EVT-000454,envio_preparado,2026-05-12 00:08:50,V28652,C0265,JV008,PS5,Tarjeta Débito,José,239.9,1,239.9,África Artigas Huerta,Básico,Callao,0.64,False,2026-05-12 00:12:52.866,10
V40692,2026-05-12 00:08:50.486,EVT-000455,venta_confirmada,2026-05-12 00:08:50,V40692,C0221,JV009,Switch,Efectivo,Ana,199.9,2,399.8,Gil Patricio Casanova Barrena,Platinum,Surco,0.95,True,2026-05-12 00:12:52.866,10
V13435,2026-05-12 00:08:50.588,EVT-000456,venta_creada,2026-05-12 00:08:50,V13435,C0312,JV005,PS5,Tarjeta Crédito,María,299.9,1,299.9,Belén Ferrándiz-Fuster,Básico,Los Olivos,0.95,True,2026-05-12 00:12:52.866,10
V34901,2026-05-12 00:08:50.689,EVT-000457,envio_preparado,2026-05-12 00:08:50,V34901,C0074,JV008,PS5,Plin,María,239.9,1,239.9,Tomás Joan Donaire Bayona,Gold,Callao,0.66,False,2026-05-12 00:12:52.866,10
V13268,2026-05-12 00:08:50.792,EVT-000458,venta_creada,2026-05-12 00:08:50,V13268,C0250,JV012,Switch,Tarjeta Débito,Luis,189.9,1,189.9,Áurea Arjona Santos,Silver,Comas,0.77,True,2026-05-12 00:12:52.866,10
V03246,2026-05-12 00:08:50.893,EVT-000459,venta_completada,2026-05-12 00:08:50,V03246,C0273,JV009,Switch,Yape,Luis,199.9,2,399.8,Azeneth Susana Rozas Frías,Gold,Jesús María,0.85,True,2026-05-12 00:12:52.866,10
V42491,2026-05-12 00:08:50.994,EVT-000460,envio_preparado,2026-05-12 00:08:50,V42491,C0378,JV004,Switch,Plin,José,279.9,3,839.7,Amador Bautista Gómez,Silver,Jesús María,0.41,False,2026-05-12 00:12:52.866,10
V41200,2026-05-12 00:08:51.095,EVT-000461,venta_confirmada,2026-05-12 00:08:51,V41200,C0375,JV015,Xbox,Tarjeta Crédito,Ana,239.9,1,239.9,Isabel Rivero,Platinum,SJL,0.33,False,2026-05-12 00:12:52.866,10
V15791,2026-05-12 00:08:51.196,EVT-000462,venta_creada,2026-05-12 00:08:51,V15791,C0148,JV012,Switch,Tarjeta Débito,Ana,189.9,1,189.9,Zacarías Lluch Leon,Gold,San Isidro,0.85,True,2026-05-12 00:12:52.866,10
V27314,2026-05-12 00:08:51.297,EVT-000463,venta_cancelada,2026-05-12 00:08:51,V27314,C0118,JV007,PS5,Plin,Carlos,249.9,2,499.8,Zoraida Teresita Gimenez Cerro,Básico,SJL,0.4,False,2026-05-12 00:12:52.866,10
V06826,2026-05-12 00:08:51.398,EVT-000464,pago_aprobado,2026-05-12 00:08:51,V06826,C0284,JV008,PC,Tarjeta Crédito,Ana,239.9,2,479.8,Almudena Saldaña Feliu,Silver,Miraflores,0.28,False,2026-05-12 00:12:52.866,10
V39623,2026-05-12 00:08:51.582,EVT-000465,pago_aprobado,2026-05-12 00:08:51,V39623,C0178,JV011,PS5,Efectivo,Ana,219.9,1,219.9,Carla Antón Carbonell,Gold,SJL,0.55,False,2026-05-12 00:12:52.866,10
V23820,2026-05-12 00:08:51.684,EVT-000466,venta_confirmada,2026-05-12 00:08:51,V23820,C0272,JV004,Switch,Plin,María,279.9,1,279.9,Lupe Andres Requena,Básico,Breña,0.19,False,2026-05-12 00:12:52.866,10
V37600,2026-05-12 00:08:51.785,EVT-000467,venta_creada,2026-05-12 00:08:51,V37600,C0191,JV019,Switch,Efectivo,Carlos,249.9,3,749.7,Teodora del Contreras,Silver,Pueblo Libre,0.38,False,2026-05-12 00:12:52.866,10
V10625,2026-05-12 00:08:51.909,EVT-000468,envio_preparado,2026-05-12 00:08:51,V10625,C0428,JV002,PS5,Plin,María,249.9,1,249.9,Raimundo Tur-Palau,Gold,Surco,0.14,False,2026-05-12 00:12:52.866,10
V21066,2026-05-12 00:08:52.010,EVT-000469,venta_cancelada,2026-05-12 00:08:52,V21066,C0195,JV013,PS5,Efectivo,Ana,269.9,3,809.7,Curro Solís Alarcón,Platinum,Surquillo,0.86,True,2026-05-12 00:12:52.866,10
V20466,2026-05-12 00:08:52.110,EVT-000470,venta_confirmada,2026-05-12 00:08:52,V20466,C0474,JV008,PC,Plin,José,239.9,3,719.7,Marisol Ferrández Millán,Básico,Jesús María,0.72,False,2026-05-12 00:12:52.866,10
V18970,2026-05-12 00:08:52.211,EVT-000471,pago_aprobado,2026-05-12 00:08:52,V18970,C0086,JV016,PS5,Efectivo,Carlos,289.9,1,289.9,Chucho Muro Pedrosa,Silver,Jesús María,0.16,False,2026-05-12 00:12:52.866,10
V12117,2026-05-12 00:08:52.312,EVT-000472,venta_confirmada,2026-05-12 00:08:52,V12117,C0190,JV005,PS5,Yape,José,299.9,2,599.8,Dolores de Querol,Gold,Miraflores,0.55,False,2026-05-12 00:12:52.866,10
V08864,2026-05-12 00:08:52.413,EVT-000473,pago_aprobado,2026-05-12 00:08:52,V08864,C0390,JV014,PS4,Tarjeta Débito,María,259.9,3,779.7,Ruth Gelabert Hidalgo,Silver,Surquillo,0.7,False,2026-05-12 00:12:52.866,10
V23366,2026-05-12 00:08:52.514,EVT-000474,venta_confirmada,2026-05-12 00:08:52,V23366,C0237,JV017,PS5,Plin,Ana,219.9,2,439.8,Encarnación Bibiana Diez Infante,Platinum,La Molina,0.24,False,2026-05-12 00:12:52.866,10
V24230,2026-05-12 00:08:52.621,EVT-000475,venta_completada,2026-05-12 00:08:52,V24230,C0127,JV006,Xbox,Plin,Ana,219.9,2,439.8,Ovidio del Corbacho,Gold,La Molina,0.25,False,2026-05-12 00:12:52.866,10
V34603,2026-05-12 00:08:52.722,EVT-000476,pago_aprobado,2026-05-12 00:08:52,V34603,C0319,JV013,PS4,Efectivo,Carlos,269.9,1,269.9,Viviana Amorós-Miralles,Platinum,Los Olivos,0.86,True,2026-05-12 00:12:52.866,10
V16342,2026-05-12 00:08:52.823,EVT-000477,envio_preparado,2026-05-12 00:08:52,V16342,C0135,JV020,PS5,Yape,Luis,179.9,1,179.9,Alcides Pepe Vázquez Lucena,Básico,San Borja,0.32,False,2026-05-12 00:12:52.866,10
V00440,2026-05-12 00:08:52.925,EVT-000478,venta_creada,2026-05-12 00:08:52,V00440,C0140,JV011,PS5,Tarjeta Crédito,María,219.9,1,219.9,Alex Rius Bastida,Gold,Lince,0.82,True,2026-05-12 00:12:52.866,10
V38815,2026-05-12 00:08:53.026,EVT-000479,venta_creada,2026-05-12 00:08:53,V38815,C0420,JV005,PS5,Plin,Ana,299.9,2,599.8,Candelaria Montes Silva,Básico,SJL,0.23,False,2026-05-12 00:12:52.866,10
V37757,2026-05-12 00:08:53.126,EVT-000480,venta_creada,2026-05-12 00:08:53,V37757,C0202,JV009,Switch,Plin,María,199.9,1,199.9,Luz de Plaza,Platinum,Surquillo,0.77,True,2026-05-12 00:12:52.866,10
V09512,2026-05-12 00:08:53.229,EVT-000481,envio_preparado,2026-05-12 00:08:53,V09512,C0065,JV011,PS5,Yape,José,219.9,2,439.8,Verónica Atienza Barrena,Básico,San Miguel,0.57,False,2026-05-12 00:12:52.866,10
V05246,2026-05-12 00:08:53.331,EVT-000482,venta_confirmada,2026-05-12 00:08:53,V05246,C0130,JV010,PS5,Efectivo,José,229.9,1,229.9,Julia de Lopez,Básico,Comas,0.73,False,2026-05-12 00:12:52.866,10
V04732,2026-05-12 00:08:53.431,EVT-000483,envio_preparado,2026-05-12 00:08:53,V04732,C0207,JV014,Switch,Tarjeta Crédito,José,259.9,1,259.9,Severino Narváez Acero,Platinum,Comas,0.82,True,2026-05-12 00:12:52.866,10
V20239,2026-05-12 00:08:53.533,EVT-000484,venta_confirmada,2026-05-12 00:08:53,V20239,C0495,JV002,PC,Yape,José,249.9,1,249.9,Silvio Rosales Marcos,Básico,Surquillo,0.19,False,2026-05-12 00:12:52.866,10
V43385,2026-05-12 00:08:53.634,EVT-000485,venta_creada,2026-05-12 00:08:53,V43385,C0178,JV003,PS5,Plin,Carlos,229.9,1,229.9,Carla Antón Carbonell,Gold,SJL,0.24,False,2026-05-12 00:12:52.866,10
V03818,2026-05-12 00:08:53.734,EVT-000486,venta_creada,2026-05-12 00:08:53,V03818,C0217,JV016,PS5,Tarjeta Débito,Carlos,289.9,1,289.9,Sol Alemán Gallardo,Básico,Comas,0.84,True,2026-05-12 00:12:52.866,10
V28110,2026-05-12 00:08:53.835,EVT-000487,venta_creada,2026-05-12 00:08:53,V28110,C0057,JV005,PS5,Plin,Ana,299.9,2,599.8,Mario Torralba,Básico,La Molina,0.81,True,2026-05-12 00:12:52.866,10
V15745,2026-05-12 00:08:53.937,EVT-000488,venta_creada,2026-05-12 00:08:53,V15745,C0191,JV015,PC,Tarjeta Débito,José,239.9,1,239.9,Teodora del Contreras,Silver,Pueblo Libre,0.49,False,2026-05-12 00:12:52.866,10
V38413,2026-05-12 00:08:54.037,EVT-000489,envio_preparado,2026-05-12 00:08:54,V38413,C0369,JV016,PS5,Tarjeta Crédito,Luis,289.9,1,289.9,Tania del Jordán,Gold,Surco,0.57,False,2026-05-12 00:12:52.866,10
V47357,2026-05-12 00:08:54.138,EVT-000490,venta_creada,2026-05-12 00:08:54,V47357,C0016,JV020,PS5,Efectivo,Carlos,179.9,1,179.9,Carlos de Galvez,Silver,Callao,0.06,False,2026-05-12 00:12:52.866,10
V13736,2026-05-12 00:08:54.239,EVT-000491,venta_creada,2026-05-12 00:08:54,V13736,C0411,JV010,Xbox,Plin,María,229.9,3,689.7,Guiomar Campillo Reig,Básico,Surco,0.12,False,2026-05-12 00:12:52.866,10
V24544,2026-05-12 00:08:54.340,EVT-000492,venta_creada,2026-05-12 00:08:54,V24544,C0031,JV006,Switch,Yape,María,219.9,1,219.9,Esteban del Colomer,Silver,Jesús María,0.4,False,2026-05-12 00:12:52.866,10
V08684,2026-05-12 00:08:54.441,EVT-000493,venta_confirmada,2026-05-12 00:08:54,V08684,C0099,JV015,PS5,Plin,Luis,239.9,1,239.9,Lucio Bárcena Vilalta,Platinum,San Borja,0.38,False,2026-05-12 00:12:52.866,10
V04432,2026-05-12 00:08:54.543,EVT-000494,venta_completada,2026-05-12 00:08:54,V04432,C0343,JV006,PS5,Tarjeta Crédito,María,219.9,2,439.8,Raúl Bernardo Carrasco Lucena,Gold,Surquillo,0.57,False,2026-05-12 00:12:52.866,10
V48021,2026-05-12 00:08:54.644,EVT-000495,venta_confirmada,2026-05-12 00:08:54,V48021,C0149,JV006,Switch,Plin,Ana,219.9,2,439.8,Saturnina Bueno Llamas,Gold,San Miguel,0.28,False,2026-05-12 00:12:52.866,10
V32495,2026-05-12 00:08:54.745,EVT-000496,venta_confirmada,2026-05-12 00:08:54,V32495,C0069,JV011,PS5,Tarjeta Débito,Carlos,219.9,2,439.8,Constanza Mendizábal,Gold,Los Olivos,0.61,False,2026-05-12 00:12:52.866,10
V24997,2026-05-12 00:08:54.846,EVT-000497,envio_preparado,2026-05-12 00:08:54,V24997,C0106,JV019,Switch,Plin,Carlos,249.9,2,499.8,Asunción Bolaños Ramos,Silver,San Miguel,0.14,False,2026-05-12 00:12:52.866,10
V44514,2026-05-12 00:08:54.948,EVT-000498,venta_confirmada,2026-05-12 00:08:54,V44514,C0330,JV011,PS5,Plin,José,219.9,1,219.9,Vicenta de Criado,Gold,Jesús María,0.54,False,2026-05-12 00:12:52.866,10
V41789,2026-05-12 00:08:55.049,EVT-000499,venta_completada,2026-05-12 00:08:55,V41789,C0368,JV018,Switch,Plin,Luis,129.9,3,389.7,Mar Barón Fonseca,Básico,Surquillo,0.94,True,2026-05-12 00:12:52.866,10
V13255,2026-05-12 00:08:55.149,EVT-000500,venta_confirmada,2026-05-12 00:08:55,V13255,C0165,JV011,PS5,Plin,Luis,219.9,3,659.7,Mateo del Cepeda,Básico,Breña,0.84,True,2026-05-12 00:12:52.866,10
