message_key,kafka_timestamp,event_id,event_type,event_timestamp,venta_id,cliente_id,juego_id,plataforma,metodo_pago,vendedor,precio,cantidad,total,cliente_nombre,nivel_membresia,distrito,riesgo_fraude,venta_riesgosa,processing_timestamp,batch_id
V35896,2026-05-12 00:50:16.261,EVT-000430,venta_confirmada,2026-05-12 00:50:16,V35896,C0031,JV011,PS5,Tarjeta Débito,José,219.9,1,219.9,Esteban del Colomer,Silver,Jesús María,0.32,False,2026-05-12 00:51:26.920,16
V01403,2026-05-12 00:50:16.363,EVT-000431,venta_creada,2026-05-12 00:50:16,V01403,C0032,JV014,Switch,Yape,Ana,259.9,1,259.9,Armando Cerro Robles,Básico,Jesús María,0.85,True,2026-05-12 00:51:26.920,16
V44275,2026-05-12 00:50:16.463,EVT-000432,venta_confirmada,2026-05-12 00:50:16,V44275,C0392,JV014,PC,Yape,Ana,259.9,2,519.8,Manolo Mateo Barros,Básico,Pueblo Libre,0.02,False,2026-05-12 00:51:26.920,16
V45704,2026-05-12 00:50:16.564,EVT-000433,venta_confirmada,2026-05-12 00:50:16,V45704,C0467,JV004,Switch,Plin,María,279.9,2,559.8,José Manuel Ruperto Atienza Plaza,Platinum,Los Olivos,0.28,False,2026-05-12 00:51:26.920,16
V18780,2026-05-12 00:50:16.665,EVT-000434,venta_completada,2026-05-12 00:50:16,V18780,C0429,JV003,PS5,Tarjeta Débito,Luis,229.9,1,229.9,Tatiana Serra Carretero,Silver,Jesús María,0.66,False,2026-05-12 00:51:26.920,16
V07747,2026-05-12 00:50:16.799,EVT-000435,venta_creada,2026-05-12 00:50:16,V07747,C0486,JV005,PS5,Yape,Luis,299.9,1,299.9,Maura Quero Ribera,Platinum,Lince,0.35,False,2026-05-12 00:51:26.920,16
V09775,2026-05-12 00:50:16.932,EVT-000436,venta_creada,2026-05-12 00:50:16,V09775,C0252,JV018,Switch,Tarjeta Crédito,José,129.9,1,129.9,Curro Arribas Miró,Gold,Lince,0.34,False,2026-05-12 00:51:26.920,16
V45599,2026-05-12 00:50:17.074,EVT-000437,pago_aprobado,2026-05-12 00:50:17,V45599,C0039,JV015,Xbox,Tarjeta Débito,Carlos,239.9,2,479.8,Celestina Amor Cárdenas,Silver,SJL,0.94,True,2026-05-12 00:51:26.920,16
V03251,2026-05-12 00:50:17.665,EVT-000438,venta_confirmada,2026-05-12 00:50:17,V03251,C0110,JV014,Switch,Tarjeta Crédito,Carlos,259.9,1,259.9,León Vicens Camino,Platinum,Los Olivos,0.05,False,2026-05-12 00:51:26.920,16
V49145,2026-05-12 00:50:17.825,EVT-000439,venta_completada,2026-05-12 00:50:17,V49145,C0398,JV010,PS5,Tarjeta Débito,Ana,229.9,1,229.9,Piedad Cuervo Gelabert,Silver,Jesús María,0.4,False,2026-05-12 00:51:26.920,16
V46947,2026-05-12 00:50:17.993,EVT-000440,venta_completada,2026-05-12 00:50:17,V46947,C0481,JV014,PS5,Plin,María,259.9,2,519.8,Manola Cortina Castilla,Básico,Comas,0.33,False,2026-05-12 00:51:26.920,16
V20268,2026-05-12 00:50:18.102,EVT-000441,pago_aprobado,2026-05-12 00:50:18,V20268,C0339,JV005,PS5,Plin,Luis,299.9,1,299.9,Nicodemo del Ramírez,Platinum,Callao,0.81,True,2026-05-12 00:51:26.920,16
V28046,2026-05-12 00:50:18.203,EVT-000442,venta_creada,2026-05-12 00:50:18,V28046,C0354,JV009,Switch,Tarjeta Crédito,Carlos,199.9,1,199.9,Ligia del Pont,Platinum,Surco,0.65,False,2026-05-12 00:51:26.920,16
V40826,2026-05-12 00:50:18.454,EVT-000443,venta_completada,2026-05-12 00:50:18,V40826,C0046,JV017,Xbox,Tarjeta Crédito,José,219.9,2,439.8,Ruy Tovar Tapia,Gold,Callao,0.4,False,2026-05-12 00:51:26.920,16
V08281,2026-05-12 00:50:18.556,EVT-000444,envio_preparado,2026-05-12 00:50:18,V08281,C0224,JV003,PC,Tarjeta Débito,Carlos,229.9,2,459.8,Purificación Viña Puga,Platinum,San Miguel,0.88,True,2026-05-12 00:51:26.920,16
V34546,2026-05-12 00:50:18.657,EVT-000445,venta_confirmada,2026-05-12 00:50:18,V34546,C0154,JV017,PC,Tarjeta Débito,José,219.9,2,439.8,Nazaret Casanovas Fortuny,Gold,Jesús María,0.15,False,2026-05-12 00:51:26.920,16
V12457,2026-05-12 00:50:18.758,EVT-000446,venta_creada,2026-05-12 00:50:18,V12457,C0101,JV016,PS5,Yape,Ana,289.9,1,289.9,Paloma Jara,Silver,SJL,0.11,False,2026-05-12 00:51:26.920,16
V05057,2026-05-12 00:50:18.860,EVT-000447,pago_aprobado,2026-05-12 00:50:18,V05057,C0449,JV020,PC,Tarjeta Débito,Carlos,179.9,1,179.9,Ana Frutos Recio,Platinum,San Borja,0.31,False,2026-05-12 00:51:26.920,16
V20992,2026-05-12 00:50:18.971,EVT-000448,venta_completada,2026-05-12 00:50:18,V20992,C0281,JV010,PS5,Tarjeta Débito,Carlos,229.9,2,459.8,Francisca Valcárcel,Silver,Pueblo Libre,0.09,False,2026-05-12 00:51:26.920,16
V01113,2026-05-12 00:50:19.072,EVT-000449,pago_aprobado,2026-05-12 00:50:19,V01113,C0120,JV005,PS5,Efectivo,María,299.9,2,599.8,Carmela Zaragoza Domínguez,Gold,Miraflores,0.55,False,2026-05-12 00:51:26.920,16
V20791,2026-05-12 00:50:19.209,EVT-000450,venta_completada,2026-05-12 00:50:19,V20791,C0366,JV020,PS5,Tarjeta Crédito,Luis,179.9,1,179.9,Isidoro Ribas Lobo,Platinum,San Miguel,0.85,True,2026-05-12 00:51:26.920,16
V46031,2026-05-12 00:50:19.309,EVT-000451,venta_confirmada,2026-05-12 00:50:19,V46031,C0012,JV006,Xbox,Efectivo,Luis,219.9,1,219.9,Juan Antonio Beltran Andrade,Silver,Miraflores,0.85,True,2026-05-12 00:51:26.920,16
V01366,2026-05-12 00:50:19.456,EVT-000452,venta_confirmada,2026-05-12 00:50:19,V01366,C0113,JV015,PC,Plin,Luis,239.9,1,239.9,Selena Priscila Ojeda García,Gold,Pueblo Libre,0.61,False,2026-05-12 00:51:26.920,16
V42405,2026-05-12 00:50:19.557,EVT-000453,venta_completada,2026-05-12 00:50:19,V42405,C0125,JV013,PS5,Tarjeta Crédito,Ana,269.9,2,539.8,Modesta Manjón Cadenas,Básico,San Borja,0.53,False,2026-05-12 00:51:26.920,16
V09542,2026-05-12 00:50:19.658,EVT-000454,envio_preparado,2026-05-12 00:50:19,V09542,C0267,JV016,PS5,Efectivo,Carlos,289.9,1,289.9,Edelmira Ramón Miguel,Gold,Surco,0.26,False,2026-05-12 00:51:26.920,16
V29838,2026-05-12 00:50:19.758,EVT-000455,pago_aprobado,2026-05-12 00:50:19,V29838,C0485,JV003,Switch,Tarjeta Crédito,María,229.9,3,689.7,Teo Marqués Sales,Básico,SJL,0.08,False,2026-05-12 00:51:26.920,16
V29686,2026-05-12 00:50:19.859,EVT-000456,venta_creada,2026-05-12 00:50:19,V29686,C0240,JV018,PC,Efectivo,María,129.9,1,129.9,Araceli Giralt Tejero,Básico,Pueblo Libre,0.52,False,2026-05-12 00:51:26.920,16
V20825,2026-05-12 00:50:19.959,EVT-000457,envio_preparado,2026-05-12 00:50:19,V20825,C0349,JV008,PS5,Tarjeta Crédito,Carlos,239.9,2,479.8,Lupe Jerez Pombo,Platinum,Miraflores,0.79,True,2026-05-12 00:51:26.920,16
V38666,2026-05-12 00:50:20.060,EVT-000458,venta_confirmada,2026-05-12 00:50:20,V38666,C0379,JV008,PS5,Tarjeta Débito,José,239.9,1,239.9,Esteban Corbacho,Platinum,Surquillo,0.28,False,2026-05-12 00:51:26.920,16
V33188,2026-05-12 00:50:20.188,EVT-000459,venta_confirmada,2026-05-12 00:50:20,V33188,C0209,JV015,PS5,Tarjeta Crédito,María,239.9,2,479.8,Jennifer Izaguirre,Platinum,Surquillo,0.08,False,2026-05-12 00:51:26.920,16
V04504,2026-05-12 00:50:20.288,EVT-000460,pago_aprobado,2026-05-12 00:50:20,V04504,C0321,JV019,Switch,Yape,Luis,249.9,2,499.8,Andrés Felipe de Cárdenas,Platinum,Comas,0.75,True,2026-05-12 00:51:26.920,16
V00939,2026-05-12 00:50:20.429,EVT-000461,envio_preparado,2026-05-12 00:50:20,V00939,C0212,JV003,Switch,Plin,José,229.9,1,229.9,Graciano Maxi Valverde Marin,Gold,Pueblo Libre,0.41,False,2026-05-12 00:51:26.920,16
V41351,2026-05-12 00:50:20.529,EVT-000462,venta_creada,2026-05-12 00:50:20,V41351,C0439,JV020,PC,Tarjeta Débito,Carlos,179.9,3,539.7,Pío Goñi Morante,Básico,Miraflores,0.6,False,2026-05-12 00:51:26.920,16
V11119,2026-05-12 00:50:20.630,EVT-000463,envio_preparado,2026-05-12 00:50:20,V11119,C0256,JV011,PC,Yape,Carlos,219.9,2,439.8,Trinidad Llano Guerrero,Silver,San Isidro,0.1,False,2026-05-12 00:51:26.920,16
V16585,2026-05-12 00:50:20.731,EVT-000464,envio_preparado,2026-05-12 00:50:20,V16585,C0187,JV009,Switch,Tarjeta Débito,José,199.9,2,399.8,Olga Menendez Benitez,Platinum,La Molina,0.9,True,2026-05-12 00:51:26.920,16
V44271,2026-05-12 00:50:20.842,EVT-000465,pago_aprobado,2026-05-12 00:50:20,V44271,C0428,JV018,Switch,Tarjeta Crédito,María,129.9,1,129.9,Raimundo Tur-Palau,Gold,Surco,0.68,False,2026-05-12 00:51:26.920,16
V38130,2026-05-12 00:50:20.957,EVT-000466,pago_aprobado,2026-05-12 00:50:20,V38130,C0334,JV002,PC,Efectivo,José,249.9,1,249.9,Angélica Clemente Niño,Platinum,Los Olivos,0.66,False,2026-05-12 00:51:26.920,16
V45301,2026-05-12 00:50:21.067,EVT-000467,venta_confirmada,2026-05-12 00:50:21,V45301,C0411,JV019,Switch,Yape,Carlos,249.9,1,249.9,Guiomar Campillo Reig,Básico,Surco,0.57,False,2026-05-12 00:51:26.920,16
V16451,2026-05-12 00:50:21.207,EVT-000468,pago_aprobado,2026-05-12 00:50:21,V16451,C0171,JV013,PS5,Tarjeta Débito,Luis,269.9,1,269.9,Leoncio Dalmau,Básico,San Isidro,0.66,False,2026-05-12 00:51:26.920,16
V39455,2026-05-12 00:50:21.319,EVT-000469,venta_confirmada,2026-05-12 00:50:21,V39455,C0151,JV002,PS5,Tarjeta Crédito,Ana,249.9,1,249.9,Haydée Tenorio Sala,Silver,Lince,0.46,False,2026-05-12 00:51:26.920,16
V33542,2026-05-12 00:50:21.469,EVT-000470,pago_aprobado,2026-05-12 00:50:21,V33542,C0250,JV014,PS5,Plin,Luis,259.9,3,779.7,Áurea Arjona Santos,Silver,Comas,0.14,False,2026-05-12 00:51:26.920,16
V40963,2026-05-12 00:50:21.622,EVT-000471,venta_cancelada,2026-05-12 00:50:21,V40963,C0371,JV006,Xbox,Efectivo,Carlos,219.9,1,219.9,Asunción Alberola Rivas,Platinum,SJL,0.57,False,2026-05-12 00:51:26.920,16
V27778,2026-05-12 00:50:21.747,EVT-000472,venta_creada,2026-05-12 00:50:21,V27778,C0012,JV013,PS5,Tarjeta Débito,Carlos,269.9,1,269.9,Juan Antonio Beltran Andrade,Silver,Miraflores,0.82,True,2026-05-12 00:51:26.920,16
V43105,2026-05-12 00:50:21.922,EVT-000473,venta_creada,2026-05-12 00:50:21,V43105,C0326,JV005,PS5,Tarjeta Débito,José,299.9,2,599.8,Octavia Rosales-Borrego,Silver,San Borja,0.1,False,2026-05-12 00:51:26.920,16
V31698,2026-05-12 00:50:22.024,EVT-000474,venta_confirmada,2026-05-12 00:50:22,V31698,C0026,JV015,PS5,Tarjeta Débito,Luis,239.9,3,719.7,Encarna Sara Villena Vallés,Gold,SJL,0.64,False,2026-05-12 00:51:26.920,16
V20901,2026-05-12 00:50:22.127,EVT-000475,venta_creada,2026-05-12 00:50:22,V20901,C0146,JV017,Xbox,Efectivo,María,219.9,1,219.9,Flavia Gallo Roda,Platinum,Pueblo Libre,0.67,False,2026-05-12 00:51:26.920,16
V49493,2026-05-12 00:50:22.229,EVT-000476,envio_preparado,2026-05-12 00:50:22,V49493,C0441,JV005,PS5,Yape,José,299.9,3,899.7,Ruperto Hervia Cardona,Platinum,Comas,0.11,False,2026-05-12 00:51:26.920,16
V18781,2026-05-12 00:50:22.329,EVT-000477,venta_creada,2026-05-12 00:50:22,V18781,C0341,JV018,PC,Tarjeta Débito,Carlos,129.9,3,389.7,Cirino Pinto-Carvajal,Silver,Pueblo Libre,0.65,False,2026-05-12 00:51:26.920,16
V17607,2026-05-12 00:50:22.430,EVT-000478,envio_preparado,2026-05-12 00:50:22,V17607,C0269,JV004,Switch,Yape,María,279.9,1,279.9,Dolores Casado Anaya,Platinum,Lince,0.52,False,2026-05-12 00:51:26.920,16
V04382,2026-05-12 00:50:22.531,EVT-000479,venta_confirmada,2026-05-12 00:50:22,V04382,C0104,JV017,PS5,Tarjeta Débito,Luis,219.9,2,439.8,Valentina Quero Agudo,Silver,Pueblo Libre,0.92,True,2026-05-12 00:51:26.920,16
V10854,2026-05-12 00:50:22.631,EVT-000480,venta_creada,2026-05-12 00:50:22,V10854,C0041,JV013,PS5,Tarjeta Crédito,José,269.9,2,539.8,Aurelio Canet Dávila,Básico,Surco,0.37,False,2026-05-12 00:51:26.920,16
V02970,2026-05-12 00:50:22.732,EVT-000481,venta_creada,2026-05-12 00:50:22,V02970,C0200,JV016,PS5,Tarjeta Crédito,Luis,289.9,3,869.7,Loreto Arribas Peña,Platinum,Pueblo Libre,0.39,False,2026-05-12 00:51:26.920,16
V05548,2026-05-12 00:50:22.851,EVT-000482,venta_creada,2026-05-12 00:50:22,V05548,C0217,JV013,PS5,Tarjeta Débito,Ana,269.9,1,269.9,Sol Alemán Gallardo,Básico,Comas,0.03,False,2026-05-12 00:51:26.920,16
V40507,2026-05-12 00:50:23.011,EVT-000483,venta_completada,2026-05-12 00:50:23,V40507,C0367,JV018,Switch,Yape,Luis,129.9,1,129.9,Felipa Vicens,Silver,Miraflores,0.74,False,2026-05-12 00:51:26.920,16
V08195,2026-05-12 00:50:23.160,EVT-000484,pago_aprobado,2026-05-12 00:50:23,V08195,C0096,JV005,PS5,Tarjeta Crédito,José,299.9,1,299.9,Noelia Valencia Borja,Gold,Comas,0.46,False,2026-05-12 00:51:26.920,16
V43713,2026-05-12 00:50:23.261,EVT-000485,venta_creada,2026-05-12 00:50:23,V43713,C0261,JV020,PS5,Tarjeta Débito,Carlos,179.9,2,359.8,Esmeralda Echeverría,Básico,Los Olivos,0.48,False,2026-05-12 00:51:26.920,16
V39458,2026-05-12 00:50:23.362,EVT-000486,pago_aprobado,2026-05-12 00:50:23,V39458,C0032,JV009,Switch,Yape,Luis,199.9,2,399.8,Armando Cerro Robles,Básico,Jesús María,0.9,True,2026-05-12 00:51:26.920,16
V37679,2026-05-12 00:50:23.464,EVT-000487,envio_preparado,2026-05-12 00:50:23,V37679,C0432,JV005,PS5,Yape,María,299.9,3,899.7,Lupe Seco Galván,Silver,SJL,0.06,False,2026-05-12 00:51:26.920,16
V26749,2026-05-12 00:50:23.566,EVT-000488,pago_aprobado,2026-05-12 00:50:23,V26749,C0404,JV009,Switch,Tarjeta Débito,Luis,199.9,1,199.9,Juan Bautista del Codina,Básico,San Borja,0.73,False,2026-05-12 00:51:26.920,16
V40143,2026-05-12 00:50:23.668,EVT-000489,venta_creada,2026-05-12 00:50:23,V40143,C0015,JV001,PS5,Plin,Ana,299.9,2,599.8,Toño Roda Carranza,Gold,Jesús María,0.63,False,2026-05-12 00:51:26.920,16
V09033,2026-05-12 00:50:23.773,EVT-000490,venta_completada,2026-05-12 00:50:23,V09033,C0091,JV013,PS4,Tarjeta Crédito,Ana,269.9,2,539.8,Azahara Mesa Perera,Platinum,Surco,0.62,False,2026-05-12 00:51:26.920,16
V44054,2026-05-12 00:50:23.875,EVT-000491,envio_preparado,2026-05-12 00:50:23,V44054,C0489,JV005,PS5,Plin,José,299.9,2,599.8,Fulgencio Alcalde Alcaraz,Platinum,Surco,0.4,False,2026-05-12 00:51:26.920,16
V21716,2026-05-12 00:50:23.976,EVT-000492,pago_aprobado,2026-05-12 00:50:23,V21716,C0092,JV001,PS5,Efectivo,Ana,299.9,1,299.9,Adelia Hurtado Ledesma,Básico,Breña,0.11,False,2026-05-12 00:51:26.920,16
V26507,2026-05-12 00:50:24.077,EVT-000493,venta_confirmada,2026-05-12 00:50:24,V26507,C0370,JV016,PS5,Plin,María,289.9,2,579.8,Luz Ríos,Platinum,Comas,0.17,False,2026-05-12 00:51:26.920,16
V04418,2026-05-12 00:50:24.178,EVT-000494,venta_cancelada,2026-05-12 00:50:24,V04418,C0022,JV011,PS5,Tarjeta Crédito,Carlos,219.9,1,219.9,Dulce Palomo Bolaños,Platinum,Breña,0.23,False,2026-05-12 00:51:26.920,16
V47213,2026-05-12 00:50:24.279,EVT-000495,venta_confirmada,2026-05-12 00:50:24,V47213,C0305,JV011,PS5,Plin,Ana,219.9,1,219.9,Marcela Valero Conesa,Básico,Breña,0.08,False,2026-05-12 00:51:26.920,16
V17046,2026-05-12 00:50:24.381,EVT-000496,venta_confirmada,2026-05-12 00:50:24,V17046,C0294,JV015,PS5,Efectivo,José,239.9,2,479.8,Zaida Godoy Rojas,Básico,San Isidro,0.3,False,2026-05-12 00:51:26.920,16
V07535,2026-05-12 00:50:24.482,EVT-000497,pago_aprobado,2026-05-12 00:50:24,V07535,C0211,JV014,PC,Tarjeta Débito,María,259.9,1,259.9,Maximino Salas,Silver,Surquillo,0.46,False,2026-05-12 00:51:26.920,16
V37285,2026-05-12 00:50:24.660,EVT-000498,venta_confirmada,2026-05-12 00:50:24,V37285,C0295,JV001,PS5,Plin,Ana,299.9,1,299.9,Jacobo de Garmendia,Silver,La Molina,0.03,False,2026-05-12 00:51:26.920,16
V21264,2026-05-12 00:50:24.761,EVT-000499,envio_preparado,2026-05-12 00:50:24,V21264,C0009,JV019,Switch,Plin,Carlos,249.9,1,249.9,Itziar Arranz Muñoz,Básico,La Molina,0.2,False,2026-05-12 00:51:26.920,16
V02980,2026-05-12 00:50:24.878,EVT-000500,venta_creada,2026-05-12 00:50:24,V02980,C0301,JV011,PS5,Tarjeta Crédito,María,219.9,3,659.7,Mireia Bautista Naranjo,Platinum,Breña,0.87,True,2026-05-12 00:51:26.920,16
V28323,2026-05-12 00:50:25.061,EVT-000501,venta_creada,2026-05-12 00:50:25,V28323,C0331,JV009,Switch,Efectivo,José,199.9,2,399.8,Vanesa Robledo Santamaria,Platinum,San Isidro,0.83,True,2026-05-12 00:51:26.920,16
V31322,2026-05-12 00:50:25.246,EVT-000502,venta_completada,2026-05-12 00:50:25,V31322,C0208,JV016,PS5,Yape,Ana,289.9,2,579.8,Eufemia Abril Canals,Silver,SJL,0.54,False,2026-05-12 00:51:26.920,16
V04885,2026-05-12 00:50:25.355,EVT-000503,venta_creada,2026-05-12 00:50:25,V04885,C0407,JV012,PC,Tarjeta Débito,José,189.9,3,569.7,Vasco Baquero Rocha,Gold,Callao,0.66,False,2026-05-12 00:51:26.920,16
V41215,2026-05-12 00:50:25.465,EVT-000504,pago_aprobado,2026-05-12 00:50:25,V41215,C0139,JV002,PS5,Tarjeta Débito,Carlos,249.9,2,499.8,Gaspar Jaume Quesada,Básico,Surquillo,0.34,False,2026-05-12 00:51:26.920,16
V10700,2026-05-12 00:50:25.566,EVT-000505,venta_creada,2026-05-12 00:50:25,V10700,C0179,JV019,Switch,Plin,María,249.9,2,499.8,Yéssica de Artigas,Platinum,Lince,0.89,True,2026-05-12 00:51:26.920,16
V03864,2026-05-12 00:50:25.667,EVT-000506,pago_aprobado,2026-05-12 00:50:25,V03864,C0409,JV010,PS5,Yape,Ana,229.9,2,459.8,Vilma Arnal Sanmiguel,Gold,La Molina,0.15,False,2026-05-12 00:51:26.920,16
V45665,2026-05-12 00:50:25.769,EVT-000507,venta_creada,2026-05-12 00:50:25,V45665,C0332,JV002,PS5,Efectivo,Luis,249.9,3,749.7,Pablo Guillén Aguilar,Básico,Los Olivos,0.46,False,2026-05-12 00:51:26.920,16
V36999,2026-05-12 00:50:25.870,EVT-000508,pago_aprobado,2026-05-12 00:50:25,V36999,C0031,JV018,PC,Tarjeta Crédito,Luis,129.9,1,129.9,Esteban del Colomer,Silver,Jesús María,0.15,False,2026-05-12 00:51:26.920,16
V16386,2026-05-12 00:50:26.027,EVT-000509,envio_preparado,2026-05-12 00:50:26,V16386,C0441,JV009,Switch,Efectivo,José,199.9,1,199.9,Ruperto Hervia Cardona,Platinum,Comas,0.81,True,2026-05-12 00:51:26.920,16
V03044,2026-05-12 00:50:26.182,EVT-000510,venta_creada,2026-05-12 00:50:26,V03044,C0028,JV014,PS4,Tarjeta Crédito,María,259.9,1,259.9,Mariana del Briones,Silver,La Molina,0.62,False,2026-05-12 00:51:26.920,16
V10591,2026-05-12 00:50:26.282,EVT-000511,envio_preparado,2026-05-12 00:50:26,V10591,C0242,JV016,PS5,Yape,Carlos,289.9,3,869.7,Esperanza Vazquez Bas,Gold,Breña,0.69,False,2026-05-12 00:51:26.920,16
V39354,2026-05-12 00:50:26.383,EVT-000512,pago_aprobado,2026-05-12 00:50:26,V39354,C0196,JV016,PS5,Plin,María,289.9,1,289.9,Lisandro Amorós Garrido,Gold,SJL,0.52,False,2026-05-12 00:51:26.920,16
V38003,2026-05-12 00:50:26.484,EVT-000513,pago_aprobado,2026-05-12 00:50:26,V38003,C0412,JV017,PS5,Tarjeta Crédito,Carlos,219.9,2,439.8,David Ruperto Gual Aguilar,Platinum,Breña,0.62,False,2026-05-12 00:51:26.920,16
V10927,2026-05-12 00:50:26.584,EVT-000514,venta_creada,2026-05-12 00:50:26,V10927,C0430,JV010,PS5,Tarjeta Débito,Ana,229.9,1,229.9,Pío Lloret Castellanos,Básico,Lince,0.54,False,2026-05-12 00:51:26.920,16
V22191,2026-05-12 00:50:26.703,EVT-000515,venta_completada,2026-05-12 00:50:26,V22191,C0212,JV015,Xbox,Tarjeta Débito,Carlos,239.9,2,479.8,Graciano Maxi Valverde Marin,Gold,Pueblo Libre,0.13,False,2026-05-12 00:51:26.920,16
V19519,2026-05-12 00:50:26.832,EVT-000516,venta_creada,2026-05-12 00:50:26,V19519,C0323,JV020,PC,Plin,José,179.9,3,539.7,Bernardita Marquez-Sureda,Básico,Callao,0.42,False,2026-05-12 00:51:26.920,16
V41192,2026-05-12 00:50:26.933,EVT-000517,venta_creada,2026-05-12 00:50:26,V41192,C0425,JV006,PC,Tarjeta Débito,María,219.9,1,219.9,Jimena Pol Estevez,Básico,Miraflores,0.09,False,2026-05-12 00:51:26.920,16
V03546,2026-05-12 00:50:27.057,EVT-000518,venta_creada,2026-05-12 00:50:27,V03546,C0290,JV009,Switch,Plin,Ana,199.9,1,199.9,Leonel Artemio Verdejo Peral,Platinum,SJL,0.34,False,2026-05-12 00:51:26.920,16
V38276,2026-05-12 00:50:27.198,EVT-000519,venta_creada,2026-05-12 00:50:27,V38276,C0101,JV008,PC,Efectivo,José,239.9,3,719.7,Paloma Jara,Silver,SJL,0.31,False,2026-05-12 00:51:26.920,16
V04287,2026-05-12 00:50:27.300,EVT-000520,venta_confirmada,2026-05-12 00:50:27,V04287,C0349,JV003,PS5,Efectivo,Ana,229.9,1,229.9,Lupe Jerez Pombo,Platinum,Miraflores,0.56,False,2026-05-12 00:51:26.920,16
V44490,2026-05-12 00:50:27.403,EVT-000521,venta_completada,2026-05-12 00:50:27,V44490,C0152,JV002,PC,Tarjeta Débito,María,249.9,1,249.9,Diana de Iborra,Básico,SJL,0.43,False,2026-05-12 00:51:26.920,16
V43555,2026-05-12 00:50:27.526,EVT-000522,venta_creada,2026-05-12 00:50:27,V43555,C0216,JV020,PS5,Tarjeta Crédito,José,179.9,2,359.8,Simón Segismundo Buendía Ros,Básico,Breña,0.23,False,2026-05-12 00:51:26.920,16
V45994,2026-05-12 00:50:27.628,EVT-000523,venta_creada,2026-05-12 00:50:27,V45994,C0042,JV017,PS5,Yape,Ana,219.9,3,659.7,Javi Tormo Tur,Gold,San Miguel,0.07,False,2026-05-12 00:51:26.920,16
V07853,2026-05-12 00:50:27.770,EVT-000524,pago_aprobado,2026-05-12 00:50:27,V07853,C0253,JV005,PS5,Efectivo,José,299.9,1,299.9,Lisandro Moisés Ramis Barba,Básico,La Molina,0.89,True,2026-05-12 00:51:26.920,16
V01394,2026-05-12 00:50:27.876,EVT-000525,venta_completada,2026-05-12 00:50:27,V01394,C0082,JV017,PS5,Efectivo,Luis,219.9,1,219.9,Rogelio Ayala-Crespo,Silver,Surquillo,0.07,False,2026-05-12 00:51:26.920,16
V17099,2026-05-12 00:50:27.978,EVT-000526,venta_confirmada,2026-05-12 00:50:27,V17099,C0189,JV010,PS5,Yape,Luis,229.9,1,229.9,Ramona Alcántara-Bueno,Básico,Pueblo Libre,0.92,True,2026-05-12 00:51:26.920,16
V16613,2026-05-12 00:50:28.084,EVT-000527,venta_creada,2026-05-12 00:50:28,V16613,C0459,JV003,PS5,Tarjeta Crédito,Ana,229.9,1,229.9,Dionisia Bilbao Montserrat,Gold,Callao,0.68,False,2026-05-12 00:51:26.920,16
V22028,2026-05-12 00:50:28.189,EVT-000528,pago_aprobado,2026-05-12 00:50:28,V22028,C0404,JV012,PS5,Tarjeta Débito,Ana,189.9,2,379.8,Juan Bautista del Codina,Básico,San Borja,0.48,False,2026-05-12 00:51:26.920,16
V26481,2026-05-12 00:50:28.290,EVT-000529,venta_completada,2026-05-12 00:50:28,V26481,C0150,JV008,Switch,Yape,Ana,239.9,1,239.9,Isaac Marquez,Silver,San Isidro,0.84,True,2026-05-12 00:51:26.920,16
V11417,2026-05-12 00:50:28.393,EVT-000530,venta_confirmada,2026-05-12 00:50:28,V11417,C0236,JV004,Switch,Yape,Carlos,279.9,1,279.9,Clotilde Vidal Coronado,Gold,San Isidro,0.26,False,2026-05-12 00:51:26.920,16
V23885,2026-05-12 00:50:28.494,EVT-000531,venta_creada,2026-05-12 00:50:28,V23885,C0441,JV006,Switch,Efectivo,Carlos,219.9,2,439.8,Ruperto Hervia Cardona,Platinum,Comas,0.58,False,2026-05-12 00:51:26.920,16
V16089,2026-05-12 00:50:28.595,EVT-000532,venta_completada,2026-05-12 00:50:28,V16089,C0445,JV015,PS5,Tarjeta Débito,José,239.9,2,479.8,Alondra Almazán Yuste,Silver,San Borja,0.12,False,2026-05-12 00:51:26.920,16
V49136,2026-05-12 00:50:28.697,EVT-000533,venta_completada,2026-05-12 00:50:28,V49136,C0449,JV011,PS5,Efectivo,José,219.9,3,659.7,Ana Frutos Recio,Platinum,San Borja,0.18,False,2026-05-12 00:51:26.920,16
V02979,2026-05-12 00:50:28.802,EVT-000534,envio_preparado,2026-05-12 00:50:28,V02979,C0119,JV018,Switch,Tarjeta Débito,Ana,129.9,1,129.9,Sabas Rodriguez-Llopis,Básico,Breña,0.68,False,2026-05-12 00:51:26.920,16
V34968,2026-05-12 00:50:28.908,EVT-000535,envio_preparado,2026-05-12 00:50:28,V34968,C0429,JV015,PS5,Tarjeta Débito,María,239.9,2,479.8,Tatiana Serra Carretero,Silver,Jesús María,0.32,False,2026-05-12 00:51:26.920,16
V00128,2026-05-12 00:50:29.010,EVT-000536,venta_confirmada,2026-05-12 00:50:29,V00128,C0274,JV010,PS5,Plin,Carlos,229.9,1,229.9,Manu Royo Blanca,Básico,Callao,0.75,True,2026-05-12 00:51:26.920,16
V39991,2026-05-12 00:50:29.114,EVT-000537,venta_confirmada,2026-05-12 00:50:29,V39991,C0157,JV006,PS5,Tarjeta Débito,Carlos,219.9,2,439.8,Natanael Reguera Tejero,Silver,Surco,0.76,True,2026-05-12 00:51:26.920,16
V35307,2026-05-12 00:50:29.216,EVT-000538,venta_confirmada,2026-05-12 00:50:29,V35307,C0277,JV015,PS5,Tarjeta Débito,José,239.9,2,479.8,Dan de Riera,Platinum,Jesús María,0.29,False,2026-05-12 00:51:26.920,16
V26277,2026-05-12 00:50:29.319,EVT-000539,envio_preparado,2026-05-12 00:50:29,V26277,C0337,JV019,Switch,Tarjeta Crédito,Luis,249.9,2,499.8,Aurora Cáceres Jimenez,Platinum,La Molina,0.92,True,2026-05-12 00:51:26.920,16
V45306,2026-05-12 00:50:29.420,EVT-000540,pago_aprobado,2026-05-12 00:50:29,V45306,C0349,JV010,PS5,Plin,Carlos,229.9,2,459.8,Lupe Jerez Pombo,Platinum,Miraflores,0.84,True,2026-05-12 00:51:26.920,16
V24434,2026-05-12 00:50:29.523,EVT-000541,venta_completada,2026-05-12 00:50:29,V24434,C0040,JV012,PC,Tarjeta Débito,Luis,189.9,1,189.9,Albano Herranz Farré,Silver,Jesús María,0.86,True,2026-05-12 00:51:26.920,16
V25305,2026-05-12 00:50:29.624,EVT-000542,venta_creada,2026-05-12 00:50:29,V25305,C0260,JV011,PC,Tarjeta Débito,Carlos,219.9,2,439.8,Conrado Omar Barbero Agudo,Silver,Jesús María,0.02,False,2026-05-12 00:51:26.920,16
V00668,2026-05-12 00:50:29.729,EVT-000543,envio_preparado,2026-05-12 00:50:29,V00668,C0085,JV012,Switch,Efectivo,María,189.9,3,569.7,Florinda Quirós Muro,Silver,Surquillo,0.6,False,2026-05-12 00:51:26.920,16
V22768,2026-05-12 00:50:29.830,EVT-000544,venta_confirmada,2026-05-12 00:50:29,V22768,C0003,JV007,Xbox,Yape,Carlos,249.9,2,499.8,Ángela Menéndez Daza,Silver,Miraflores,0.77,True,2026-05-12 00:51:26.920,16
V09390,2026-05-12 00:50:29.933,EVT-000545,venta_cancelada,2026-05-12 00:50:29,V09390,C0433,JV002,PS5,Efectivo,Carlos,249.9,1,249.9,Evita Verdejo,Platinum,Jesús María,0.92,True,2026-05-12 00:51:26.920,16
V43761,2026-05-12 00:50:30.036,EVT-000546,venta_confirmada,2026-05-12 00:50:30,V43761,C0149,JV011,PS5,Tarjeta Débito,María,219.9,3,659.7,Saturnina Bueno Llamas,Gold,San Miguel,0.16,False,2026-05-12 00:51:26.920,16
V29525,2026-05-12 00:50:30.137,EVT-000547,venta_confirmada,2026-05-12 00:50:30,V29525,C0286,JV014,PC,Tarjeta Débito,Carlos,259.9,2,519.8,Isidoro Villalba Morera,Platinum,San Isidro,0.48,False,2026-05-12 00:51:26.920,16
V25190,2026-05-12 00:50:30.238,EVT-000548,pago_aprobado,2026-05-12 00:50:30,V25190,C0289,JV010,PS5,Tarjeta Crédito,Carlos,229.9,2,459.8,José Roma Quevedo,Básico,Pueblo Libre,0.42,False,2026-05-12 00:51:26.920,16
V36402,2026-05-12 00:50:30.347,EVT-000549,pago_aprobado,2026-05-12 00:50:30,V36402,C0019,JV008,PS5,Tarjeta Débito,María,239.9,1,239.9,Fanny Rueda Coll,Silver,La Molina,0.12,False,2026-05-12 00:51:26.920,16
V06063,2026-05-12 00:50:30.451,EVT-000550,venta_completada,2026-05-12 00:50:30,V06063,C0336,JV005,PS5,Tarjeta Crédito,José,299.9,1,299.9,Adriana Roldán Teruel,Silver,Breña,0.93,True,2026-05-12 00:51:26.920,16
V20020,2026-05-12 00:50:30.555,EVT-000551,envio_preparado,2026-05-12 00:50:30,V20020,C0479,JV002,Xbox,Yape,Luis,249.9,2,499.8,Clarisa Bertrán-Ángel,Platinum,Jesús María,0.92,True,2026-05-12 00:51:26.920,16
V05940,2026-05-12 00:50:30.679,EVT-000552,venta_confirmada,2026-05-12 00:50:30,V05940,C0173,JV020,PC,Plin,Carlos,179.9,1,179.9,Angélica del Bárcena,Gold,San Isidro,0.81,True,2026-05-12 00:51:26.920,16
V18963,2026-05-12 00:50:30.805,EVT-000553,venta_confirmada,2026-05-12 00:50:30,V18963,C0053,JV014,PS4,Tarjeta Débito,Ana,259.9,2,519.8,Geraldo Gomez,Platinum,Breña,0.84,True,2026-05-12 00:51:26.920,16
V29252,2026-05-12 00:50:30.913,EVT-000554,venta_cancelada,2026-05-12 00:50:30,V29252,C0268,JV019,Switch,Tarjeta Débito,Carlos,249.9,3,749.7,Ruben Ayala,Gold,Los Olivos,0.51,False,2026-05-12 00:51:26.920,16
V10433,2026-05-12 00:50:31.023,EVT-000555,envio_preparado,2026-05-12 00:50:31,V10433,C0178,JV013,PS5,Efectivo,José,269.9,2,539.8,Carla Antón Carbonell,Gold,SJL,0.61,False,2026-05-12 00:51:26.920,16
V48280,2026-05-12 00:50:31.124,EVT-000556,venta_completada,2026-05-12 00:50:31,V48280,C0407,JV006,PS5,Yape,Luis,219.9,3,659.7,Vasco Baquero Rocha,Gold,Callao,0.85,True,2026-05-12 00:51:26.920,16
V49762,2026-05-12 00:50:31.225,EVT-000557,venta_confirmada,2026-05-12 00:50:31,V49762,C0083,JV017,PC,Tarjeta Débito,María,219.9,2,439.8,Imelda Portillo-Gual,Gold,Los Olivos,0.85,True,2026-05-12 00:51:26.920,16
V42078,2026-05-12 00:50:31.326,EVT-000558,venta_completada,2026-05-12 00:50:31,V42078,C0320,JV009,Switch,Efectivo,Ana,199.9,1,199.9,León de Tamarit,Silver,Comas,0.17,False,2026-05-12 00:51:26.920,16
V03852,2026-05-12 00:50:31.437,EVT-000559,envio_preparado,2026-05-12 00:50:31,V03852,C0050,JV011,PS5,Yape,María,219.9,1,219.9,Máximo Cesar Morillo Romeu,Platinum,Los Olivos,0.6,False,2026-05-12 00:51:26.920,16
V08010,2026-05-12 00:50:31.589,EVT-000560,venta_confirmada,2026-05-12 00:50:31,V08010,C0488,JV012,PS5,Tarjeta Débito,Ana,189.9,1,189.9,Amado Mateos Clavero,Básico,La Molina,0.12,False,2026-05-12 00:51:26.920,16
V40887,2026-05-12 00:50:31.718,EVT-000561,venta_confirmada,2026-05-12 00:50:31,V40887,C0205,JV009,Switch,Tarjeta Débito,María,199.9,1,199.9,Narcisa Barón-Montaña,Silver,Surquillo,0.1,False,2026-05-12 00:51:26.920,16
V13973,2026-05-12 00:50:31.819,EVT-000562,envio_preparado,2026-05-12 00:50:31,V13973,C0151,JV001,PS5,Yape,Luis,299.9,2,599.8,Haydée Tenorio Sala,Silver,Lince,0.48,False,2026-05-12 00:51:26.920,16
V32844,2026-05-12 00:50:31.962,EVT-000563,pago_aprobado,2026-05-12 00:50:31,V32844,C0436,JV003,Switch,Yape,José,229.9,2,459.8,Eva María Cases Vaquero,Gold,Breña,0.54,False,2026-05-12 00:51:26.920,16
V28153,2026-05-12 00:50:32.066,EVT-000564,venta_completada,2026-05-12 00:50:32,V28153,C0008,JV007,PS5,Yape,Ana,249.9,2,499.8,Juan Tenorio Vergara,Gold,Breña,0.88,True,2026-05-12 00:51:26.920,16
V19682,2026-05-12 00:50:32.177,EVT-000565,venta_creada,2026-05-12 00:50:32,V19682,C0246,JV016,PS5,Plin,María,289.9,1,289.9,Nazaret Velasco Olmedo,Básico,SJL,0.09,False,2026-05-12 00:51:26.920,16
V26439,2026-05-12 00:50:32.291,EVT-000566,envio_preparado,2026-05-12 00:50:32,V26439,C0325,JV020,PS5,Efectivo,Luis,179.9,1,179.9,Florina Camps Arana,Silver,Comas,0.32,False,2026-05-12 00:51:26.920,16
V43549,2026-05-12 00:50:32.395,EVT-000567,venta_confirmada,2026-05-12 00:50:32,V43549,C0234,JV015,PS5,Tarjeta Crédito,José,239.9,1,239.9,Paz Serna Montoya,Gold,Miraflores,0.76,True,2026-05-12 00:51:26.920,16
V30240,2026-05-12 00:50:32.522,EVT-000568,venta_confirmada,2026-05-12 00:50:32,V30240,C0022,JV001,PS5,Plin,Ana,299.9,2,599.8,Dulce Palomo Bolaños,Platinum,Breña,0.95,True,2026-05-12 00:51:26.920,16
V43922,2026-05-12 00:50:32.625,EVT-000569,venta_confirmada,2026-05-12 00:50:32,V43922,C0453,JV015,PC,Efectivo,María,239.9,1,239.9,Adalberto Sanmiguel Vilaplana,Gold,Surquillo,0.89,True,2026-05-12 00:51:26.920,16
V21244,2026-05-12 00:50:32.726,EVT-000570,venta_confirmada,2026-05-12 00:50:32,V21244,C0046,JV015,PC,Tarjeta Débito,Carlos,239.9,1,239.9,Ruy Tovar Tapia,Gold,Callao,0.24,False,2026-05-12 00:51:26.920,16
V25049,2026-05-12 00:50:32.851,EVT-000571,venta_completada,2026-05-12 00:50:32,V25049,C0496,JV001,PS5,Tarjeta Crédito,Ana,299.9,1,299.9,Nazaret Escalona Galán,Platinum,Callao,0.28,False,2026-05-12 00:51:26.920,16
V07018,2026-05-12 00:50:32.977,EVT-000572,venta_creada,2026-05-12 00:50:32,V07018,C0049,JV006,PS5,Tarjeta Débito,María,219.9,1,219.9,Heliodoro Nazaret Bayo Fernández,Platinum,San Isidro,0.81,True,2026-05-12 00:51:26.920,16
V21980,2026-05-12 00:50:33.081,EVT-000573,venta_confirmada,2026-05-12 00:50:33,V21980,C0083,JV010,PS5,Plin,María,229.9,3,689.7,Imelda Portillo-Gual,Gold,Los Olivos,0.74,False,2026-05-12 00:51:26.920,16
V43236,2026-05-12 00:50:33.194,EVT-000574,venta_cancelada,2026-05-12 00:50:33,V43236,C0084,JV013,PS5,Tarjeta Crédito,María,269.9,3,809.7,Patricia Alcaraz,Básico,La Molina,0.66,False,2026-05-12 00:51:26.920,16
V11935,2026-05-12 00:50:33.295,EVT-000575,venta_confirmada,2026-05-12 00:50:33,V11935,C0444,JV006,Xbox,Efectivo,Luis,219.9,2,439.8,Fermín Barceló Campos,Gold,San Miguel,0.68,False,2026-05-12 00:51:26.920,16
V01448,2026-05-12 00:50:33.396,EVT-000576,envio_preparado,2026-05-12 00:50:33,V01448,C0334,JV003,PS5,Tarjeta Débito,Carlos,229.9,3,689.7,Angélica Clemente Niño,Platinum,Los Olivos,0.25,False,2026-05-12 00:51:26.920,16
V37808,2026-05-12 00:50:33.496,EVT-000577,venta_completada,2026-05-12 00:50:33,V37808,C0109,JV009,Switch,Plin,María,199.9,3,599.7,Ruperto Manjón,Silver,SJL,0.24,False,2026-05-12 00:51:26.920,16
V41714,2026-05-12 00:50:33.597,EVT-000578,pago_aprobado,2026-05-12 00:50:33,V41714,C0392,JV012,Xbox,Plin,José,189.9,1,189.9,Manolo Mateo Barros,Básico,Pueblo Libre,0.43,False,2026-05-12 00:51:26.920,16
V24052,2026-05-12 00:50:33.698,EVT-000579,venta_creada,2026-05-12 00:50:33,V24052,C0366,JV001,PS5,Tarjeta Crédito,José,299.9,1,299.9,Isidoro Ribas Lobo,Platinum,San Miguel,0.22,False,2026-05-12 00:51:26.920,16
V37494,2026-05-12 00:50:33.801,EVT-000580,venta_creada,2026-05-12 00:50:33,V37494,C0300,JV012,PS5,Tarjeta Crédito,Luis,189.9,1,189.9,Berta de Córdoba,Gold,SJL,0.92,True,2026-05-12 00:51:26.920,16
V14956,2026-05-12 00:50:33.902,EVT-000581,venta_completada,2026-05-12 00:50:33,V14956,C0202,JV010,PS5,Yape,María,229.9,2,459.8,Luz de Plaza,Platinum,Surquillo,0.28,False,2026-05-12 00:51:26.920,16
V09071,2026-05-12 00:50:34.006,EVT-000582,venta_confirmada,2026-05-12 00:50:34,V09071,C0109,JV003,PS5,Efectivo,Ana,229.9,2,459.8,Ruperto Manjón,Silver,SJL,0.69,False,2026-05-12 00:51:26.920,16
V44237,2026-05-12 00:50:34.114,EVT-000583,venta_creada,2026-05-12 00:50:34,V44237,C0309,JV009,Switch,Efectivo,Ana,199.9,1,199.9,Wálter Pineda,Silver,Los Olivos,0.76,True,2026-05-12 00:51:26.920,16
V18727,2026-05-12 00:50:34.218,EVT-000584,pago_aprobado,2026-05-12 00:50:34,V18727,C0094,JV015,PS5,Efectivo,Ana,239.9,1,239.9,María Belén Alcántara Zorrilla,Silver,Lince,0.53,False,2026-05-12 00:51:26.920,16
V31027,2026-05-12 00:50:34.336,EVT-000585,venta_completada,2026-05-12 00:50:34,V31027,C0214,JV016,PS5,Efectivo,Luis,289.9,2,579.8,Leonor Alvarado Seco,Básico,Surquillo,0.51,False,2026-05-12 00:51:26.920,16
V11695,2026-05-12 00:50:34.517,EVT-000586,venta_confirmada,2026-05-12 00:50:34,V11695,C0120,JV019,Switch,Tarjeta Débito,Carlos,249.9,1,249.9,Carmela Zaragoza Domínguez,Gold,Miraflores,0.47,False,2026-05-12 00:51:26.920,16
V00639,2026-05-12 00:50:34.664,EVT-000587,pago_aprobado,2026-05-12 00:50:34,V00639,C0138,JV008,Switch,Tarjeta Débito,Carlos,239.9,2,479.8,Abraham de Angulo,Silver,San Borja,0.01,False,2026-05-12 00:51:26.920,16
V46818,2026-05-12 00:50:34.770,EVT-000588,venta_creada,2026-05-12 00:50:34,V46818,C0361,JV010,Xbox,Efectivo,Ana,229.9,2,459.8,Conrado Casares Riera,Básico,San Isidro,0.22,False,2026-05-12 00:51:26.920,16
V32717,2026-05-12 00:50:34.916,EVT-000589,venta_creada,2026-05-12 00:50:34,V32717,C0348,JV018,Switch,Plin,Ana,129.9,3,389.7,Raúl Isern-Manrique,Gold,Jesús María,0.3,False,2026-05-12 00:51:26.920,16
V07083,2026-05-12 00:50:35.092,EVT-000590,pago_aprobado,2026-05-12 00:50:35,V07083,C0464,JV008,PS5,Tarjeta Débito,María,239.9,1,239.9,Rosalva del Guerra,Básico,Miraflores,0.38,False,2026-05-12 00:51:26.920,16
V01570,2026-05-12 00:50:35.196,EVT-000591,envio_preparado,2026-05-12 00:50:35,V01570,C0105,JV007,PS5,Yape,Luis,249.9,1,249.9,Wilfredo Abellán Lopez,Básico,San Isidro,0.2,False,2026-05-12 00:51:26.920,16
V09390,2026-05-12 00:50:35.297,EVT-000592,venta_confirmada,2026-05-12 00:50:35,V09390,C0433,JV002,PS5,Efectivo,Carlos,249.9,1,249.9,Evita Verdejo,Platinum,Jesús María,0.79,True,2026-05-12 00:51:26.920,16
V32166,2026-05-12 00:50:35.406,EVT-000593,venta_creada,2026-05-12 00:50:35,V32166,C0300,JV003,Switch,Efectivo,Luis,229.9,1,229.9,Berta de Córdoba,Gold,SJL,0.91,True,2026-05-12 00:51:26.920,16
V45622,2026-05-12 00:50:35.511,EVT-000594,venta_creada,2026-05-12 00:50:35,V45622,C0254,JV016,PS5,Yape,Ana,289.9,1,289.9,Isabel Amorós-Llorens,Básico,Callao,0.83,True,2026-05-12 00:51:26.920,16
V41598,2026-05-12 00:50:35.617,EVT-000595,venta_creada,2026-05-12 00:50:35,V41598,C0368,JV016,PS5,Tarjeta Débito,Luis,289.9,1,289.9,Mar Barón Fonseca,Básico,Surquillo,0.49,False,2026-05-12 00:51:26.920,16
V37656,2026-05-12 00:50:35.723,EVT-000596,envio_preparado,2026-05-12 00:50:35,V37656,C0080,JV014,PC,Tarjeta Crédito,Carlos,259.9,2,519.8,Luciano Toledo Valverde,Silver,San Isidro,0.14,False,2026-05-12 00:51:26.920,16
V20389,2026-05-12 00:50:35.826,EVT-000597,envio_preparado,2026-05-12 00:50:35,V20389,C0008,JV017,PS5,Plin,José,219.9,1,219.9,Juan Tenorio Vergara,Gold,Breña,0.59,False,2026-05-12 00:51:26.920,16
V20097,2026-05-12 00:50:35.930,EVT-000598,venta_completada,2026-05-12 00:50:35,V20097,C0132,JV012,PC,Plin,José,189.9,1,189.9,René Corral Mármol,Básico,San Isidro,0.42,False,2026-05-12 00:51:26.920,16
V15815,2026-05-12 00:50:36.031,EVT-000599,envio_preparado,2026-05-12 00:50:36,V15815,C0301,JV007,PS5,Tarjeta Crédito,José,249.9,3,749.7,Mireia Bautista Naranjo,Platinum,Breña,0.24,False,2026-05-12 00:51:26.920,16
V24113,2026-05-12 00:50:36.132,EVT-000600,venta_creada,2026-05-12 00:50:36,V24113,C0227,JV015,Xbox,Plin,Luis,239.9,1,239.9,Jacinta Itziar Bellido Gimenez,Silver,Surquillo,0.71,False,2026-05-12 00:51:26.920,16
V20251,2026-05-12 00:50:36.240,EVT-000601,envio_preparado,2026-05-12 00:50:36,V20251,C0148,JV010,Xbox,Tarjeta Débito,Ana,229.9,1,229.9,Zacarías Lluch Leon,Gold,San Isidro,0.36,False,2026-05-12 00:51:26.920,16
V37890,2026-05-12 00:50:36.358,EVT-000602,venta_confirmada,2026-05-12 00:50:36,V37890,C0128,JV020,PS5,Tarjeta Crédito,Luis,179.9,3,539.7,Vidal Luque Salmerón,Platinum,Jesús María,0.73,False,2026-05-12 00:51:26.920,16
V40230,2026-05-12 00:50:36.465,EVT-000603,envio_preparado,2026-05-12 00:50:36,V40230,C0423,JV010,Xbox,Yape,María,229.9,2,459.8,Ascensión Carpio Real,Básico,Lince,0.07,False,2026-05-12 00:51:26.920,16
V09310,2026-05-12 00:50:36.589,EVT-000604,pago_aprobado,2026-05-12 00:50:36,V09310,C0394,JV015,PC,Tarjeta Crédito,María,239.9,2,479.8,Jesús Sebastián Palacios,Básico,San Miguel,0.74,False,2026-05-12 00:51:26.920,16
V42854,2026-05-12 00:50:36.825,EVT-000605,envio_preparado,2026-05-12 00:50:36,V42854,C0002,JV008,PS5,Plin,Luis,239.9,2,479.8,León Sans Oller,Básico,Comas,0.01,False,2026-05-12 00:51:26.920,16
V20686,2026-05-12 00:50:36.931,EVT-000606,venta_creada,2026-05-12 00:50:36,V20686,C0460,JV012,Xbox,Efectivo,Ana,189.9,2,379.8,Melania Romeu Arnal,Básico,Callao,0.63,False,2026-05-12 00:51:26.920,16
V39969,2026-05-12 00:50:37.037,EVT-000607,venta_confirmada,2026-05-12 00:50:37,V39969,C0062,JV002,PS5,Tarjeta Débito,Ana,249.9,1,249.9,Héctor Correa Varela,Gold,Surco,0.23,False,2026-05-12 00:51:26.920,16
V20436,2026-05-12 00:50:37.140,EVT-000608,venta_completada,2026-05-12 00:50:37,V20436,C0059,JV017,PC,Tarjeta Crédito,José,219.9,1,219.9,Rogelio del Escribano,Silver,Lince,0.7,False,2026-05-12 00:51:26.920,16
V43927,2026-05-12 00:50:37.242,EVT-000609,venta_creada,2026-05-12 00:50:37,V43927,C0206,JV016,PS5,Yape,Luis,289.9,1,289.9,María Carmen Figueras Pomares,Platinum,Surquillo,0.91,True,2026-05-12 00:51:26.920,16
V21250,2026-05-12 00:50:37.343,EVT-000610,envio_preparado,2026-05-12 00:50:37,V21250,C0367,JV011,PC,Yape,Carlos,219.9,2,439.8,Felipa Vicens,Silver,Miraflores,0.92,True,2026-05-12 00:51:26.920,16
V23776,2026-05-12 00:50:37.523,EVT-000611,venta_confirmada,2026-05-12 00:50:37,V23776,C0393,JV001,PS5,Tarjeta Crédito,José,299.9,2,599.8,Cayetana Piña,Platinum,San Borja,0.62,False,2026-05-12 00:51:26.920,16
V45840,2026-05-12 00:50:37.624,EVT-000612,venta_creada,2026-05-12 00:50:37,V45840,C0394,JV014,Xbox,Plin,José,259.9,2,519.8,Jesús Sebastián Palacios,Básico,San Miguel,0.76,True,2026-05-12 00:51:26.920,16
V06682,2026-05-12 00:50:37.727,EVT-000613,venta_confirmada,2026-05-12 00:50:37,V06682,C0153,JV005,PS5,Plin,Carlos,299.9,1,299.9,Galo Riquelme Canals,Silver,San Isidro,0.88,True,2026-05-12 00:51:26.920,16
V40039,2026-05-12 00:50:37.829,EVT-000614,venta_creada,2026-05-12 00:50:37,V40039,C0498,JV018,Switch,Yape,María,129.9,3,389.7,Ciriaco del Cabañas,Básico,San Isidro,0.17,False,2026-05-12 00:51:26.920,16
V03525,2026-05-12 00:50:37.955,EVT-000615,venta_creada,2026-05-12 00:50:37,V03525,C0047,JV002,PS5,Tarjeta Débito,Ana,249.9,1,249.9,Rufina Caridad Vélez Nuñez,Básico,SJL,0.91,True,2026-05-12 00:51:26.920,16
V36296,2026-05-12 00:50:38.058,EVT-000616,pago_aprobado,2026-05-12 00:50:38,V36296,C0279,JV016,PS5,Plin,José,289.9,2,579.8,David Garmendia-Tudela,Silver,Lince,0.68,False,2026-05-12 00:51:26.920,16
V47994,2026-05-12 00:50:38.161,EVT-000617,envio_preparado,2026-05-12 00:50:38,V47994,C0500,JV017,PS5,Tarjeta Débito,Luis,219.9,3,659.7,Luis Ángel de Giralt,Básico,Surco,0.11,False,2026-05-12 00:51:26.920,16
V08609,2026-05-12 00:50:38.263,EVT-000618,venta_cancelada,2026-05-12 00:50:38,V08609,C0297,JV017,PC,Efectivo,Carlos,219.9,3,659.7,Serafina Sevilla,Platinum,Los Olivos,0.23,False,2026-05-12 00:51:26.920,16
V27177,2026-05-12 00:50:38.366,EVT-000619,venta_creada,2026-05-12 00:50:38,V27177,C0292,JV014,PC,Efectivo,Luis,259.9,2,519.8,Lucas Mayoral Alonso,Platinum,Surco,0.61,False,2026-05-12 00:51:26.920,16
V07562,2026-05-12 00:50:38.467,EVT-000620,venta_completada,2026-05-12 00:50:38,V07562,C0466,JV017,PC,Tarjeta Débito,Carlos,219.9,2,439.8,Amador Diéguez-Moreno,Silver,SJL,0.55,False,2026-05-12 00:51:26.920,16
V42139,2026-05-12 00:50:38.569,EVT-000621,venta_confirmada,2026-05-12 00:50:38,V42139,C0381,JV002,PS5,Tarjeta Crédito,Carlos,249.9,1,249.9,Inmaculada Tejedor-Cerdá,Silver,San Borja,0.43,False,2026-05-12 00:51:26.920,16
V12556,2026-05-12 00:50:38.671,EVT-000622,pago_aprobado,2026-05-12 00:50:38,V12556,C0375,JV009,Switch,Tarjeta Débito,Luis,199.9,3,599.7,Isabel Rivero,Platinum,SJL,0.43,False,2026-05-12 00:51:26.920,16
V49399,2026-05-12 00:50:38.774,EVT-000623,pago_aprobado,2026-05-12 00:50:38,V49399,C0440,JV014,Switch,Yape,José,259.9,1,259.9,Ale Tormo-Duarte,Platinum,SJL,0.61,False,2026-05-12 00:51:26.920,16
V13399,2026-05-12 00:50:38.877,EVT-000624,venta_creada,2026-05-12 00:50:38,V13399,C0042,JV013,PS5,Efectivo,María,269.9,1,269.9,Javi Tormo Tur,Gold,San Miguel,0.04,False,2026-05-12 00:51:26.920,16
V14208,2026-05-12 00:50:38.978,EVT-000625,venta_creada,2026-05-12 00:50:38,V14208,C0224,JV016,PS5,Tarjeta Crédito,Luis,289.9,1,289.9,Purificación Viña Puga,Platinum,San Miguel,0.36,False,2026-05-12 00:51:26.920,16
V48125,2026-05-12 00:50:39.079,EVT-000626,venta_creada,2026-05-12 00:50:39,V48125,C0387,JV011,PS5,Yape,Carlos,219.9,1,219.9,Jennifer Piquer-Mora,Silver,San Isidro,0.16,False,2026-05-12 00:51:26.920,16
V42042,2026-05-12 00:50:39.182,EVT-000627,venta_confirmada,2026-05-12 00:50:39,V42042,C0041,JV009,Switch,Plin,María,199.9,1,199.9,Aurelio Canet Dávila,Básico,Surco,0.86,True,2026-05-12 00:51:26.920,16
V46544,2026-05-12 00:50:39.283,EVT-000628,venta_cancelada,2026-05-12 00:50:39,V46544,C0316,JV004,Switch,Tarjeta Crédito,Luis,279.9,2,559.8,Clotilde Carvajal Torrijos,Básico,Callao,0.13,False,2026-05-12 00:51:26.920,16
V40940,2026-05-12 00:50:39.448,EVT-000629,envio_preparado,2026-05-12 00:50:39,V40940,C0494,JV020,PS5,Tarjeta Débito,Ana,179.9,1,179.9,Isabel Falcón Godoy,Platinum,Los Olivos,0.72,False,2026-05-12 00:51:26.920,16
V09959,2026-05-12 00:50:39.563,EVT-000630,venta_confirmada,2026-05-12 00:50:39,V09959,C0411,JV015,PS5,Tarjeta Crédito,Luis,239.9,1,239.9,Guiomar Campillo Reig,Básico,Surco,0.88,True,2026-05-12 00:51:26.920,16
V10862,2026-05-12 00:50:39.666,EVT-000631,venta_creada,2026-05-12 00:50:39,V10862,C0292,JV016,PS5,Plin,Ana,289.9,1,289.9,Lucas Mayoral Alonso,Platinum,Surco,0.26,False,2026-05-12 00:51:26.920,16
V20944,2026-05-12 00:50:39.836,EVT-000632,pago_aprobado,2026-05-12 00:50:39,V20944,C0177,JV002,Xbox,Tarjeta Crédito,María,249.9,1,249.9,Porfirio Vicens-Casal,Gold,Pueblo Libre,0.43,False,2026-05-12 00:51:26.920,16
V05618,2026-05-12 00:50:39.937,EVT-000633,pago_aprobado,2026-05-12 00:50:39,V05618,C0152,JV001,PS5,Tarjeta Crédito,Luis,299.9,1,299.9,Diana de Iborra,Básico,SJL,0.8,True,2026-05-12 00:51:26.920,16
V36579,2026-05-12 00:50:40.039,EVT-000634,venta_creada,2026-05-12 00:50:40,V36579,C0013,JV016,PS5,Plin,Carlos,289.9,1,289.9,Edelmira Barba-Catalá,Básico,Surquillo,0.41,False,2026-05-12 00:51:26.920,16
V01607,2026-05-12 00:50:40.275,EVT-000635,venta_completada,2026-05-12 00:50:40,V01607,C0341,JV009,Switch,Efectivo,Carlos,199.9,3,599.7,Cirino Pinto-Carvajal,Silver,Pueblo Libre,0.41,False,2026-05-12 00:51:26.920,16
V02052,2026-05-12 00:50:40.400,EVT-000636,venta_confirmada,2026-05-12 00:50:40,V02052,C0258,JV003,PC,Tarjeta Débito,Ana,229.9,1,229.9,Florina de Rico,Gold,Los Olivos,0.44,False,2026-05-12 00:51:26.920,16
V39367,2026-05-12 00:50:40.530,EVT-000637,venta_completada,2026-05-12 00:50:40,V39367,C0401,JV007,PC,Tarjeta Crédito,Carlos,249.9,2,499.8,Feliciano Pla Corral,Silver,San Miguel,0.72,False,2026-05-12 00:51:26.920,16
V29645,2026-05-12 00:50:40.716,EVT-000638,venta_confirmada,2026-05-12 00:50:40,V29645,C0050,JV006,PC,Yape,María,219.9,3,659.7,Máximo Cesar Morillo Romeu,Platinum,Los Olivos,0.27,False,2026-05-12 00:51:26.920,16
V05200,2026-05-12 00:50:40.819,EVT-000639,pago_aprobado,2026-05-12 00:50:40,V05200,C0200,JV005,PS5,Tarjeta Débito,Carlos,299.9,2,599.8,Loreto Arribas Peña,Platinum,Pueblo Libre,0.45,False,2026-05-12 00:51:26.920,16
V18619,2026-05-12 00:50:40.921,EVT-000640,venta_creada,2026-05-12 00:50:40,V18619,C0448,JV019,Switch,Plin,Luis,249.9,2,499.8,Feliciana Pizarro Lucena,Gold,Jesús María,0.37,False,2026-05-12 00:51:26.920,16
V22534,2026-05-12 00:50:41.023,EVT-000641,envio_preparado,2026-05-12 00:50:41,V22534,C0313,JV018,Xbox,Yape,María,129.9,2,259.8,Ágata Millán Vives,Gold,Callao,0.24,False,2026-05-12 00:51:26.920,16
V20345,2026-05-12 00:50:41.124,EVT-000642,venta_completada,2026-05-12 00:50:41,V20345,C0245,JV012,Xbox,Tarjeta Crédito,María,189.9,1,189.9,Emelina Olivares Díaz,Básico,Surco,0.89,True,2026-05-12 00:51:26.920,16
V18735,2026-05-12 00:50:41.225,EVT-000643,venta_cancelada,2026-05-12 00:50:41,V18735,C0390,JV006,PS5,Tarjeta Crédito,Luis,219.9,3,659.7,Ruth Gelabert Hidalgo,Silver,Surquillo,0.78,True,2026-05-12 00:51:26.920,16
V11686,2026-05-12 00:50:41.326,EVT-000644,envio_preparado,2026-05-12 00:50:41,V11686,C0326,JV004,Switch,Plin,José,279.9,1,279.9,Octavia Rosales-Borrego,Silver,San Borja,0.93,True,2026-05-12 00:51:26.920,16
V16963,2026-05-12 00:50:41.435,EVT-000645,envio_preparado,2026-05-12 00:50:41,V16963,C0482,JV001,PS5,Yape,Luis,299.9,1,299.9,Pancho Bonilla Calderon,Silver,Surquillo,0.76,True,2026-05-12 00:51:26.920,16
V46009,2026-05-12 00:50:41.535,EVT-000646,venta_cancelada,2026-05-12 00:50:41,V46009,C0493,JV013,PS5,Yape,María,269.9,2,539.8,Diana Lluch-Casado,Silver,Surco,0.17,False,2026-05-12 00:51:26.920,16
V10879,2026-05-12 00:50:41.703,EVT-000647,envio_preparado,2026-05-12 00:50:41,V10879,C0050,JV002,PS5,Yape,Ana,249.9,1,249.9,Máximo Cesar Morillo Romeu,Platinum,Los Olivos,0.3,False,2026-05-12 00:51:26.920,16
V16868,2026-05-12 00:50:41.806,EVT-000648,envio_preparado,2026-05-12 00:50:41,V16868,C0092,JV005,PS5,Tarjeta Débito,José,299.9,1,299.9,Adelia Hurtado Ledesma,Básico,Breña,0.8,True,2026-05-12 00:51:26.920,16
V26432,2026-05-12 00:50:42.010,EVT-000649,venta_completada,2026-05-12 00:50:41,V26432,C0276,JV014,Xbox,Plin,María,259.9,1,259.9,Amarilis Acuña Azorin,Gold,Lince,0.21,False,2026-05-12 00:51:26.920,16
V44623,2026-05-12 00:50:42.174,EVT-000650,envio_preparado,2026-05-12 00:50:42,V44623,C0170,JV006,PS5,Yape,Luis,219.9,2,439.8,Andrés Felipe Guardia Almansa,Gold,Callao,0.48,False,2026-05-12 00:51:26.920,16
V40085,2026-05-12 00:50:42.390,EVT-000651,venta_cancelada,2026-05-12 00:50:42,V40085,C0089,JV017,PS5,Efectivo,Ana,219.9,2,439.8,Cloe Suarez Barral,Gold,Breña,0.57,False,2026-05-12 00:51:26.920,16
V00137,2026-05-12 00:50:42.559,EVT-000652,pago_aprobado,2026-05-12 00:50:42,V00137,C0089,JV003,PC,Efectivo,María,229.9,1,229.9,Cloe Suarez Barral,Gold,Breña,0.59,False,2026-05-12 00:51:26.920,16
V16363,2026-05-12 00:50:42.696,EVT-000653,pago_aprobado,2026-05-12 00:50:42,V16363,C0006,JV016,PS5,Tarjeta Crédito,Carlos,289.9,1,289.9,Iker Castro Baeza,Gold,Comas,0.77,True,2026-05-12 00:51:26.920,16
V46605,2026-05-12 00:50:42.830,EVT-000654,venta_completada,2026-05-12 00:50:42,V46605,C0322,JV005,PS5,Plin,Carlos,299.9,2,599.8,Nico Cortes Guerrero,Platinum,Jesús María,0.08,False,2026-05-12 00:51:26.920,16
V44833,2026-05-12 00:50:42.931,EVT-000655,pago_aprobado,2026-05-12 00:50:42,V44833,C0109,JV015,PS5,Efectivo,Carlos,239.9,3,719.7,Ruperto Manjón,Silver,SJL,0.32,False,2026-05-12 00:51:26.920,16
V34314,2026-05-12 00:50:43.034,EVT-000656,envio_preparado,2026-05-12 00:50:43,V34314,C0254,JV009,Switch,Yape,María,199.9,1,199.9,Isabel Amorós-Llorens,Básico,Callao,0.85,True,2026-05-12 00:51:26.920,16
V46319,2026-05-12 00:50:43.135,EVT-000657,venta_confirmada,2026-05-12 00:50:43,V46319,C0476,JV017,PC,Tarjeta Crédito,José,219.9,2,439.8,Eustaquio Abascal Cerdá,Platinum,La Molina,0.79,True,2026-05-12 00:51:26.920,16
V10224,2026-05-12 00:50:43.236,EVT-000658,venta_creada,2026-05-12 00:50:43,V10224,C0479,JV006,Xbox,Plin,Luis,219.9,1,219.9,Clarisa Bertrán-Ángel,Platinum,Jesús María,0.52,False,2026-05-12 00:51:26.920,16
V47910,2026-05-12 00:50:43.383,EVT-000659,venta_completada,2026-05-12 00:50:43,V47910,C0206,JV017,PS5,Efectivo,Luis,219.9,3,659.7,María Carmen Figueras Pomares,Platinum,Surquillo,0.83,True,2026-05-12 00:51:26.920,16
V28287,2026-05-12 00:50:43.568,EVT-000660,venta_completada,2026-05-12 00:50:43,V28287,C0222,JV003,PS5,Tarjeta Débito,Carlos,229.9,1,229.9,Edgardo Esteban Tejero,Silver,San Miguel,0.56,False,2026-05-12 00:51:26.920,16
V22430,2026-05-12 00:50:43.768,EVT-000661,pago_aprobado,2026-05-12 00:50:43,V22430,C0091,JV004,Switch,Plin,María,279.9,1,279.9,Azahara Mesa Perera,Platinum,Surco,0.21,False,2026-05-12 00:51:26.920,16
V07600,2026-05-12 00:50:43.916,EVT-000662,venta_completada,2026-05-12 00:50:43,V07600,C0043,JV007,PS5,Tarjeta Débito,José,249.9,1,249.9,Porfirio Espada Cruz,Platinum,San Isidro,0.34,False,2026-05-12 00:51:26.920,16
V16253,2026-05-12 00:50:44.039,EVT-000663,venta_completada,2026-05-12 00:50:44,V16253,C0339,JV004,Switch,Plin,Luis,279.9,2,559.8,Nicodemo del Ramírez,Platinum,Callao,0.49,False,2026-05-12 00:51:26.920,16
V09178,2026-05-12 00:50:44.144,EVT-000664,venta_completada,2026-05-12 00:50:44,V09178,C0277,JV007,PS5,Yape,José,249.9,3,749.7,Dan de Riera,Platinum,Jesús María,0.55,False,2026-05-12 00:51:26.920,16
V42243,2026-05-12 00:50:44.245,EVT-000665,venta_confirmada,2026-05-12 00:50:44,V42243,C0087,JV014,PC,Tarjeta Débito,Ana,259.9,1,259.9,Ceferino Osorio Lorenzo,Platinum,Callao,0.92,True,2026-05-12 00:51:26.920,16
V22029,2026-05-12 00:50:46.085,EVT-000666,envio_preparado,2026-05-12 00:50:46,V22029,C0190,JV006,Xbox,Efectivo,José,219.9,1,219.9,Dolores de Querol,Gold,Miraflores,0.89,True,2026-05-12 00:51:26.920,16
V21718,2026-05-12 00:50:46.186,EVT-000667,venta_creada,2026-05-12 00:50:46,V21718,C0010,JV020,PC,Tarjeta Débito,Carlos,179.9,1,179.9,Begoña Barberá Sainz,Básico,Surco,0.49,False,2026-05-12 00:51:26.920,16
V19741,2026-05-12 00:50:46.521,EVT-000668,venta_cancelada,2026-05-12 00:50:46,V19741,C0334,JV004,Switch,Plin,Carlos,279.9,2,559.8,Angélica Clemente Niño,Platinum,Los Olivos,0.01,False,2026-05-12 00:51:26.920,16
V45111,2026-05-12 00:50:46.624,EVT-000669,venta_creada,2026-05-12 00:50:46,V45111,C0215,JV007,PS5,Tarjeta Débito,José,249.9,1,249.9,Marciano Agustín,Gold,Callao,0.47,False,2026-05-12 00:51:26.920,16
V45033,2026-05-12 00:50:46.774,EVT-000670,venta_confirmada,2026-05-12 00:50:46,V45033,C0005,JV013,PS5,Tarjeta Débito,Carlos,269.9,1,269.9,Adelaida Luz Checa Roca,Gold,SJL,0.58,False,2026-05-12 00:51:26.920,16
V47378,2026-05-12 00:50:46.876,EVT-000671,venta_completada,2026-05-12 00:50:46,V47378,C0308,JV017,Xbox,Efectivo,Carlos,219.9,2,439.8,Albano Tomás Aragonés,Silver,Jesús María,0.46,False,2026-05-12 00:51:26.920,16
V11528,2026-05-12 00:50:46.976,EVT-000672,pago_aprobado,2026-05-12 00:50:46,V11528,C0295,JV016,PS5,Tarjeta Crédito,Ana,289.9,1,289.9,Jacobo de Garmendia,Silver,La Molina,0.85,True,2026-05-12 00:51:26.920,16
V30506,2026-05-12 00:50:47.077,EVT-000673,envio_preparado,2026-05-12 00:50:47,V30506,C0247,JV016,PS5,Efectivo,Luis,289.9,2,579.8,Álvaro de Posada,Platinum,Los Olivos,0.12,False,2026-05-12 00:51:26.920,16
V03587,2026-05-12 00:50:47.183,EVT-000674,pago_aprobado,2026-05-12 00:50:47,V03587,C0052,JV017,PS5,Yape,Carlos,219.9,2,439.8,Florencio Manuel Porta,Básico,Surquillo,0.43,False,2026-05-12 00:51:26.920,16
V35494,2026-05-12 00:50:47.319,EVT-000675,pago_aprobado,2026-05-12 00:50:47,V35494,C0216,JV010,PS5,Plin,María,229.9,1,229.9,Simón Segismundo Buendía Ros,Básico,Breña,0.38,False,2026-05-12 00:51:26.920,16
V33763,2026-05-12 00:50:47.428,EVT-000676,pago_aprobado,2026-05-12 00:50:47,V33763,C0450,JV016,PS5,Tarjeta Débito,José,289.9,1,289.9,Amaya Moreno Gisbert,Silver,Pueblo Libre,0.6,False,2026-05-12 00:51:26.920,16
V48325,2026-05-12 00:50:47.531,EVT-000677,pago_aprobado,2026-05-12 00:50:47,V48325,C0391,JV014,PS5,Yape,Carlos,259.9,3,779.7,Constanza Aramburu Arellano,Silver,San Isidro,0.78,True,2026-05-12 00:51:26.920,16
V37820,2026-05-12 00:50:47.643,EVT-000678,envio_preparado,2026-05-12 00:50:47,V37820,C0073,JV018,PC,Tarjeta Crédito,Ana,129.9,2,259.8,Buenaventura Bustamante Crespo,Gold,Lince,0.24,False,2026-05-12 00:51:26.920,16
V45161,2026-05-12 00:50:47.853,EVT-000679,pago_aprobado,2026-05-12 00:50:47,V45161,C0039,JV003,PC,Tarjeta Crédito,Carlos,229.9,3,689.7,Celestina Amor Cárdenas,Silver,SJL,0.59,False,2026-05-12 00:51:26.920,16
V01440,2026-05-12 00:50:47.958,EVT-000680,venta_confirmada,2026-05-12 00:50:47,V01440,C0195,JV009,Switch,Yape,Luis,199.9,3,599.7,Curro Solís Alarcón,Platinum,Surquillo,0.71,False,2026-05-12 00:51:26.920,16
V29324,2026-05-12 00:50:48.075,EVT-000681,venta_completada,2026-05-12 00:50:48,V29324,C0294,JV017,PS5,Tarjeta Crédito,María,219.9,1,219.9,Zaida Godoy Rojas,Básico,San Isidro,0.9,True,2026-05-12 00:51:26.920,16
V47873,2026-05-12 00:50:48.272,EVT-000682,venta_completada,2026-05-12 00:50:48,V47873,C0457,JV004,Switch,Efectivo,José,279.9,1,279.9,Marcela Cervera Jimenez,Silver,Callao,0.01,False,2026-05-12 00:51:26.920,16
V43484,2026-05-12 00:50:48.384,EVT-000683,pago_aprobado,2026-05-12 00:50:48,V43484,C0355,JV016,PS5,Tarjeta Crédito,Ana,289.9,1,289.9,Marcelino Roda Vilalta,Silver,San Borja,0.92,True,2026-05-12 00:51:26.920,16
V11568,2026-05-12 00:50:48.557,EVT-000684,venta_cancelada,2026-05-12 00:50:48,V11568,C0122,JV004,Switch,Yape,Carlos,279.9,2,559.8,Roberta Echevarría Ripoll,Platinum,La Molina,0.76,True,2026-05-12 00:51:26.920,16
V07646,2026-05-12 00:50:48.669,EVT-000685,pago_aprobado,2026-05-12 00:50:48,V07646,C0416,JV001,PS4,Tarjeta Débito,María,299.9,2,599.8,Cruz Quero Uriarte,Básico,San Isidro,0.4,False,2026-05-12 00:51:26.920,16
V43864,2026-05-12 00:50:48.781,EVT-000686,venta_completada,2026-05-12 00:50:48,V43864,C0253,JV015,PS5,Yape,José,239.9,1,239.9,Lisandro Moisés Ramis Barba,Básico,La Molina,0.11,False,2026-05-12 00:51:26.920,16
V22067,2026-05-12 00:50:48.883,EVT-000687,venta_confirmada,2026-05-12 00:50:48,V22067,C0129,JV012,PC,Plin,Luis,189.9,2,379.8,Rita Nicolau Castro,Básico,La Molina,0.43,False,2026-05-12 00:51:26.920,16
V28488,2026-05-12 00:50:48.985,EVT-000688,venta_completada,2026-05-12 00:50:48,V28488,C0102,JV005,PS5,Efectivo,Ana,299.9,2,599.8,Trinidad Cruz Valdés,Gold,Callao,0.36,False,2026-05-12 00:51:26.920,16
V26849,2026-05-12 00:50:49.087,EVT-000689,pago_aprobado,2026-05-12 00:50:49,V26849,C0140,JV003,Switch,Efectivo,José,229.9,3,689.7,Alex Rius Bastida,Gold,Lince,0.14,False,2026-05-12 00:51:26.920,16
V31737,2026-05-12 00:50:49.189,EVT-000690,pago_aprobado,2026-05-12 00:50:49,V31737,C0098,JV009,Switch,Plin,Carlos,199.9,2,399.8,Humberto Gordillo-Poza,Platinum,Breña,0.41,False,2026-05-12 00:51:26.920,16
V07569,2026-05-12 00:50:49.298,EVT-000691,venta_confirmada,2026-05-12 00:50:49,V07569,C0278,JV011,PS5,Tarjeta Crédito,Carlos,219.9,2,439.8,Baldomero Esteve Torralba,Gold,San Borja,0.93,True,2026-05-12 00:51:26.920,16
V00963,2026-05-12 00:50:49.399,EVT-000692,venta_cancelada,2026-05-12 00:50:49,V00963,C0156,JV011,PS5,Plin,María,219.9,1,219.9,Edelmira Arnal Castell,Básico,La Molina,0.45,False,2026-05-12 00:51:26.920,16
V01162,2026-05-12 00:50:49.540,EVT-000693,pago_aprobado,2026-05-12 00:50:49,V01162,C0241,JV017,PC,Tarjeta Débito,José,219.9,2,439.8,Etelvina Gil Llorente,Gold,Surco,0.7,False,2026-05-12 00:51:26.920,16
V01271,2026-05-12 00:50:49.744,EVT-000694,venta_completada,2026-05-12 00:50:49,V01271,C0392,JV005,PS5,Tarjeta Crédito,Ana,299.9,2,599.8,Manolo Mateo Barros,Básico,Pueblo Libre,0.06,False,2026-05-12 00:51:26.920,16
V17867,2026-05-12 00:50:49.939,EVT-000695,venta_creada,2026-05-12 00:50:49,V17867,C0146,JV003,Xbox,Efectivo,José,229.9,3,689.7,Flavia Gallo Roda,Platinum,Pueblo Libre,0.51,False,2026-05-12 00:51:26.920,16
V44282,2026-05-12 00:50:50.065,EVT-000696,venta_confirmada,2026-05-12 00:50:50,V44282,C0491,JV019,Switch,Tarjeta Crédito,Ana,249.9,2,499.8,Maricela Ágata Pascual Egea,Silver,La Molina,0.47,False,2026-05-12 00:51:26.920,16
V20312,2026-05-12 00:50:50.166,EVT-000697,pago_aprobado,2026-05-12 00:50:50,V20312,C0334,JV003,PS5,Yape,Carlos,229.9,1,229.9,Angélica Clemente Niño,Platinum,Los Olivos,0.91,True,2026-05-12 00:51:26.920,16
V30075,2026-05-12 00:50:50.270,EVT-000698,venta_creada,2026-05-12 00:50:50,V30075,C0166,JV004,Switch,Efectivo,José,279.9,1,279.9,Dani del Balaguer,Gold,Los Olivos,0.21,False,2026-05-12 00:51:26.920,16
V36264,2026-05-12 00:50:50.379,EVT-000699,venta_completada,2026-05-12 00:50:50,V36264,C0332,JV014,Switch,Efectivo,Carlos,259.9,2,519.8,Pablo Guillén Aguilar,Básico,Los Olivos,0.51,False,2026-05-12 00:51:26.920,16
V22555,2026-05-12 00:50:50.511,EVT-000700,venta_creada,2026-05-12 00:50:50,V22555,C0457,JV010,PC,Plin,Luis,229.9,1,229.9,Marcela Cervera Jimenez,Silver,Callao,0.24,False,2026-05-12 00:51:26.920,16
V40984,2026-05-12 00:50:50.614,EVT-000701,venta_cancelada,2026-05-12 00:50:50,V40984,C0198,JV018,Switch,Yape,Ana,129.9,2,259.8,Nicanor Rueda Olivé,Platinum,Lince,0.05,False,2026-05-12 00:51:26.920,16
V40531,2026-05-12 00:50:50.715,EVT-000702,venta_completada,2026-05-12 00:50:50,V40531,C0398,JV012,PS5,Tarjeta Crédito,Ana,189.9,1,189.9,Piedad Cuervo Gelabert,Silver,Jesús María,0.04,False,2026-05-12 00:51:26.920,16
V09532,2026-05-12 00:50:50.815,EVT-000703,pago_aprobado,2026-05-12 00:50:50,V09532,C0213,JV018,Xbox,Tarjeta Crédito,Luis,129.9,2,259.8,Marina Plaza Ferrera,Platinum,Surquillo,0.4,False,2026-05-12 00:51:26.920,16
V09163,2026-05-12 00:50:50.923,EVT-000704,pago_aprobado,2026-05-12 00:50:50,V09163,C0035,JV019,Switch,Tarjeta Crédito,Ana,249.9,1,249.9,Adán de Álvarez,Silver,Surquillo,0.74,False,2026-05-12 00:51:26.920,16
V10559,2026-05-12 00:50:51.061,EVT-000705,envio_preparado,2026-05-12 00:50:51,V10559,C0405,JV011,PS5,Yape,Luis,219.9,2,439.8,Victorino Mena Burgos,Silver,San Borja,0.62,False,2026-05-12 00:51:26.920,16
V30986,2026-05-12 00:50:51.209,EVT-000706,venta_completada,2026-05-12 00:50:51,V30986,C0287,JV012,Switch,Efectivo,Carlos,189.9,1,189.9,Cristina Llopis Tena,Gold,Los Olivos,0.24,False,2026-05-12 00:51:26.920,16
V37704,2026-05-12 00:50:51.312,EVT-000707,venta_creada,2026-05-12 00:50:51,V37704,C0061,JV019,Switch,Yape,Ana,249.9,1,249.9,Georgina Ortiz Carro,Silver,San Miguel,0.59,False,2026-05-12 00:51:26.920,16
V20050,2026-05-12 00:50:51.414,EVT-000708,venta_confirmada,2026-05-12 00:50:51,V20050,C0142,JV009,Switch,Tarjeta Débito,Luis,199.9,1,199.9,Anabel Báez Marti,Gold,Surco,0.64,False,2026-05-12 00:51:26.920,16
V25943,2026-05-12 00:50:51.523,EVT-000709,venta_creada,2026-05-12 00:50:51,V25943,C0018,JV017,PS5,Efectivo,Ana,219.9,1,219.9,María Manuela Cabezas Mármol,Básico,San Isidro,0.94,True,2026-05-12 00:51:26.920,16
V34844,2026-05-12 00:50:51.740,EVT-000710,pago_aprobado,2026-05-12 00:50:51,V34844,C0305,JV007,Xbox,Tarjeta Débito,Luis,249.9,1,249.9,Marcela Valero Conesa,Básico,Breña,0.78,True,2026-05-12 00:51:26.920,16
V23483,2026-05-12 00:50:51.842,EVT-000711,venta_completada,2026-05-12 00:50:51,V23483,C0046,JV002,PC,Plin,Ana,249.9,3,749.7,Ruy Tovar Tapia,Gold,Callao,0.53,False,2026-05-12 00:51:26.920,16
V06903,2026-05-12 00:50:51.945,EVT-000712,venta_creada,2026-05-12 00:50:51,V06903,C0355,JV007,PC,Efectivo,José,249.9,2,499.8,Marcelino Roda Vilalta,Silver,San Borja,0.65,False,2026-05-12 00:51:26.920,16
V08564,2026-05-12 00:50:52.054,EVT-000713,venta_creada,2026-05-12 00:50:52,V08564,C0336,JV015,PC,Plin,José,239.9,3,719.7,Adriana Roldán Teruel,Silver,Breña,0.88,True,2026-05-12 00:51:26.920,16
V06601,2026-05-12 00:50:52.156,EVT-000714,pago_aprobado,2026-05-12 00:50:52,V06601,C0259,JV014,Switch,Tarjeta Débito,María,259.9,1,259.9,Erasmo Blas Moya Llanos,Básico,Callao,0.47,False,2026-05-12 00:51:26.920,16
V03503,2026-05-12 00:50:52.258,EVT-000715,venta_cancelada,2026-05-12 00:50:52,V03503,C0471,JV017,PS5,Yape,Carlos,219.9,3,659.7,Fidela Alonso Perelló,Platinum,Jesús María,0.34,False,2026-05-12 00:51:26.920,16
V18150,2026-05-12 00:50:52.360,EVT-000716,venta_confirmada,2026-05-12 00:50:52,V18150,C0018,JV016,PS5,Tarjeta Débito,María,289.9,1,289.9,María Manuela Cabezas Mármol,Básico,San Isidro,0.73,False,2026-05-12 00:51:26.920,16
V18772,2026-05-12 00:50:52.516,EVT-000717,pago_aprobado,2026-05-12 00:50:52,V18772,C0048,JV010,Xbox,Tarjeta Crédito,María,229.9,1,229.9,Hugo Chamorro-Peláez,Gold,Breña,0.18,False,2026-05-12 00:51:26.920,16
V02423,2026-05-12 00:50:52.619,EVT-000718,pago_aprobado,2026-05-12 00:50:52,V02423,C0204,JV011,PS5,Tarjeta Crédito,Carlos,219.9,2,439.8,Tomasa Tomé Arco,Platinum,Pueblo Libre,0.04,False,2026-05-12 00:51:26.920,16
V22057,2026-05-12 00:50:52.721,EVT-000719,venta_completada,2026-05-12 00:50:52,V22057,C0124,JV001,PS5,Plin,Luis,299.9,1,299.9,Luis Ángel Jordán Rueda,Básico,San Miguel,0.84,True,2026-05-12 00:51:26.920,16
V09468,2026-05-12 00:50:52.877,EVT-000720,venta_creada,2026-05-12 00:50:52,V09468,C0457,JV007,Xbox,Tarjeta Débito,María,249.9,1,249.9,Marcela Cervera Jimenez,Silver,Callao,0.12,False,2026-05-12 00:51:26.920,16
V23792,2026-05-12 00:50:52.979,EVT-000721,venta_confirmada,2026-05-12 00:50:52,V23792,C0322,JV016,PS5,Efectivo,Luis,289.9,1,289.9,Nico Cortes Guerrero,Platinum,Jesús María,0.68,False,2026-05-12 00:51:26.920,16
V48312,2026-05-12 00:50:53.082,EVT-000722,pago_aprobado,2026-05-12 00:50:53,V48312,C0218,JV003,PS5,Plin,Luis,229.9,1,229.9,Nico Ibán Morata Abascal,Gold,Pueblo Libre,0.91,True,2026-05-12 00:51:26.920,16
V33527,2026-05-12 00:50:53.200,EVT-000723,venta_confirmada,2026-05-12 00:50:53,V33527,C0051,JV017,Xbox,Tarjeta Débito,José,219.9,1,219.9,Carmelo Folch Parra,Básico,SJL,0.24,False,2026-05-12 00:51:26.920,16
V43493,2026-05-12 00:50:53.301,EVT-000724,venta_creada,2026-05-12 00:50:53,V43493,C0041,JV018,Switch,Efectivo,Carlos,129.9,1,129.9,Aurelio Canet Dávila,Básico,Surco,0.83,True,2026-05-12 00:51:26.920,16
V07295,2026-05-12 00:50:53.549,EVT-000725,envio_preparado,2026-05-12 00:50:53,V07295,C0296,JV016,PS5,Tarjeta Débito,María,289.9,1,289.9,María Del Carmen Giménez Atienza,Básico,Jesús María,0.07,False,2026-05-12 00:51:26.920,16
V00098,2026-05-12 00:50:53.752,EVT-000726,venta_confirmada,2026-05-12 00:50:53,V00098,C0015,JV009,Switch,Plin,Ana,199.9,1,199.9,Toño Roda Carranza,Gold,Jesús María,0.62,False,2026-05-12 00:51:26.920,16
V37934,2026-05-12 00:50:53.856,EVT-000727,venta_confirmada,2026-05-12 00:50:53,V37934,C0270,JV020,PS5,Yape,Carlos,179.9,1,179.9,Esperanza Marí,Básico,Pueblo Libre,0.73,False,2026-05-12 00:51:26.920,16
V11359,2026-05-12 00:50:53.960,EVT-000728,venta_cancelada,2026-05-12 00:50:53,V11359,C0183,JV019,Switch,Tarjeta Crédito,Luis,249.9,1,249.9,Heraclio Álvaro Domingo,Platinum,SJL,0.3,False,2026-05-12 00:51:26.920,16
V05348,2026-05-12 00:50:54.063,EVT-000729,venta_creada,2026-05-12 00:50:54,V05348,C0128,JV015,Xbox,Plin,José,239.9,2,479.8,Vidal Luque Salmerón,Platinum,Jesús María,0.32,False,2026-05-12 00:51:26.920,16
V33961,2026-05-12 00:50:54.163,EVT-000730,venta_creada,2026-05-12 00:50:54,V33961,C0171,JV011,PS5,Efectivo,María,219.9,1,219.9,Leoncio Dalmau,Básico,San Isidro,0.1,False,2026-05-12 00:51:26.920,16
V25499,2026-05-12 00:50:54.268,EVT-000731,venta_cancelada,2026-05-12 00:50:54,V25499,C0339,JV013,PS5,Tarjeta Crédito,María,269.9,1,269.9,Nicodemo del Ramírez,Platinum,Callao,0.76,True,2026-05-12 00:51:26.920,16
V10012,2026-05-12 00:50:54.370,EVT-000732,venta_confirmada,2026-05-12 00:50:54,V10012,C0305,JV003,PS5,Yape,Luis,229.9,1,229.9,Marcela Valero Conesa,Básico,Breña,0.73,False,2026-05-12 00:51:26.920,16
V33229,2026-05-12 00:50:54.474,EVT-000733,venta_cancelada,2026-05-12 00:50:54,V33229,C0415,JV007,Xbox,Yape,José,249.9,3,749.7,Román Lluch-Casado,Básico,San Isidro,0.71,False,2026-05-12 00:51:26.920,16
V21342,2026-05-12 00:50:54.584,EVT-000734,venta_completada,2026-05-12 00:50:54,V21342,C0220,JV003,PC,Tarjeta Crédito,Luis,229.9,1,229.9,Paulina Sarabia,Silver,Callao,0.68,False,2026-05-12 00:51:26.920,16
V38866,2026-05-12 00:50:54.689,EVT-000735,pago_aprobado,2026-05-12 00:50:54,V38866,C0113,JV017,PS5,Efectivo,Ana,219.9,2,439.8,Selena Priscila Ojeda García,Gold,Pueblo Libre,0.88,True,2026-05-12 00:51:26.920,16
V13189,2026-05-12 00:50:54.792,EVT-000736,venta_creada,2026-05-12 00:50:54,V13189,C0288,JV017,PC,Tarjeta Crédito,María,219.9,2,439.8,Sol Pozo Company,Básico,San Borja,0.6,False,2026-05-12 00:51:26.920,16
V33801,2026-05-12 00:50:54.894,EVT-000737,pago_aprobado,2026-05-12 00:50:54,V33801,C0216,JV013,PS4,Tarjeta Crédito,Luis,269.9,2,539.8,Simón Segismundo Buendía Ros,Básico,Breña,0.02,False,2026-05-12 00:51:26.920,16
V24398,2026-05-12 00:50:54.995,EVT-000738,venta_creada,2026-05-12 00:50:54,V24398,C0117,JV008,Switch,Plin,Carlos,239.9,2,479.8,Sebastian Monreal Vaquero,Platinum,Surco,0.33,False,2026-05-12 00:51:26.920,16
V09234,2026-05-12 00:50:55.096,EVT-000739,pago_aprobado,2026-05-12 00:50:55,V09234,C0292,JV014,PS5,Tarjeta Crédito,Luis,259.9,1,259.9,Lucas Mayoral Alonso,Platinum,Surco,0.02,False,2026-05-12 00:51:26.920,16
V05038,2026-05-12 00:50:55.219,EVT-000740,venta_creada,2026-05-12 00:50:55,V05038,C0334,JV014,Switch,Tarjeta Débito,María,259.9,1,259.9,Angélica Clemente Niño,Platinum,Los Olivos,0.05,False,2026-05-12 00:51:26.920,16
V49945,2026-05-12 00:50:55.320,EVT-000741,venta_creada,2026-05-12 00:50:55,V49945,C0085,JV015,Xbox,Yape,María,239.9,1,239.9,Florinda Quirós Muro,Silver,Surquillo,0.13,False,2026-05-12 00:51:26.920,16
V10165,2026-05-12 00:50:55.422,EVT-000742,venta_creada,2026-05-12 00:50:55,V10165,C0131,JV013,PS5,Tarjeta Débito,Carlos,269.9,2,539.8,Javiera Fuentes Vall,Básico,Callao,0.85,True,2026-05-12 00:51:26.920,16
V34393,2026-05-12 00:50:55.523,EVT-000743,pago_aprobado,2026-05-12 00:50:55,V34393,C0032,JV017,Xbox,Yape,José,219.9,2,439.8,Armando Cerro Robles,Básico,Jesús María,0.93,True,2026-05-12 00:51:26.920,16
V04311,2026-05-12 00:50:55.625,EVT-000744,venta_completada,2026-05-12 00:50:55,V04311,C0338,JV007,PS5,Tarjeta Débito,Luis,249.9,1,249.9,Poncio Leocadio Delgado Pina,Platinum,San Isidro,0.78,True,2026-05-12 00:51:26.920,16
V26866,2026-05-12 00:50:55.726,EVT-000745,venta_completada,2026-05-12 00:50:55,V26866,C0234,JV010,PS5,Tarjeta Débito,Ana,229.9,3,689.7,Paz Serna Montoya,Gold,Miraflores,0.94,True,2026-05-12 00:51:26.920,16
V12992,2026-05-12 00:50:55.828,EVT-000746,venta_creada,2026-05-12 00:50:55,V12992,C0222,JV003,PS5,Tarjeta Crédito,Carlos,229.9,2,459.8,Edgardo Esteban Tejero,Silver,San Miguel,0.31,False,2026-05-12 00:51:26.920,16
V47736,2026-05-12 00:50:55.930,EVT-000747,venta_creada,2026-05-12 00:50:55,V47736,C0385,JV019,Switch,Tarjeta Débito,José,249.9,2,499.8,Tania Amaya,Básico,Breña,0.93,True,2026-05-12 00:51:26.920,16
V26573,2026-05-12 00:50:56.032,EVT-000748,venta_creada,2026-05-12 00:50:56,V26573,C0463,JV002,Xbox,Yape,José,249.9,1,249.9,Miguel Ángel Rincón Lastra,Silver,Pueblo Libre,0.78,True,2026-05-12 00:51:26.920,16
V04462,2026-05-12 00:50:56.134,EVT-000749,envio_preparado,2026-05-12 00:50:56,V04462,C0401,JV003,Xbox,Tarjeta Crédito,Luis,229.9,2,459.8,Feliciano Pla Corral,Silver,San Miguel,0.36,False,2026-05-12 00:51:26.920,16
V18045,2026-05-12 00:50:56.237,EVT-000750,envio_preparado,2026-05-12 00:50:56,V18045,C0110,JV013,PS5,Yape,María,269.9,1,269.9,León Vicens Camino,Platinum,Los Olivos,0.34,False,2026-05-12 00:51:26.920,16
V49072,2026-05-12 00:50:56.340,EVT-000751,venta_completada,2026-05-12 00:50:56,V49072,C0170,JV001,PS4,Plin,María,299.9,1,299.9,Andrés Felipe Guardia Almansa,Gold,Callao,0.51,False,2026-05-12 00:51:26.920,16
V16825,2026-05-12 00:50:56.443,EVT-000752,envio_preparado,2026-05-12 00:50:56,V16825,C0387,JV008,Switch,Tarjeta Débito,Luis,239.9,2,479.8,Jennifer Piquer-Mora,Silver,San Isidro,0.94,True,2026-05-12 00:51:26.920,16
V15066,2026-05-12 00:50:56.549,EVT-000753,venta_completada,2026-05-12 00:50:56,V15066,C0458,JV015,Xbox,Efectivo,José,239.9,1,239.9,Natanael Olmedo,Platinum,San Miguel,0.05,False,2026-05-12 00:51:26.920,16
V45565,2026-05-12 00:50:56.655,EVT-000754,envio_preparado,2026-05-12 00:50:56,V45565,C0135,JV001,PS5,Yape,José,299.9,3,899.7,Alcides Pepe Vázquez Lucena,Básico,San Borja,0.47,False,2026-05-12 00:51:26.920,16
V11845,2026-05-12 00:50:56.756,EVT-000755,venta_confirmada,2026-05-12 00:50:56,V11845,C0241,JV007,PC,Efectivo,Luis,249.9,2,499.8,Etelvina Gil Llorente,Gold,Surco,0.12,False,2026-05-12 00:51:26.920,16
V15974,2026-05-12 00:50:56.857,EVT-000756,envio_preparado,2026-05-12 00:50:56,V15974,C0199,JV002,PS5,Plin,María,249.9,2,499.8,Marcelino Toro-Arribas,Silver,Lince,0.15,False,2026-05-12 00:51:26.920,16
V14918,2026-05-12 00:50:56.960,EVT-000757,pago_aprobado,2026-05-12 00:50:56,V14918,C0140,JV012,PC,Plin,Carlos,189.9,1,189.9,Alex Rius Bastida,Gold,Lince,0.67,False,2026-05-12 00:51:26.920,16
V49967,2026-05-12 00:50:57.062,EVT-000758,venta_confirmada,2026-05-12 00:50:57,V49967,C0026,JV005,PS5,Plin,Ana,299.9,1,299.9,Encarna Sara Villena Vallés,Gold,SJL,0.1,False,2026-05-12 00:51:26.920,16
V30707,2026-05-12 00:50:57.163,EVT-000759,pago_aprobado,2026-05-12 00:50:57,V30707,C0116,JV004,Switch,Tarjeta Crédito,Luis,279.9,1,279.9,Julio César Cosme Tudela Blanca,Platinum,Los Olivos,0.46,False,2026-05-12 00:51:26.920,16
V22256,2026-05-12 00:50:57.265,EVT-000760,envio_preparado,2026-05-12 00:50:57,V22256,C0268,JV010,Xbox,Efectivo,Ana,229.9,1,229.9,Ruben Ayala,Gold,Los Olivos,0.17,False,2026-05-12 00:51:26.920,16
V00159,2026-05-12 00:50:57.368,EVT-000761,venta_creada,2026-05-12 00:50:57,V00159,C0197,JV015,PS5,Tarjeta Débito,Luis,239.9,2,479.8,Alma Marco Ochoa,Platinum,Surquillo,0.14,False,2026-05-12 00:51:26.920,16
V20648,2026-05-12 00:50:57.469,EVT-000762,venta_creada,2026-05-12 00:50:57,V20648,C0196,JV020,PS5,Plin,Carlos,179.9,1,179.9,Lisandro Amorós Garrido,Gold,SJL,0.07,False,2026-05-12 00:51:26.920,16
V48249,2026-05-12 00:50:57.570,EVT-000763,venta_confirmada,2026-05-12 00:50:57,V48249,C0458,JV013,PS5,Plin,José,269.9,2,539.8,Natanael Olmedo,Platinum,San Miguel,0.03,False,2026-05-12 00:51:26.920,16
V36570,2026-05-12 00:50:57.671,EVT-000764,venta_confirmada,2026-05-12 00:50:57,V36570,C0327,JV002,PC,Tarjeta Crédito,María,249.9,1,249.9,Luz Puga-Jordá,Platinum,Callao,0.35,False,2026-05-12 00:51:26.920,16
V07605,2026-05-12 00:50:57.773,EVT-000765,venta_creada,2026-05-12 00:50:57,V07605,C0485,JV017,PS5,Tarjeta Débito,Luis,219.9,1,219.9,Teo Marqués Sales,Básico,SJL,0.49,False,2026-05-12 00:51:26.920,16
V15993,2026-05-12 00:50:57.874,EVT-000766,envio_preparado,2026-05-12 00:50:57,V15993,C0231,JV001,PS5,Yape,Carlos,299.9,1,299.9,Brunilda del Cuéllar,Silver,Pueblo Libre,0.3,False,2026-05-12 00:51:26.920,16
V27257,2026-05-12 00:50:57.977,EVT-000767,venta_creada,2026-05-12 00:50:57,V27257,C0216,JV011,PS5,Tarjeta Débito,María,219.9,1,219.9,Simón Segismundo Buendía Ros,Básico,Breña,0.55,False,2026-05-12 00:51:26.920,16
V18432,2026-05-12 00:50:58.084,EVT-000768,pago_aprobado,2026-05-12 00:50:58,V18432,C0168,JV008,PS5,Yape,María,239.9,1,239.9,Ildefonso Carretero-Caro,Platinum,Breña,0.91,True,2026-05-12 00:51:26.920,16
V38904,2026-05-12 00:50:58.191,EVT-000769,venta_creada,2026-05-12 00:50:58,V38904,C0424,JV003,PS5,Tarjeta Débito,Ana,229.9,1,229.9,Leonor Zurita Vendrell,Gold,San Miguel,0.36,False,2026-05-12 00:51:26.920,16
V27828,2026-05-12 00:50:58.292,EVT-000770,venta_cancelada,2026-05-12 00:50:58,V27828,C0330,JV001,PS5,Plin,Luis,299.9,1,299.9,Vicenta de Criado,Gold,Jesús María,0.4,False,2026-05-12 00:51:26.920,16
V37560,2026-05-12 00:50:58.394,EVT-000771,venta_confirmada,2026-05-12 00:50:58,V37560,C0405,JV007,PS5,Efectivo,José,249.9,2,499.8,Victorino Mena Burgos,Silver,San Borja,0.67,False,2026-05-12 00:51:26.920,16
V38193,2026-05-12 00:50:58.495,EVT-000772,venta_cancelada,2026-05-12 00:50:58,V38193,C0283,JV006,PS5,Tarjeta Débito,Luis,219.9,1,219.9,Bernarda Pedrosa Montaña,Gold,Los Olivos,0.46,False,2026-05-12 00:51:26.920,16
V25279,2026-05-12 00:50:58.596,EVT-000773,venta_cancelada,2026-05-12 00:50:58,V25279,C0328,JV013,PS5,Tarjeta Débito,Ana,269.9,3,809.7,Enrique Silvio Blanch Fuertes,Gold,Comas,0.17,False,2026-05-12 00:51:26.920,16
V28199,2026-05-12 00:50:58.698,EVT-000774,pago_aprobado,2026-05-12 00:50:58,V28199,C0325,JV009,Switch,Tarjeta Crédito,María,199.9,1,199.9,Florina Camps Arana,Silver,Comas,0.74,False,2026-05-12 00:51:26.920,16
V47674,2026-05-12 00:50:58.824,EVT-000775,venta_creada,2026-05-12 00:50:58,V47674,C0308,JV001,PS5,Efectivo,Luis,299.9,2,599.8,Albano Tomás Aragonés,Silver,Jesús María,0.54,False,2026-05-12 00:51:26.920,16
V49413,2026-05-12 00:50:58.937,EVT-000776,venta_creada,2026-05-12 00:50:58,V49413,C0229,JV003,PS5,Tarjeta Crédito,Carlos,229.9,1,229.9,Emma Expósito,Gold,La Molina,0.02,False,2026-05-12 00:51:26.920,16
V48061,2026-05-12 00:50:59.038,EVT-000777,envio_preparado,2026-05-12 00:50:59,V48061,C0255,JV009,Switch,Yape,Ana,199.9,2,399.8,Albert Beltran Maza,Silver,San Isidro,0.22,False,2026-05-12 00:51:26.920,16
V29113,2026-05-12 00:50:59.149,EVT-000778,venta_creada,2026-05-12 00:50:59,V29113,C0087,JV012,Switch,Plin,José,189.9,1,189.9,Ceferino Osorio Lorenzo,Platinum,Callao,0.4,False,2026-05-12 00:51:26.920,16
V42838,2026-05-12 00:50:59.341,EVT-000779,venta_completada,2026-05-12 00:50:59,V42838,C0345,JV016,PS5,Tarjeta Crédito,José,289.9,2,579.8,Zoraida del Manuel,Platinum,San Miguel,0.29,False,2026-05-12 00:51:26.920,16
V41315,2026-05-12 00:50:59.445,EVT-000780,pago_aprobado,2026-05-12 00:50:59,V41315,C0323,JV004,Switch,Efectivo,Luis,279.9,2,559.8,Bernardita Marquez-Sureda,Básico,Callao,0.02,False,2026-05-12 00:51:26.920,16
V39029,2026-05-12 00:50:59.554,EVT-000781,venta_confirmada,2026-05-12 00:50:59,V39029,C0302,JV001,PS5,Plin,José,299.9,2,599.8,Carina Aliaga Folch,Gold,Breña,0.56,False,2026-05-12 00:51:26.920,16
V14492,2026-05-12 00:50:59.691,EVT-000782,venta_completada,2026-05-12 00:50:59,V14492,C0082,JV005,PS5,Tarjeta Crédito,Luis,299.9,1,299.9,Rogelio Ayala-Crespo,Silver,Surquillo,0.27,False,2026-05-12 00:51:26.920,16
V25180,2026-05-12 00:50:59.798,EVT-000783,pago_aprobado,2026-05-12 00:50:59,V25180,C0404,JV010,Xbox,Efectivo,María,229.9,1,229.9,Juan Bautista del Codina,Básico,San Borja,0.13,False,2026-05-12 00:51:26.920,16
V46437,2026-05-12 00:50:59.901,EVT-000784,venta_confirmada,2026-05-12 00:50:59,V46437,C0411,JV017,PS5,Plin,Carlos,219.9,1,219.9,Guiomar Campillo Reig,Básico,Surco,0.4,False,2026-05-12 00:51:26.920,16
V05666,2026-05-12 00:51:00.147,EVT-000785,envio_preparado,2026-05-12 00:51:00,V05666,C0116,JV010,PS5,Tarjeta Crédito,Luis,229.9,1,229.9,Julio César Cosme Tudela Blanca,Platinum,Los Olivos,0.03,False,2026-05-12 00:51:26.920,16
V32697,2026-05-12 00:51:00.373,EVT-000786,venta_cancelada,2026-05-12 00:51:00,V32697,C0040,JV003,PS5,Tarjeta Débito,José,229.9,3,689.7,Albano Herranz Farré,Silver,Jesús María,0.29,False,2026-05-12 00:51:26.920,16
V39656,2026-05-12 00:51:00.551,EVT-000787,venta_completada,2026-05-12 00:51:00,V39656,C0075,JV006,PS5,Tarjeta Débito,Luis,219.9,1,219.9,Albino Carbajo,Silver,Jesús María,0.11,False,2026-05-12 00:51:26.920,16
V42515,2026-05-12 00:51:01.064,EVT-000788,pago_aprobado,2026-05-12 00:51:00,V42515,C0375,JV010,PS5,Tarjeta Crédito,José,229.9,2,459.8,Isabel Rivero,Platinum,SJL,0.87,True,2026-05-12 00:51:26.920,16
V29220,2026-05-12 00:51:01.181,EVT-000789,venta_creada,2026-05-12 00:51:01,V29220,C0245,JV005,PS5,Plin,Luis,299.9,1,299.9,Emelina Olivares Díaz,Básico,Surco,0.12,False,2026-05-12 00:51:26.920,16
V03057,2026-05-12 00:51:01.284,EVT-000790,pago_aprobado,2026-05-12 00:51:01,V03057,C0082,JV012,PS5,Tarjeta Crédito,José,189.9,1,189.9,Rogelio Ayala-Crespo,Silver,Surquillo,0.75,True,2026-05-12 00:51:26.920,16
V13984,2026-05-12 00:51:01.388,EVT-000791,venta_confirmada,2026-05-12 00:51:01,V13984,C0243,JV011,PS5,Efectivo,Luis,219.9,1,219.9,Edelmiro Espada Vara,Gold,SJL,0.38,False,2026-05-12 00:51:26.920,16
V02192,2026-05-12 00:51:01.490,EVT-000792,venta_creada,2026-05-12 00:51:01,V02192,C0086,JV001,PS5,Tarjeta Débito,Luis,299.9,1,299.9,Chucho Muro Pedrosa,Silver,Jesús María,0.73,False,2026-05-12 00:51:26.920,16
V00299,2026-05-12 00:51:01.591,EVT-000793,pago_aprobado,2026-05-12 00:51:01,V00299,C0082,JV012,PS5,Yape,Luis,189.9,2,379.8,Rogelio Ayala-Crespo,Silver,Surquillo,0.34,False,2026-05-12 00:51:26.920,16
V18248,2026-05-12 00:51:01.692,EVT-000794,venta_creada,2026-05-12 00:51:01,V18248,C0179,JV019,Switch,Tarjeta Débito,Ana,249.9,1,249.9,Yéssica de Artigas,Platinum,Lince,0.77,True,2026-05-12 00:51:26.920,16
V38252,2026-05-12 00:51:01.793,EVT-000795,venta_completada,2026-05-12 00:51:01,V38252,C0233,JV014,PS5,Tarjeta Crédito,José,259.9,3,779.7,Mario Yáñez-Aragón,Básico,San Miguel,0.95,True,2026-05-12 00:51:26.920,16
V02267,2026-05-12 00:51:01.895,EVT-000796,venta_completada,2026-05-12 00:51:01,V02267,C0389,JV005,PS5,Efectivo,María,299.9,3,899.7,Camilo Báez,Básico,Callao,0.26,False,2026-05-12 00:51:26.920,16
V46776,2026-05-12 00:51:01.996,EVT-000797,venta_completada,2026-05-12 00:51:01,V46776,C0319,JV005,PS5,Plin,José,299.9,1,299.9,Viviana Amorós-Miralles,Platinum,Los Olivos,0.07,False,2026-05-12 00:51:26.920,16
V23247,2026-05-12 00:51:02.098,EVT-000798,envio_preparado,2026-05-12 00:51:02,V23247,C0008,JV010,PC,Plin,María,229.9,1,229.9,Juan Tenorio Vergara,Gold,Breña,0.86,True,2026-05-12 00:51:26.920,16
V22519,2026-05-12 00:51:02.200,EVT-000799,venta_confirmada,2026-05-12 00:51:02,V22519,C0326,JV019,Switch,Plin,Luis,249.9,3,749.7,Octavia Rosales-Borrego,Silver,San Borja,0.72,False,2026-05-12 00:51:26.920,16
V23575,2026-05-12 00:51:02.302,EVT-000800,venta_creada,2026-05-12 00:51:02,V23575,C0496,JV011,PC,Tarjeta Crédito,María,219.9,1,219.9,Nazaret Escalona Galán,Platinum,Callao,0.64,False,2026-05-12 00:51:26.920,16
V01473,2026-05-12 00:51:02.407,EVT-000801,venta_cancelada,2026-05-12 00:51:02,V01473,C0197,JV020,PS5,Tarjeta Crédito,Luis,179.9,1,179.9,Alma Marco Ochoa,Platinum,Surquillo,0.03,False,2026-05-12 00:51:26.920,16
V08810,2026-05-12 00:51:02.508,EVT-000802,pago_aprobado,2026-05-12 00:51:02,V08810,C0059,JV004,Switch,Tarjeta Crédito,José,279.9,1,279.9,Rogelio del Escribano,Silver,Lince,0.76,True,2026-05-12 00:51:26.920,16
V14770,2026-05-12 00:51:02.609,EVT-000803,venta_creada,2026-05-12 00:51:02,V14770,C0347,JV002,Xbox,Plin,Ana,249.9,1,249.9,Febe Carro Blanes,Gold,Breña,0.68,False,2026-05-12 00:51:26.920,16
V17140,2026-05-12 00:51:02.710,EVT-000804,pago_aprobado,2026-05-12 00:51:02,V17140,C0484,JV010,PS5,Yape,María,229.9,2,459.8,Gustavo Gastón Diéguez Alcalá,Platinum,Comas,0.08,False,2026-05-12 00:51:26.920,16
V27562,2026-05-12 00:51:02.813,EVT-000805,pago_aprobado,2026-05-12 00:51:02,V27562,C0259,JV007,PS5,Efectivo,María,249.9,3,749.7,Erasmo Blas Moya Llanos,Básico,Callao,0.18,False,2026-05-12 00:51:26.920,16
V02896,2026-05-12 00:51:02.919,EVT-000806,venta_confirmada,2026-05-12 00:51:02,V02896,C0119,JV004,Switch,Efectivo,María,279.9,2,559.8,Sabas Rodriguez-Llopis,Básico,Breña,0.58,False,2026-05-12 00:51:26.920,16
V45541,2026-05-12 00:51:03.020,EVT-000807,pago_aprobado,2026-05-12 00:51:03,V45541,C0099,JV020,PS5,Tarjeta Crédito,María,179.9,3,539.7,Lucio Bárcena Vilalta,Platinum,San Borja,0.29,False,2026-05-12 00:51:26.920,16
V08478,2026-05-12 00:51:03.167,EVT-000808,pago_aprobado,2026-05-12 00:51:03,V08478,C0482,JV017,PS5,Tarjeta Crédito,Luis,219.9,3,659.7,Pancho Bonilla Calderon,Silver,Surquillo,0.7,False,2026-05-12 00:51:26.920,16
V18869,2026-05-12 00:51:03.287,EVT-000809,venta_confirmada,2026-05-12 00:51:03,V18869,C0266,JV004,Switch,Tarjeta Débito,José,279.9,1,279.9,Sol Llano Tejada,Básico,Breña,0.06,False,2026-05-12 00:51:26.920,16
V47540,2026-05-12 00:51:03.390,EVT-000810,venta_creada,2026-05-12 00:51:03,V47540,C0005,JV013,PS4,Efectivo,Ana,269.9,1,269.9,Adelaida Luz Checa Roca,Gold,SJL,0.1,False,2026-05-12 00:51:26.920,16
V16373,2026-05-12 00:51:03.525,EVT-000811,venta_completada,2026-05-12 00:51:03,V16373,C0356,JV001,PS5,Efectivo,Luis,299.9,2,599.8,Angelita Galán Planas,Gold,Miraflores,0.58,False,2026-05-12 00:51:26.920,16
V03895,2026-05-12 00:51:03.626,EVT-000812,venta_confirmada,2026-05-12 00:51:03,V03895,C0371,JV014,PS4,Tarjeta Crédito,Carlos,259.9,1,259.9,Asunción Alberola Rivas,Platinum,SJL,0.83,True,2026-05-12 00:51:26.920,16
V25942,2026-05-12 00:51:03.738,EVT-000813,venta_creada,2026-05-12 00:51:03,V25942,C0295,JV005,PS5,Yape,José,299.9,1,299.9,Jacobo de Garmendia,Silver,La Molina,0.55,False,2026-05-12 00:51:26.920,16
V45299,2026-05-12 00:51:03.839,EVT-000814,venta_completada,2026-05-12 00:51:03,V45299,C0324,JV009,Switch,Efectivo,José,199.9,1,199.9,Aura España Ballester,Platinum,Jesús María,0.78,True,2026-05-12 00:51:26.920,16
V22558,2026-05-12 00:51:03.939,EVT-000815,venta_completada,2026-05-12 00:51:03,V22558,C0481,JV004,Switch,Efectivo,José,279.9,1,279.9,Manola Cortina Castilla,Básico,Comas,0.13,False,2026-05-12 00:51:26.920,16
V21196,2026-05-12 00:51:04.194,EVT-000816,envio_preparado,2026-05-12 00:51:04,V21196,C0167,JV016,PS5,Yape,Carlos,289.9,2,579.8,Florencio Gilabert,Platinum,Surco,0.08,False,2026-05-12 00:51:26.920,16
V26259,2026-05-12 00:51:04.323,EVT-000817,pago_aprobado,2026-05-12 00:51:04,V26259,C0403,JV017,PC,Tarjeta Crédito,María,219.9,1,219.9,Encarnación Zapata Gimenez,Gold,Callao,0.31,False,2026-05-12 00:51:26.920,16
V02615,2026-05-12 00:51:04.462,EVT-000818,pago_aprobado,2026-05-12 00:51:04,V02615,C0159,JV007,PS5,Yape,María,249.9,2,499.8,Lorenza Ripoll-Pou,Gold,Surquillo,0.9,True,2026-05-12 00:51:26.920,16
V48321,2026-05-12 00:51:04.566,EVT-000819,venta_completada,2026-05-12 00:51:04,V48321,C0032,JV013,PS5,Tarjeta Débito,Luis,269.9,2,539.8,Armando Cerro Robles,Básico,Jesús María,0.65,False,2026-05-12 00:51:26.920,16
V03475,2026-05-12 00:51:04.733,EVT-000820,venta_confirmada,2026-05-12 00:51:04,V03475,C0005,JV019,Switch,Tarjeta Débito,Ana,249.9,1,249.9,Adelaida Luz Checa Roca,Gold,SJL,0.49,False,2026-05-12 00:51:26.920,16
V36218,2026-05-12 00:51:04.960,EVT-000821,venta_confirmada,2026-05-12 00:51:04,V36218,C0194,JV003,PS5,Tarjeta Débito,José,229.9,1,229.9,Flavio Ibarra Blázquez,Platinum,Lince,0.25,False,2026-05-12 00:51:26.920,16
V28888,2026-05-12 00:51:05.157,EVT-000822,venta_creada,2026-05-12 00:51:05,V28888,C0186,JV018,Switch,Efectivo,José,129.9,1,129.9,María Carmen Palomo Llanos,Gold,Surquillo,0.52,False,2026-05-12 00:51:26.920,16
V32626,2026-05-12 00:51:05.339,EVT-000823,venta_creada,2026-05-12 00:51:05,V32626,C0366,JV018,PC,Tarjeta Crédito,Ana,129.9,2,259.8,Isidoro Ribas Lobo,Platinum,San Miguel,0.67,False,2026-05-12 00:51:26.920,16
V38569,2026-05-12 00:51:05.540,EVT-000824,pago_aprobado,2026-05-12 00:51:05,V38569,C0066,JV007,PS5,Tarjeta Débito,Luis,249.9,2,499.8,Eugenio Gimenez Bolaños,Básico,San Borja,0.89,True,2026-05-12 00:51:26.920,16
V14710,2026-05-12 00:51:05.641,EVT-000825,venta_creada,2026-05-12 00:51:05,V14710,C0103,JV018,Xbox,Tarjeta Débito,Carlos,129.9,1,129.9,Bernardita Quesada Arellano,Silver,Surquillo,0.48,False,2026-05-12 00:51:26.920,16
V12205,2026-05-12 00:51:05.743,EVT-000826,pago_aprobado,2026-05-12 00:51:05,V12205,C0236,JV016,PS5,Tarjeta Débito,Ana,289.9,3,869.7,Clotilde Vidal Coronado,Gold,San Isidro,0.55,False,2026-05-12 00:51:26.920,16
V33907,2026-05-12 00:51:05.844,EVT-000827,pago_aprobado,2026-05-12 00:51:05,V33907,C0454,JV006,Xbox,Yape,José,219.9,3,659.7,Coral Múñiz Bellido,Silver,Surco,0.11,False,2026-05-12 00:51:26.920,16
V25374,2026-05-12 00:51:06.064,EVT-000828,pago_aprobado,2026-05-12 00:51:05,V25374,C0388,JV008,Switch,Tarjeta Débito,María,239.9,1,239.9,Pepito Arana Torrent,Platinum,Los Olivos,0.15,False,2026-05-12 00:51:26.920,16
V29744,2026-05-12 00:51:06.181,EVT-000829,venta_creada,2026-05-12 00:51:06,V29744,C0089,JV013,PS5,Tarjeta Crédito,Ana,269.9,3,809.7,Cloe Suarez Barral,Gold,Breña,0.49,False,2026-05-12 00:51:26.920,16
V38000,2026-05-12 00:51:06.282,EVT-000830,venta_confirmada,2026-05-12 00:51:06,V38000,C0348,JV003,PS5,Tarjeta Crédito,Carlos,229.9,3,689.7,Raúl Isern-Manrique,Gold,Jesús María,0.59,False,2026-05-12 00:51:26.920,16
V09324,2026-05-12 00:51:06.455,EVT-000831,pago_aprobado,2026-05-12 00:51:06,V09324,C0477,JV013,PS5,Tarjeta Débito,Carlos,269.9,1,269.9,Ainara de Álvaro,Gold,Callao,0.57,False,2026-05-12 00:51:26.920,16
V32749,2026-05-12 00:51:06.568,EVT-000832,venta_creada,2026-05-12 00:51:06,V32749,C0360,JV001,PS5,Efectivo,José,299.9,3,899.7,Xiomara Heras Barberá,Gold,Comas,0.77,True,2026-05-12 00:51:26.920,16
V39852,2026-05-12 00:51:06.718,EVT-000833,venta_completada,2026-05-12 00:51:06,V39852,C0334,JV012,Switch,Efectivo,José,189.9,1,189.9,Angélica Clemente Niño,Platinum,Los Olivos,0.27,False,2026-05-12 00:51:26.920,16
V36595,2026-05-12 00:51:06.840,EVT-000834,venta_cancelada,2026-05-12 00:51:06,V36595,C0316,JV005,PS5,Yape,Ana,299.9,3,899.7,Clotilde Carvajal Torrijos,Básico,Callao,0.21,False,2026-05-12 00:51:26.920,16
V11601,2026-05-12 00:51:06.942,EVT-000835,venta_confirmada,2026-05-12 00:51:06,V11601,C0137,JV006,PS5,Plin,José,219.9,1,219.9,Cruz Orozco Nogués,Platinum,Callao,0.75,True,2026-05-12 00:51:26.920,16
V18211,2026-05-12 00:51:07.057,EVT-000836,venta_confirmada,2026-05-12 00:51:07,V18211,C0205,JV011,PS5,Yape,José,219.9,1,219.9,Narcisa Barón-Montaña,Silver,Surquillo,0.89,True,2026-05-12 00:51:26.920,16
V25514,2026-05-12 00:51:07.159,EVT-000837,envio_preparado,2026-05-12 00:51:07,V25514,C0424,JV018,Switch,Yape,Carlos,129.9,1,129.9,Leonor Zurita Vendrell,Gold,San Miguel,0.9,True,2026-05-12 00:51:26.920,16
V13143,2026-05-12 00:51:07.369,EVT-000838,venta_confirmada,2026-05-12 00:51:07,V13143,C0024,JV015,Xbox,Tarjeta Crédito,Carlos,239.9,2,479.8,Onofre Marti-Vidal,Silver,Surquillo,0.01,False,2026-05-12 00:51:26.920,16
V21583,2026-05-12 00:51:07.470,EVT-000839,envio_preparado,2026-05-12 00:51:07,V21583,C0147,JV013,PS5,Plin,José,269.9,2,539.8,Olimpia Pulido Vergara,Gold,SJL,0.04,False,2026-05-12 00:51:26.920,16
V23718,2026-05-12 00:51:07.761,EVT-000840,venta_creada,2026-05-12 00:51:07,V23718,C0147,JV015,PC,Tarjeta Débito,José,239.9,1,239.9,Olimpia Pulido Vergara,Gold,SJL,0.84,True,2026-05-12 00:51:26.920,16
V08187,2026-05-12 00:51:07.998,EVT-000841,venta_creada,2026-05-12 00:51:07,V08187,C0416,JV014,PS5,Tarjeta Crédito,José,259.9,1,259.9,Cruz Quero Uriarte,Básico,San Isidro,0.83,True,2026-05-12 00:51:26.920,16
V44170,2026-05-12 00:51:08.128,EVT-000842,pago_aprobado,2026-05-12 00:51:08,V44170,C0199,JV011,PC,Tarjeta Débito,Carlos,219.9,2,439.8,Marcelino Toro-Arribas,Silver,Lince,0.67,False,2026-05-12 00:51:26.920,16
V43971,2026-05-12 00:51:08.234,EVT-000843,venta_confirmada,2026-05-12 00:51:08,V43971,C0150,JV001,PS5,Tarjeta Débito,Luis,299.9,1,299.9,Isaac Marquez,Silver,San Isidro,0.57,False,2026-05-12 00:51:26.920,16
V48661,2026-05-12 00:51:08.337,EVT-000844,venta_completada,2026-05-12 00:51:08,V48661,C0336,JV007,PS5,Efectivo,José,249.9,2,499.8,Adriana Roldán Teruel,Silver,Breña,0.18,False,2026-05-12 00:51:26.920,16
V09730,2026-05-12 00:51:08.439,EVT-000845,venta_creada,2026-05-12 00:51:08,V09730,C0460,JV011,PS5,Plin,Carlos,219.9,1,219.9,Melania Romeu Arnal,Básico,Callao,0.91,True,2026-05-12 00:51:26.920,16
V26815,2026-05-12 00:51:08.540,EVT-000846,venta_creada,2026-05-12 00:51:08,V26815,C0120,JV006,Switch,Plin,José,219.9,1,219.9,Carmela Zaragoza Domínguez,Gold,Miraflores,0.14,False,2026-05-12 00:51:26.920,16
V26235,2026-05-12 00:51:08.641,EVT-000847,venta_creada,2026-05-12 00:51:08,V26235,C0390,JV010,Xbox,Efectivo,Luis,229.9,1,229.9,Ruth Gelabert Hidalgo,Silver,Surquillo,0.77,True,2026-05-12 00:51:26.920,16
V15846,2026-05-12 00:51:08.742,EVT-000848,venta_confirmada,2026-05-12 00:51:08,V15846,C0008,JV009,Switch,Efectivo,Carlos,199.9,1,199.9,Juan Tenorio Vergara,Gold,Breña,0.65,False,2026-05-12 00:51:26.920,16
V45069,2026-05-12 00:51:08.897,EVT-000849,venta_confirmada,2026-05-12 00:51:08,V45069,C0431,JV011,PS5,Plin,Luis,219.9,1,219.9,Rafa de Gual,Gold,Los Olivos,0.04,False,2026-05-12 00:51:26.920,16
V21404,2026-05-12 00:51:09.056,EVT-000850,pago_aprobado,2026-05-12 00:51:09,V21404,C0149,JV019,Switch,Tarjeta Crédito,Ana,249.9,1,249.9,Saturnina Bueno Llamas,Gold,San Miguel,0.54,False,2026-05-12 00:51:26.920,16
V29706,2026-05-12 00:51:09.186,EVT-000851,venta_cancelada,2026-05-12 00:51:09,V29706,C0105,JV011,PC,Efectivo,José,219.9,2,439.8,Wilfredo Abellán Lopez,Básico,San Isidro,0.37,False,2026-05-12 00:51:26.920,16
V01408,2026-05-12 00:51:09.287,EVT-000852,venta_completada,2026-05-12 00:51:09,V01408,C0109,JV017,PS5,Tarjeta Crédito,Carlos,219.9,1,219.9,Ruperto Manjón,Silver,SJL,0.05,False,2026-05-12 00:51:26.920,16
V47657,2026-05-12 00:51:09.422,EVT-000853,venta_creada,2026-05-12 00:51:09,V47657,C0334,JV009,Switch,Plin,Carlos,199.9,3,599.7,Angélica Clemente Niño,Platinum,Los Olivos,0.69,False,2026-05-12 00:51:26.920,16
V21074,2026-05-12 00:51:09.541,EVT-000854,venta_completada,2026-05-12 00:51:09,V21074,C0383,JV015,PC,Tarjeta Débito,José,239.9,1,239.9,Carmelo Espiridión Tirado Segura,Gold,Jesús María,0.08,False,2026-05-12 00:51:26.920,16
V08297,2026-05-12 00:51:09.755,EVT-000855,pago_aprobado,2026-05-12 00:51:09,V08297,C0197,JV013,PS5,Yape,José,269.9,3,809.7,Alma Marco Ochoa,Platinum,Surquillo,0.35,False,2026-05-12 00:51:26.920,16
V06939,2026-05-12 00:51:09.857,EVT-000856,pago_aprobado,2026-05-12 00:51:09,V06939,C0237,JV010,PS5,Efectivo,Ana,229.9,2,459.8,Encarnación Bibiana Diez Infante,Platinum,La Molina,0.13,False,2026-05-12 00:51:26.920,16
V38331,2026-05-12 00:51:09.982,EVT-000857,pago_aprobado,2026-05-12 00:51:09,V38331,C0486,JV008,PS5,Efectivo,María,239.9,3,719.7,Maura Quero Ribera,Platinum,Lince,0.47,False,2026-05-12 00:51:26.920,16
V40377,2026-05-12 00:51:10.097,EVT-000858,venta_confirmada,2026-05-12 00:51:10,V40377,C0101,JV008,PS5,Tarjeta Crédito,Carlos,239.9,1,239.9,Paloma Jara,Silver,SJL,0.89,True,2026-05-12 00:51:26.920,16
V09970,2026-05-12 00:51:10.212,EVT-000859,pago_aprobado,2026-05-12 00:51:10,V09970,C0041,JV012,Xbox,Efectivo,María,189.9,1,189.9,Aurelio Canet Dávila,Básico,Surco,0.69,False,2026-05-12 00:51:26.920,16
V00806,2026-05-12 00:51:10.325,EVT-000860,venta_cancelada,2026-05-12 00:51:10,V00806,C0177,JV009,Switch,Yape,Carlos,199.9,1,199.9,Porfirio Vicens-Casal,Gold,Pueblo Libre,0.08,False,2026-05-12 00:51:26.920,16
V10090,2026-05-12 00:51:10.454,EVT-000861,venta_cancelada,2026-05-12 00:51:10,V10090,C0473,JV009,Switch,Tarjeta Crédito,Carlos,199.9,1,199.9,Venceslás Gomis Suarez,Silver,La Molina,0.07,False,2026-05-12 00:51:26.920,16
V28684,2026-05-12 00:51:10.558,EVT-000862,venta_completada,2026-05-12 00:51:10,V28684,C0342,JV008,PS5,Tarjeta Débito,Ana,239.9,2,479.8,Elvira del Huguet,Gold,Callao,0.42,False,2026-05-12 00:51:26.920,16
V26656,2026-05-12 00:51:10.727,EVT-000863,venta_cancelada,2026-05-12 00:51:10,V26656,C0035,JV009,Switch,Plin,Ana,199.9,1,199.9,Adán de Álvarez,Silver,Surquillo,0.77,True,2026-05-12 00:51:26.920,16
V13753,2026-05-12 00:51:10.830,EVT-000864,envio_preparado,2026-05-12 00:51:10,V13753,C0212,JV015,PS5,Plin,José,239.9,1,239.9,Graciano Maxi Valverde Marin,Gold,Pueblo Libre,0.31,False,2026-05-12 00:51:26.920,16
V16156,2026-05-12 00:51:10.931,EVT-000865,venta_confirmada,2026-05-12 00:51:10,V16156,C0022,JV002,PS5,Tarjeta Crédito,Carlos,249.9,1,249.9,Dulce Palomo Bolaños,Platinum,Breña,0.4,False,2026-05-12 00:51:26.920,16
V17091,2026-05-12 00:51:11.033,EVT-000866,venta_confirmada,2026-05-12 00:51:11,V17091,C0351,JV003,PC,Plin,Ana,229.9,1,229.9,Alfonso Cabello-Olivares,Silver,La Molina,0.94,True,2026-05-12 00:51:26.920,16
V28675,2026-05-12 00:51:11.135,EVT-000867,venta_cancelada,2026-05-12 00:51:11,V28675,C0388,JV012,PS5,Efectivo,José,189.9,1,189.9,Pepito Arana Torrent,Platinum,Los Olivos,0.11,False,2026-05-12 00:51:26.920,16
V48634,2026-05-12 00:51:11.236,EVT-000868,envio_preparado,2026-05-12 00:51:11,V48634,C0321,JV002,PC,Plin,Carlos,249.9,2,499.8,Andrés Felipe de Cárdenas,Platinum,Comas,0.14,False,2026-05-12 00:51:26.920,16
V01130,2026-05-12 00:51:11.338,EVT-000869,pago_aprobado,2026-05-12 00:51:11,V01130,C0058,JV009,Switch,Tarjeta Crédito,Ana,199.9,1,199.9,Lupe Escolano Saavedra,Platinum,Miraflores,0.52,False,2026-05-12 00:51:26.920,16
V01208,2026-05-12 00:51:11.440,EVT-000870,envio_preparado,2026-05-12 00:51:11,V01208,C0399,JV017,PS5,Tarjeta Crédito,José,219.9,1,219.9,Isidoro Noriega,Básico,Lince,0.06,False,2026-05-12 00:51:26.920,16
V27371,2026-05-12 00:51:11.546,EVT-000871,venta_creada,2026-05-12 00:51:11,V27371,C0424,JV014,PC,Efectivo,María,259.9,1,259.9,Leonor Zurita Vendrell,Gold,San Miguel,0.15,False,2026-05-12 00:51:26.920,16
V35982,2026-05-12 00:51:11.653,EVT-000872,venta_creada,2026-05-12 00:51:11,V35982,C0341,JV005,PS5,Plin,José,299.9,2,599.8,Cirino Pinto-Carvajal,Silver,Pueblo Libre,0.85,True,2026-05-12 00:51:26.920,16
V31085,2026-05-12 00:51:11.754,EVT-000873,venta_creada,2026-05-12 00:51:11,V31085,C0359,JV003,Switch,Plin,Carlos,229.9,1,229.9,Fortunata Pazos-Salas,Platinum,Miraflores,0.71,False,2026-05-12 00:51:26.920,16
V04214,2026-05-12 00:51:11.858,EVT-000874,venta_confirmada,2026-05-12 00:51:11,V04214,C0068,JV012,PS5,Efectivo,Ana,189.9,1,189.9,Gregorio Álvaro Llobet,Silver,San Miguel,0.76,True,2026-05-12 00:51:26.920,16
V03512,2026-05-12 00:51:11.959,EVT-000875,pago_aprobado,2026-05-12 00:51:11,V03512,C0475,JV018,Xbox,Plin,Luis,129.9,1,129.9,Natalia del Valenciano,Básico,Comas,0.37,False,2026-05-12 00:51:26.920,16
V37131,2026-05-12 00:51:12.060,EVT-000876,venta_confirmada,2026-05-12 00:51:12,V37131,C0224,JV011,PS5,Tarjeta Crédito,José,219.9,3,659.7,Purificación Viña Puga,Platinum,San Miguel,0.49,False,2026-05-12 00:51:26.920,16
V23427,2026-05-12 00:51:12.163,EVT-000877,pago_aprobado,2026-05-12 00:51:12,V23427,C0366,JV005,PS5,Tarjeta Débito,Carlos,299.9,1,299.9,Isidoro Ribas Lobo,Platinum,San Miguel,0.36,False,2026-05-12 00:51:26.920,16
V29980,2026-05-12 00:51:12.265,EVT-000878,pago_aprobado,2026-05-12 00:51:12,V29980,C0422,JV005,PS5,Tarjeta Débito,José,299.9,2,599.8,Pilar Cuervo Morante,Platinum,Miraflores,0.31,False,2026-05-12 00:51:26.920,16
V17019,2026-05-12 00:51:12.392,EVT-000879,venta_completada,2026-05-12 00:51:12,V17019,C0416,JV019,Switch,Plin,Luis,249.9,2,499.8,Cruz Quero Uriarte,Básico,San Isidro,0.5,False,2026-05-12 00:51:26.920,16
V15270,2026-05-12 00:51:12.493,EVT-000880,envio_preparado,2026-05-12 00:51:12,V15270,C0035,JV017,PS5,Yape,Luis,219.9,1,219.9,Adán de Álvarez,Silver,Surquillo,0.23,False,2026-05-12 00:51:26.920,16
V06458,2026-05-12 00:51:12.609,EVT-000881,venta_completada,2026-05-12 00:51:12,V06458,C0257,JV002,PS5,Plin,Carlos,249.9,1,249.9,Toño Ariño Madrigal,Básico,Pueblo Libre,0.54,False,2026-05-12 00:51:26.920,16
V29748,2026-05-12 00:51:12.756,EVT-000882,pago_aprobado,2026-05-12 00:51:12,V29748,C0153,JV002,PS5,Tarjeta Débito,Luis,249.9,2,499.8,Galo Riquelme Canals,Silver,San Isidro,0.32,False,2026-05-12 00:51:26.920,16
V03249,2026-05-12 00:51:12.918,EVT-000883,envio_preparado,2026-05-12 00:51:12,V03249,C0046,JV020,Xbox,Efectivo,María,179.9,3,539.7,Ruy Tovar Tapia,Gold,Callao,0.1,False,2026-05-12 00:51:26.920,16
V13150,2026-05-12 00:51:13.148,EVT-000884,venta_creada,2026-05-12 00:51:13,V13150,C0098,JV017,Xbox,Tarjeta Crédito,María,219.9,2,439.8,Humberto Gordillo-Poza,Platinum,Breña,0.81,True,2026-05-12 00:51:26.920,16
V31331,2026-05-12 00:51:13.305,EVT-000885,envio_preparado,2026-05-12 00:51:13,V31331,C0048,JV004,Switch,Plin,Ana,279.9,1,279.9,Hugo Chamorro-Peláez,Gold,Breña,0.92,True,2026-05-12 00:51:26.920,16
V11026,2026-05-12 00:51:13.406,EVT-000886,venta_confirmada,2026-05-12 00:51:13,V11026,C0212,JV003,Switch,Tarjeta Crédito,María,229.9,2,459.8,Graciano Maxi Valverde Marin,Gold,Pueblo Libre,0.94,True,2026-05-12 00:51:26.920,16
V28720,2026-05-12 00:51:13.619,EVT-000887,venta_cancelada,2026-05-12 00:51:13,V28720,C0131,JV020,PS5,Yape,Ana,179.9,1,179.9,Javiera Fuentes Vall,Básico,Callao,0.42,False,2026-05-12 00:51:26.920,16
V43391,2026-05-12 00:51:13.801,EVT-000888,envio_preparado,2026-05-12 00:51:13,V43391,C0343,JV017,PS5,Yape,María,219.9,1,219.9,Raúl Bernardo Carrasco Lucena,Gold,Surquillo,0.63,False,2026-05-12 00:51:26.920,16
V42991,2026-05-12 00:51:14.043,EVT-000889,pago_aprobado,2026-05-12 00:51:13,V42991,C0447,JV007,PS5,Tarjeta Crédito,Carlos,249.9,3,749.7,Juanita Felicia Guardia Calvo,Platinum,Comas,0.83,True,2026-05-12 00:51:26.920,16
V09067,2026-05-12 00:51:14.273,EVT-000890,envio_preparado,2026-05-12 00:51:14,V09067,C0205,JV014,PS4,Plin,Luis,259.9,1,259.9,Narcisa Barón-Montaña,Silver,Surquillo,0.48,False,2026-05-12 00:51:26.920,16
V05617,2026-05-12 00:51:14.373,EVT-000891,venta_completada,2026-05-12 00:51:14,V05617,C0446,JV004,Switch,Tarjeta Débito,María,279.9,1,279.9,Heliodoro Cortes-Posada,Silver,Lince,0.42,False,2026-05-12 00:51:26.920,16
V17846,2026-05-12 00:51:14.814,EVT-000892,venta_confirmada,2026-05-12 00:51:14,V17846,C0043,JV012,PC,Tarjeta Crédito,José,189.9,1,189.9,Porfirio Espada Cruz,Platinum,San Isidro,0.42,False,2026-05-12 00:51:26.920,16
V26457,2026-05-12 00:51:14.976,EVT-000893,venta_creada,2026-05-12 00:51:14,V26457,C0019,JV014,PS4,Yape,Luis,259.9,3,779.7,Fanny Rueda Coll,Silver,La Molina,0.07,False,2026-05-12 00:51:26.920,16
V09703,2026-05-12 00:51:15.102,EVT-000894,venta_creada,2026-05-12 00:51:15,V09703,C0388,JV004,Switch,Plin,José,279.9,1,279.9,Pepito Arana Torrent,Platinum,Los Olivos,0.43,False,2026-05-12 00:51:26.920,16
V49422,2026-05-12 00:51:15.222,EVT-000895,venta_confirmada,2026-05-12 00:51:15,V49422,C0219,JV001,PS5,Yape,Carlos,299.9,2,599.8,Piedad Benavides-Alegria,Silver,Breña,0.52,False,2026-05-12 00:51:26.920,16
V47070,2026-05-12 00:51:15.323,EVT-000896,venta_creada,2026-05-12 00:51:15,V47070,C0383,JV001,PS5,Plin,María,299.9,1,299.9,Carmelo Espiridión Tirado Segura,Gold,Jesús María,0.67,False,2026-05-12 00:51:26.920,16
V04464,2026-05-12 00:51:15.424,EVT-000897,pago_aprobado,2026-05-12 00:51:15,V04464,C0416,JV015,PS5,Plin,Luis,239.9,1,239.9,Cruz Quero Uriarte,Básico,San Isidro,0.11,False,2026-05-12 00:51:26.920,16
V28132,2026-05-12 00:51:15.525,EVT-000898,venta_completada,2026-05-12 00:51:15,V28132,C0459,JV011,PS5,Plin,Luis,219.9,2,439.8,Dionisia Bilbao Montserrat,Gold,Callao,0.52,False,2026-05-12 00:51:26.920,16
V46634,2026-05-12 00:51:15.739,EVT-000899,venta_confirmada,2026-05-12 00:51:15,V46634,C0288,JV011,PS5,Tarjeta Débito,Ana,219.9,2,439.8,Sol Pozo Company,Básico,San Borja,0.82,True,2026-05-12 00:51:26.920,16
V41026,2026-05-12 00:51:15.840,EVT-000900,pago_aprobado,2026-05-12 00:51:15,V41026,C0172,JV010,PS5,Yape,Luis,229.9,2,459.8,Isaac Díaz-Román,Platinum,Breña,0.2,False,2026-05-12 00:51:26.920,16
V45442,2026-05-12 00:51:15.943,EVT-000901,envio_preparado,2026-05-12 00:51:15,V45442,C0447,JV008,Switch,Tarjeta Crédito,Ana,239.9,2,479.8,Juanita Felicia Guardia Calvo,Platinum,Comas,0.37,False,2026-05-12 00:51:26.920,16
V20905,2026-05-12 00:51:16.045,EVT-000902,pago_aprobado,2026-05-12 00:51:16,V20905,C0310,JV007,PS5,Yape,Ana,249.9,1,249.9,Rosendo de Somoza,Básico,Los Olivos,0.27,False,2026-05-12 00:51:26.920,16
V41642,2026-05-12 00:51:16.131,EVT-000903,venta_creada,2026-05-12 00:51:16,V41642,C0121,JV008,Switch,Yape,José,239.9,2,479.8,Loreto Meléndez Juárez,Silver,Lince,0.14,False,2026-05-12 00:51:26.920,16
V17413,2026-05-12 00:51:16.232,EVT-000904,venta_creada,2026-05-12 00:51:16,V17413,C0180,JV015,PS5,Tarjeta Crédito,Luis,239.9,1,239.9,Leonor Peñalver Luján,Platinum,San Borja,0.91,True,2026-05-12 00:51:26.920,16
V30300,2026-05-12 00:51:16.333,EVT-000905,envio_preparado,2026-05-12 00:51:16,V30300,C0497,JV017,PC,Yape,Ana,219.9,1,219.9,María Dolores Diez Gálvez,Gold,San Isidro,0.82,True,2026-05-12 00:51:26.920,16
V25906,2026-05-12 00:51:16.434,EVT-000906,pago_aprobado,2026-05-12 00:51:16,V25906,C0325,JV007,PS5,Plin,Ana,249.9,1,249.9,Florina Camps Arana,Silver,Comas,0.89,True,2026-05-12 00:51:26.920,16
V10579,2026-05-12 00:51:16.535,EVT-000907,venta_confirmada,2026-05-12 00:51:16,V10579,C0250,JV012,PS4,Yape,Carlos,189.9,3,569.7,Áurea Arjona Santos,Silver,Comas,0.39,False,2026-05-12 00:51:26.920,16
V20774,2026-05-12 00:51:16.637,EVT-000908,venta_creada,2026-05-12 00:51:16,V20774,C0206,JV001,PS5,Plin,Carlos,299.9,1,299.9,María Carmen Figueras Pomares,Platinum,Surquillo,0.88,True,2026-05-12 00:51:26.920,16
V01014,2026-05-12 00:51:16.739,EVT-000909,venta_creada,2026-05-12 00:51:16,V01014,C0174,JV009,Switch,Tarjeta Débito,María,199.9,3,599.7,Alba Casado Luna,Gold,Callao,0.39,False,2026-05-12 00:51:26.920,16
V34322,2026-05-12 00:51:16.841,EVT-000910,venta_creada,2026-05-12 00:51:16,V34322,C0139,JV013,PS5,Tarjeta Débito,Ana,269.9,3,809.7,Gaspar Jaume Quesada,Básico,Surquillo,0.78,True,2026-05-12 00:51:26.920,16
V11998,2026-05-12 00:51:16.942,EVT-000911,venta_creada,2026-05-12 00:51:16,V11998,C0482,JV011,PC,Efectivo,María,219.9,1,219.9,Pancho Bonilla Calderon,Silver,Surquillo,0.63,False,2026-05-12 00:51:26.920,16
V48952,2026-05-12 00:51:17.043,EVT-000912,venta_confirmada,2026-05-12 00:51:17,V48952,C0210,JV017,PC,Efectivo,María,219.9,2,439.8,Albano Raya Piña,Básico,San Miguel,0.21,False,2026-05-12 00:51:26.920,16
V05052,2026-05-12 00:51:17.144,EVT-000913,envio_preparado,2026-05-12 00:51:17,V05052,C0246,JV010,Xbox,Efectivo,María,229.9,3,689.7,Nazaret Velasco Olmedo,Básico,SJL,0.23,False,2026-05-12 00:51:26.920,16
V20663,2026-05-12 00:51:17.245,EVT-000914,venta_confirmada,2026-05-12 00:51:17,V20663,C0184,JV014,Xbox,Yape,Luis,259.9,1,259.9,Melania Mas,Platinum,San Borja,0.42,False,2026-05-12 00:51:26.920,16
V24581,2026-05-12 00:51:17.351,EVT-000915,venta_creada,2026-05-12 00:51:17,V24581,C0358,JV005,PS5,Yape,Carlos,299.9,1,299.9,Blanca Prats Batlle,Básico,Lince,0.18,False,2026-05-12 00:51:26.920,16
V40236,2026-05-12 00:51:17.452,EVT-000916,pago_aprobado,2026-05-12 00:51:17,V40236,C0055,JV017,Xbox,Plin,Carlos,219.9,2,439.8,Leyre Olmo Bou,Platinum,Breña,0.05,False,2026-05-12 00:51:26.920,16
V19812,2026-05-12 00:51:17.756,EVT-000917,venta_creada,2026-05-12 00:51:17,V19812,C0399,JV020,Xbox,Tarjeta Crédito,María,179.9,1,179.9,Isidoro Noriega,Básico,Lince,0.13,False,2026-05-12 00:51:26.920,16
V31847,2026-05-12 00:51:17.892,EVT-000918,venta_creada,2026-05-12 00:51:17,V31847,C0202,JV008,PS5,Tarjeta Crédito,María,239.9,1,239.9,Luz de Plaza,Platinum,Surquillo,0.86,True,2026-05-12 00:51:26.920,16
V42402,2026-05-12 00:51:17.993,EVT-000919,venta_completada,2026-05-12 00:51:17,V42402,C0500,JV014,PS4,Tarjeta Débito,Carlos,259.9,2,519.8,Luis Ángel de Giralt,Básico,Surco,0.83,True,2026-05-12 00:51:26.920,16
V11866,2026-05-12 00:51:18.188,EVT-000920,envio_preparado,2026-05-12 00:51:18,V11866,C0276,JV008,Xbox,Plin,José,239.9,3,719.7,Amarilis Acuña Azorin,Gold,Lince,0.45,False,2026-05-12 00:51:26.920,16
V46657,2026-05-12 00:51:18.291,EVT-000921,venta_creada,2026-05-12 00:51:18,V46657,C0492,JV005,PS5,Efectivo,Ana,299.9,2,599.8,Efraín Castilla Méndez,Platinum,Jesús María,0.8,True,2026-05-12 00:51:26.920,16
V01733,2026-05-12 00:51:18.448,EVT-000922,venta_confirmada,2026-05-12 00:51:18,V01733,C0225,JV017,PC,Tarjeta Crédito,Luis,219.9,1,219.9,Micaela Calleja-Nicolás,Platinum,Los Olivos,0.17,False,2026-05-12 00:51:26.920,16
V35733,2026-05-12 00:51:18.575,EVT-000923,venta_confirmada,2026-05-12 00:51:18,V35733,C0310,JV015,Xbox,Tarjeta Débito,María,239.9,1,239.9,Rosendo de Somoza,Básico,Los Olivos,0.81,True,2026-05-12 00:51:26.920,16
V35990,2026-05-12 00:51:18.721,EVT-000924,envio_preparado,2026-05-12 00:51:18,V35990,C0168,JV010,PS5,Tarjeta Crédito,Carlos,229.9,1,229.9,Ildefonso Carretero-Caro,Platinum,Breña,0.93,True,2026-05-12 00:51:26.920,16
V42084,2026-05-12 00:51:18.829,EVT-000925,venta_cancelada,2026-05-12 00:51:18,V42084,C0344,JV001,PS5,Yape,Luis,299.9,3,899.7,Ildefonso del Azcona,Silver,La Molina,0.53,False,2026-05-12 00:51:26.920,16
V33196,2026-05-12 00:51:18.972,EVT-000926,envio_preparado,2026-05-12 00:51:18,V33196,C0167,JV014,Xbox,Plin,María,259.9,1,259.9,Florencio Gilabert,Platinum,Surco,0.16,False,2026-05-12 00:51:26.920,16
V42149,2026-05-12 00:51:19.115,EVT-000927,venta_creada,2026-05-12 00:51:19,V42149,C0343,JV003,PS5,Efectivo,Luis,229.9,1,229.9,Raúl Bernardo Carrasco Lucena,Gold,Surquillo,0.12,False,2026-05-12 00:51:26.920,16
V16642,2026-05-12 00:51:19.236,EVT-000928,venta_creada,2026-05-12 00:51:19,V16642,C0354,JV019,Switch,Plin,Luis,249.9,1,249.9,Ligia del Pont,Platinum,Surco,0.1,False,2026-05-12 00:51:26.920,16
V26465,2026-05-12 00:51:19.337,EVT-000929,venta_cancelada,2026-05-12 00:51:19,V26465,C0186,JV006,PC,Tarjeta Crédito,Carlos,219.9,1,219.9,María Carmen Palomo Llanos,Gold,Surquillo,0.52,False,2026-05-12 00:51:26.920,16
V18814,2026-05-12 00:51:19.456,EVT-000930,venta_creada,2026-05-12 00:51:19,V18814,C0328,JV005,PS5,Plin,Carlos,299.9,1,299.9,Enrique Silvio Blanch Fuertes,Gold,Comas,0.2,False,2026-05-12 00:51:26.920,16
V26569,2026-05-12 00:51:19.556,EVT-000931,venta_creada,2026-05-12 00:51:19,V26569,C0283,JV018,Xbox,Tarjeta Débito,Carlos,129.9,2,259.8,Bernarda Pedrosa Montaña,Gold,Los Olivos,0.91,True,2026-05-12 00:51:26.920,16
V48751,2026-05-12 00:51:19.663,EVT-000932,venta_confirmada,2026-05-12 00:51:19,V48751,C0300,JV009,Switch,Yape,Ana,199.9,2,399.8,Berta de Córdoba,Gold,SJL,0.01,False,2026-05-12 00:51:26.920,16
V00545,2026-05-12 00:51:19.779,EVT-000933,envio_preparado,2026-05-12 00:51:19,V00545,C0036,JV017,PS5,Plin,José,219.9,1,219.9,Silvio Gerónimo Roca Prats,Gold,Lince,0.3,False,2026-05-12 00:51:26.920,16
V06931,2026-05-12 00:51:19.918,EVT-000934,venta_completada,2026-05-12 00:51:19,V06931,C0153,JV013,PS5,Plin,José,269.9,2,539.8,Galo Riquelme Canals,Silver,San Isidro,0.88,True,2026-05-12 00:51:26.920,16
V04151,2026-05-12 00:51:20.019,EVT-000935,pago_aprobado,2026-05-12 00:51:20,V04151,C0368,JV006,PC,Tarjeta Débito,María,219.9,1,219.9,Mar Barón Fonseca,Básico,Surquillo,0.54,False,2026-05-12 00:51:26.920,16
V01694,2026-05-12 00:51:20.121,EVT-000936,venta_confirmada,2026-05-12 00:51:20,V01694,C0378,JV009,Switch,Tarjeta Crédito,María,199.9,1,199.9,Amador Bautista Gómez,Silver,Jesús María,0.86,True,2026-05-12 00:51:26.920,16
V22595,2026-05-12 00:51:20.222,EVT-000937,venta_creada,2026-05-12 00:51:20,V22595,C0167,JV013,PS5,Tarjeta Crédito,María,269.9,1,269.9,Florencio Gilabert,Platinum,Surco,0.28,False,2026-05-12 00:51:26.920,16
V34434,2026-05-12 00:51:20.323,EVT-000938,venta_completada,2026-05-12 00:51:20,V34434,C0381,JV006,PS5,Plin,Luis,219.9,1,219.9,Inmaculada Tejedor-Cerdá,Silver,San Borja,0.53,False,2026-05-12 00:51:26.920,16
V00438,2026-05-12 00:51:20.429,EVT-000939,venta_creada,2026-05-12 00:51:20,V00438,C0028,JV017,PS5,Tarjeta Crédito,María,219.9,2,439.8,Mariana del Briones,Silver,La Molina,0.92,True,2026-05-12 00:51:26.920,16
V34126,2026-05-12 00:51:20.530,EVT-000940,venta_confirmada,2026-05-12 00:51:20,V34126,C0210,JV015,PC,Tarjeta Débito,Carlos,239.9,1,239.9,Albano Raya Piña,Básico,San Miguel,0.59,False,2026-05-12 00:51:26.920,16
V49290,2026-05-12 00:51:20.631,EVT-000941,envio_preparado,2026-05-12 00:51:20,V49290,C0128,JV001,PS5,Efectivo,Carlos,299.9,2,599.8,Vidal Luque Salmerón,Platinum,Jesús María,0.63,False,2026-05-12 00:51:26.920,16
V07540,2026-05-12 00:51:20.731,EVT-000942,pago_aprobado,2026-05-12 00:51:20,V07540,C0393,JV003,Xbox,Tarjeta Débito,Luis,229.9,3,689.7,Cayetana Piña,Platinum,San Borja,0.41,False,2026-05-12 00:51:26.920,16
V11447,2026-05-12 00:51:20.833,EVT-000943,venta_completada,2026-05-12 00:51:20,V11447,C0211,JV001,PS5,Yape,José,299.9,2,599.8,Maximino Salas,Silver,Surquillo,0.37,False,2026-05-12 00:51:26.920,16
V41468,2026-05-12 00:51:20.934,EVT-000944,venta_confirmada,2026-05-12 00:51:20,V41468,C0228,JV017,PS5,Yape,José,219.9,2,439.8,Eva Salas Andres,Platinum,Surco,0.61,False,2026-05-12 00:51:26.920,16
V40764,2026-05-12 00:51:21.035,EVT-000945,venta_creada,2026-05-12 00:51:21,V40764,C0369,JV020,PS5,Plin,Ana,179.9,1,179.9,Tania del Jordán,Gold,Surco,0.27,False,2026-05-12 00:51:26.920,16
V20201,2026-05-12 00:51:21.136,EVT-000946,venta_confirmada,2026-05-12 00:51:21,V20201,C0355,JV009,Switch,Yape,Luis,199.9,1,199.9,Marcelino Roda Vilalta,Silver,San Borja,0.34,False,2026-05-12 00:51:26.920,16
V49078,2026-05-12 00:51:21.237,EVT-000947,venta_completada,2026-05-12 00:51:21,V49078,C0067,JV018,PC,Yape,Luis,129.9,2,259.8,Iván Cámara Cuevas,Gold,San Isidro,0.92,True,2026-05-12 00:51:26.920,16
V13622,2026-05-12 00:51:21.438,EVT-000948,venta_completada,2026-05-12 00:51:21,V13622,C0458,JV011,PS5,Tarjeta Débito,María,219.9,1,219.9,Natanael Olmedo,Platinum,San Miguel,0.03,False,2026-05-12 00:51:26.920,16
V32742,2026-05-12 00:51:21.555,EVT-000949,pago_aprobado,2026-05-12 00:51:21,V32742,C0409,JV010,PS5,Tarjeta Crédito,Ana,229.9,1,229.9,Vilma Arnal Sanmiguel,Gold,La Molina,0.8,True,2026-05-12 00:51:26.920,16
V25879,2026-05-12 00:51:21.688,EVT-000950,venta_completada,2026-05-12 00:51:21,V25879,C0349,JV012,PS5,Yape,José,189.9,1,189.9,Lupe Jerez Pombo,Platinum,Miraflores,0.67,False,2026-05-12 00:51:26.920,16
V20201,2026-05-12 00:51:21.789,EVT-000951,venta_creada,2026-05-12 00:51:21,V20201,C0355,JV009,Switch,Yape,Luis,199.9,1,199.9,Marcelino Roda Vilalta,Silver,San Borja,0.54,False,2026-05-12 00:51:26.920,16
V07104,2026-05-12 00:51:21.914,EVT-000952,venta_creada,2026-05-12 00:51:21,V07104,C0041,JV010,PS5,Tarjeta Crédito,Ana,229.9,2,459.8,Aurelio Canet Dávila,Básico,Surco,0.35,False,2026-05-12 00:51:26.920,16
V07319,2026-05-12 00:51:22.052,EVT-000953,venta_cancelada,2026-05-12 00:51:22,V07319,C0346,JV014,Switch,Tarjeta Crédito,Ana,259.9,1,259.9,Emperatriz Larrañaga-Vélez,Platinum,Breña,0.43,False,2026-05-12 00:51:26.920,16
V36559,2026-05-12 00:51:22.198,EVT-000954,venta_confirmada,2026-05-12 00:51:22,V36559,C0379,JV017,Xbox,Plin,Carlos,219.9,1,219.9,Esteban Corbacho,Platinum,Surquillo,0.46,False,2026-05-12 00:51:26.920,16
V31520,2026-05-12 00:51:22.340,EVT-000955,venta_confirmada,2026-05-12 00:51:22,V31520,C0164,JV014,PC,Tarjeta Crédito,Carlos,259.9,1,259.9,Moreno Plaza Cabo,Platinum,La Molina,0.07,False,2026-05-12 00:51:26.920,16
V41923,2026-05-12 00:51:22.441,EVT-000956,venta_confirmada,2026-05-12 00:51:22,V41923,C0120,JV002,PC,Tarjeta Débito,Luis,249.9,2,499.8,Carmela Zaragoza Domínguez,Gold,Miraflores,0.3,False,2026-05-12 00:51:26.920,16
V21411,2026-05-12 00:51:22.616,EVT-000957,pago_aprobado,2026-05-12 00:51:22,V21411,C0429,JV018,Switch,Tarjeta Crédito,María,129.9,1,129.9,Tatiana Serra Carretero,Silver,Jesús María,0.85,True,2026-05-12 00:51:26.920,16
V21069,2026-05-12 00:51:22.749,EVT-000958,envio_preparado,2026-05-12 00:51:22,V21069,C0139,JV012,PC,Tarjeta Débito,Carlos,189.9,1,189.9,Gaspar Jaume Quesada,Básico,Surquillo,0.18,False,2026-05-12 00:51:26.920,16
V24574,2026-05-12 00:51:22.851,EVT-000959,venta_creada,2026-05-12 00:51:22,V24574,C0141,JV013,PS5,Yape,Carlos,269.9,2,539.8,Armando Villalonga Zaragoza,Básico,Callao,0.29,False,2026-05-12 00:51:26.920,16
V23203,2026-05-12 00:51:22.952,EVT-000960,venta_completada,2026-05-12 00:51:22,V23203,C0281,JV018,Switch,Efectivo,José,129.9,2,259.8,Francisca Valcárcel,Silver,Pueblo Libre,0.46,False,2026-05-12 00:51:26.920,16
V13679,2026-05-12 00:51:23.053,EVT-000961,envio_preparado,2026-05-12 00:51:23,V13679,C0037,JV007,PC,Plin,Ana,249.9,1,249.9,Carmelita Díez Llano,Silver,San Miguel,0.24,False,2026-05-12 00:51:26.920,16
V34540,2026-05-12 00:51:23.155,EVT-000962,pago_aprobado,2026-05-12 00:51:23,V34540,C0420,JV001,PS5,Efectivo,María,299.9,1,299.9,Candelaria Montes Silva,Básico,SJL,0.39,False,2026-05-12 00:51:26.920,16
V36324,2026-05-12 00:51:23.256,EVT-000963,venta_confirmada,2026-05-12 00:51:23,V36324,C0124,JV001,PS5,Efectivo,José,299.9,1,299.9,Luis Ángel Jordán Rueda,Básico,San Miguel,0.79,True,2026-05-12 00:51:26.920,16
V31321,2026-05-12 00:51:23.357,EVT-000964,envio_preparado,2026-05-12 00:51:23,V31321,C0433,JV003,PS5,Efectivo,María,229.9,3,689.7,Evita Verdejo,Platinum,Jesús María,0.58,False,2026-05-12 00:51:26.920,16
V20932,2026-05-12 00:51:23.459,EVT-000965,venta_completada,2026-05-12 00:51:23,V20932,C0162,JV001,PS5,Tarjeta Crédito,Ana,299.9,1,299.9,Iván Rovira-Angulo,Básico,Surco,0.21,False,2026-05-12 00:51:26.920,16
V00400,2026-05-12 00:51:23.591,EVT-000966,pago_aprobado,2026-05-12 00:51:23,V00400,C0420,JV020,Xbox,Yape,José,179.9,3,539.7,Candelaria Montes Silva,Básico,SJL,0.91,True,2026-05-12 00:51:26.920,16
V32345,2026-05-12 00:51:23.696,EVT-000967,venta_confirmada,2026-05-12 00:51:23,V32345,C0225,JV009,Switch,Yape,Carlos,199.9,1,199.9,Micaela Calleja-Nicolás,Platinum,Los Olivos,0.74,False,2026-05-12 00:51:26.920,16
V46900,2026-05-12 00:51:23.798,EVT-000968,venta_creada,2026-05-12 00:51:23,V46900,C0370,JV019,Switch,Plin,Luis,249.9,1,249.9,Luz Ríos,Platinum,Comas,0.44,False,2026-05-12 00:51:26.920,16
V32703,2026-05-12 00:51:23.902,EVT-000969,venta_creada,2026-05-12 00:51:23,V32703,C0130,JV014,PS5,Tarjeta Crédito,Carlos,259.9,1,259.9,Julia de Lopez,Básico,Comas,0.67,False,2026-05-12 00:51:26.920,16
V19110,2026-05-12 00:51:24.005,EVT-000970,venta_creada,2026-05-12 00:51:24,V19110,C0011,JV003,PS5,Tarjeta Débito,Carlos,229.9,3,689.7,Asunción Catalán Sedano,Gold,San Miguel,0.39,False,2026-05-12 00:51:26.920,16
V07681,2026-05-12 00:51:24.106,EVT-000971,envio_preparado,2026-05-12 00:51:24,V07681,C0298,JV001,PS5,Yape,José,299.9,1,299.9,Moreno Rodriguez Ferrer,Gold,Lince,0.77,True,2026-05-12 00:51:26.920,16
V06999,2026-05-12 00:51:24.208,EVT-000972,envio_preparado,2026-05-12 00:51:24,V06999,C0175,JV014,PS5,Efectivo,Luis,259.9,1,259.9,Artemio Narváez Morell,Silver,Surco,0.23,False,2026-05-12 00:51:26.920,16
V49556,2026-05-12 00:51:24.310,EVT-000973,venta_creada,2026-05-12 00:51:24,V49556,C0366,JV016,PS5,Efectivo,José,289.9,2,579.8,Isidoro Ribas Lobo,Platinum,San Miguel,0.43,False,2026-05-12 00:51:26.920,16
V39070,2026-05-12 00:51:24.413,EVT-000974,pago_aprobado,2026-05-12 00:51:24,V39070,C0132,JV016,PS5,Tarjeta Crédito,Carlos,289.9,2,579.8,René Corral Mármol,Básico,San Isidro,0.15,False,2026-05-12 00:51:26.920,16
V21951,2026-05-12 00:51:24.514,EVT-000975,venta_creada,2026-05-12 00:51:24,V21951,C0243,JV014,PS4,Plin,José,259.9,1,259.9,Edelmiro Espada Vara,Gold,SJL,0.57,False,2026-05-12 00:51:26.920,16
V09063,2026-05-12 00:51:24.617,EVT-000976,venta_creada,2026-05-12 00:51:24,V09063,C0053,JV006,Xbox,Plin,María,219.9,1,219.9,Geraldo Gomez,Platinum,Breña,0.72,False,2026-05-12 00:51:26.920,16
V15724,2026-05-12 00:51:24.722,EVT-000977,venta_creada,2026-05-12 00:51:24,V15724,C0398,JV012,PS5,Tarjeta Crédito,Ana,189.9,2,379.8,Piedad Cuervo Gelabert,Silver,Jesús María,0.01,False,2026-05-12 00:51:26.920,16
V25758,2026-05-12 00:51:24.824,EVT-000978,venta_creada,2026-05-12 00:51:24,V25758,C0443,JV020,PS5,Plin,Luis,179.9,1,179.9,Adela Lucas Recio,Gold,Lince,0.68,False,2026-05-12 00:51:26.920,16
V34749,2026-05-12 00:51:24.930,EVT-000979,pago_aprobado,2026-05-12 00:51:24,V34749,C0046,JV016,PS5,Tarjeta Crédito,José,289.9,1,289.9,Ruy Tovar Tapia,Gold,Callao,0.02,False,2026-05-12 00:51:26.920,16
V30158,2026-05-12 00:51:25.036,EVT-000980,pago_aprobado,2026-05-12 00:51:25,V30158,C0096,JV004,Switch,Tarjeta Débito,Luis,279.9,1,279.9,Noelia Valencia Borja,Gold,Comas,0.25,False,2026-05-12 00:51:26.920,16
V16363,2026-05-12 00:51:25.137,EVT-000981,venta_confirmada,2026-05-12 00:51:25,V16363,C0006,JV016,PS5,Tarjeta Crédito,Carlos,289.9,1,289.9,Iker Castro Baeza,Gold,Comas,0.05,False,2026-05-12 00:51:26.920,16
V00148,2026-05-12 00:51:25.238,EVT-000982,venta_confirmada,2026-05-12 00:51:25,V00148,C0417,JV019,Switch,Efectivo,Ana,249.9,1,249.9,Maximiliano Jara Rius,Platinum,Breña,0.06,False,2026-05-12 00:51:26.920,16
V12258,2026-05-12 00:51:25.339,EVT-000983,venta_confirmada,2026-05-12 00:51:25,V12258,C0015,JV004,Switch,Plin,Carlos,279.9,1,279.9,Toño Roda Carranza,Gold,Jesús María,0.82,True,2026-05-12 00:51:26.920,16
V26406,2026-05-12 00:51:25.441,EVT-000984,pago_aprobado,2026-05-12 00:51:25,V26406,C0487,JV001,PS4,Yape,Ana,299.9,2,599.8,Jose Angel Bonilla Ruano,Gold,SJL,0.79,True,2026-05-12 00:51:26.920,16
V31683,2026-05-12 00:51:25.542,EVT-000985,venta_cancelada,2026-05-12 00:51:25,V31683,C0176,JV014,PS5,Tarjeta Débito,Carlos,259.9,1,259.9,Diego Iniesta Lara,Básico,Surquillo,0.27,False,2026-05-12 00:51:26.920,16
V07797,2026-05-12 00:51:25.644,EVT-000986,pago_aprobado,2026-05-12 00:51:25,V07797,C0117,JV011,PS5,Tarjeta Débito,Ana,219.9,3,659.7,Sebastian Monreal Vaquero,Platinum,Surco,0.41,False,2026-05-12 00:51:26.920,16
V12306,2026-05-12 00:51:25.752,EVT-000987,venta_completada,2026-05-12 00:51:25,V12306,C0083,JV004,Switch,Efectivo,Luis,279.9,2,559.8,Imelda Portillo-Gual,Gold,Los Olivos,0.52,False,2026-05-12 00:51:26.920,16
V03543,2026-05-12 00:51:25.856,EVT-000988,pago_aprobado,2026-05-12 00:51:25,V03543,C0198,JV016,PS5,Plin,José,289.9,2,579.8,Nicanor Rueda Olivé,Platinum,Lince,0.61,False,2026-05-12 00:51:26.920,16
V07441,2026-05-12 00:51:25.961,EVT-000989,pago_aprobado,2026-05-12 00:51:25,V07441,C0195,JV008,PS5,Tarjeta Débito,Carlos,239.9,1,239.9,Curro Solís Alarcón,Platinum,Surquillo,0.64,False,2026-05-12 00:51:26.920,16
V17515,2026-05-12 00:51:26.062,EVT-000990,venta_creada,2026-05-12 00:51:26,V17515,C0070,JV015,PC,Plin,Carlos,239.9,3,719.7,Tristán Jurado-Querol,Básico,La Molina,0.49,False,2026-05-12 00:51:26.920,16
V43428,2026-05-12 00:51:26.164,EVT-000991,pago_aprobado,2026-05-12 00:51:26,V43428,C0127,JV019,Switch,Yape,Ana,249.9,2,499.8,Ovidio del Corbacho,Gold,La Molina,0.87,True,2026-05-12 00:51:26.920,16
V24205,2026-05-12 00:51:26.265,EVT-000992,venta_completada,2026-05-12 00:51:26,V24205,C0352,JV015,PS5,Efectivo,María,239.9,1,239.9,Alexandra Asenjo Barbero,Silver,Pueblo Libre,0.67,False,2026-05-12 00:51:26.920,16
V47202,2026-05-12 00:51:26.366,EVT-000993,venta_creada,2026-05-12 00:51:26,V47202,C0455,JV016,PS5,Plin,Luis,289.9,2,579.8,Toni Carbonell Sancho,Silver,Callao,0.74,False,2026-05-12 00:51:26.920,16
V14203,2026-05-12 00:51:26.468,EVT-000994,venta_confirmada,2026-05-12 00:51:26,V14203,C0268,JV014,PS4,Plin,Carlos,259.9,1,259.9,Ruben Ayala,Gold,Los Olivos,0.58,False,2026-05-12 00:51:26.920,16
V20919,2026-05-12 00:51:26.569,EVT-000995,venta_completada,2026-05-12 00:51:26,V20919,C0287,JV003,PS5,Tarjeta Débito,Ana,229.9,1,229.9,Cristina Llopis Tena,Gold,Los Olivos,0.25,False,2026-05-12 00:51:26.920,16
V47114,2026-05-12 00:51:26.670,EVT-000996,pago_aprobado,2026-05-12 00:51:26,V47114,C0222,JV013,PS5,Tarjeta Débito,María,269.9,1,269.9,Edgardo Esteban Tejero,Silver,San Miguel,0.44,False,2026-05-12 00:51:26.920,16
V07973,2026-05-12 00:51:26.774,EVT-000997,envio_preparado,2026-05-12 00:51:26,V07973,C0478,JV001,PS4,Tarjeta Crédito,María,299.9,2,599.8,Roberto Borrego,Silver,Los Olivos,0.43,False,2026-05-12 00:51:26.920,16
V45209,2026-05-12 00:51:26.877,EVT-000998,envio_preparado,2026-05-12 00:51:26,V45209,C0027,JV005,PS5,Efectivo,Luis,299.9,1,299.9,Manolo Diaz,Gold,Callao,0.74,False,2026-05-12 00:51:26.920,16
