cliente_id,nombre,edad,genero,distrito,email,fecha_registro,nivel_membresia
C0001,Amílcar Jerónimo Agudo Godoy,16,M,Comas,edgardo84@zaragoza.net,2022-10-09,Silver
C0002,León Sans Oller,20,M,Comas,aitanalujan@hotmail.com,2022-04-15,Básico
C0003,Ángela Menéndez Daza,17,F,Miraflores,jose96@bejarano.com,2022-04-06,Silver
C0004,Leonardo Cabello Aguiló,32,M,San Borja,mleon@gmail.com,2022-01-28,Silver
C0005,Adelaida Luz Checa Roca,23,F,SJL,guillermocosta@calderon-llano.es,2023-08-27,Gold
C0006,Iker Castro Baeza,21,M,Comas,amoliner@gmail.com,2023-03-09,Gold
C0007,Sara Villegas-Gallart,20,F,San Isidro,smanzanares@andreu.es,2024-02-21,Gold
C0008,Juan Tenorio Vergara,18,M,Breña,vnavarrete@yahoo.com,2022-04-10,Gold
C0009,Itziar Arranz Muñoz,35,F,La Molina,julianagirona@solera.com,2024-04-06,Básico
C0010,Begoña Barberá Sainz,33,F,Surco,valencianowilfredo@pozo.com,2023-01-23,Básico
C0011,Asunción Catalán Sedano,35,F,San Miguel,csalinas@patino.org,2024-06-01,Gold
C0012,Juan Antonio Beltran Andrade,18,M,Miraflores,feliciana89@baro-novoa.es,2023-11-09,Silver
C0013,Edelmira Barba-Catalá,18,F,Surquillo,alejandraaranda@ramos.net,2022-08-27,Básico
C0014,Alejandra Huerta Iriarte,24,F,SJL,bernatroberto@yahoo.com,2023-10-13,Gold
C0015,Toño Roda Carranza,27,M,Jesús María,ferrerasgoyo@baquero-cueto.es,2022-08-03,Gold
C0016,Carlos de Galvez,35,M,Callao,godofredoenriquez@torralba.es,2022-06-25,Silver
C0017,Abraham Luque-Hernando,30,M,Breña,vilaplanagustavo@gmail.com,2022-10-04,Silver
C0018,María Manuela Cabezas Mármol,17,F,San Isidro,fuertesjordana@falco-garriga.com,2024-04-21,Básico
C0019,Fanny Rueda Coll,28,F,La Molina,pombotoribio@barbera.org,2022-03-09,Silver
C0020,Reyna Carrasco,22,F,Callao,edgarplanas@alcaraz-ojeda.org,2023-05-27,Platinum
C0021,Constanza Leiva Figueras,20,F,La Molina,cuencanoemi@hotmail.com,2022-05-23,Silver
C0022,Dulce Palomo Bolaños,34,F,Breña,pablopriego@yahoo.com,2023-08-21,Platinum
C0023,Paca Gálvez Valcárcel,23,F,Los Olivos,yago87@pinedo-cerro.net,2023-06-06,Platinum
C0024,Onofre Marti-Vidal,17,M,Surquillo,buendiadebora@gmail.com,2022-04-23,Silver
C0025,Rodrigo Juan Morante,29,M,San Borja,kcortes@egea-boada.org,2022-03-07,Platinum
C0026,Encarna Sara Villena Vallés,35,F,SJL,vergararodolfo@samper.com,2023-06-26,Gold
C0027,Manolo Diaz,19,M,Callao,eligiacabeza@sureda-rosello.org,2023-07-04,Gold
C0028,Mariana del Briones,19,F,La Molina,ascensionsalcedo@hotmail.com,2023-03-22,Silver
C0029,Áurea Gertrudis Ferreras Falcón,16,F,Comas,fdalmau@hotmail.com,2024-06-15,Gold
C0030,Demetrio Borja Salinas,32,M,San Miguel,mateuanselmo@coca.com,2022-04-19,Gold
C0031,Esteban del Colomer,20,M,Jesús María,santiagomanuel@oliver.net,2024-02-20,Silver
C0032,Armando Cerro Robles,35,M,Jesús María,trius@gmail.com,2023-05-16,Básico
C0033,Goyo Cuenca,27,M,San Miguel,jordidalmau@yahoo.com,2024-05-01,Gold
C0034,Lupe Soler,17,M,San Isidro,pcarballo@sanz.es,2024-06-18,Básico
C0035,Adán de Álvarez,31,M,Surquillo,casalazahar@yahoo.com,2022-03-12,Silver
C0036,Silvio Gerónimo Roca Prats,31,M,Lince,primitivo73@gmail.com,2022-06-19,Gold
C0037,Carmelita Díez Llano,22,F,San Miguel,torrefulgencio@gmail.com,2023-07-07,Silver
C0038,Jovita Amor,28,F,Callao,epifaniopardo@checa-mendizabal.org,2023-10-28,Gold
C0039,Celestina Amor Cárdenas,32,F,SJL,martirio72@murcia-goni.com,2022-05-04,Silver
C0040,Albano Herranz Farré,18,M,Jesús María,tejeraisaias@mendez.net,2022-01-22,Silver
C0041,Aurelio Canet Dávila,16,M,Surco,julieta10@gmail.com,2023-12-26,Básico
C0042,Javi Tormo Tur,18,M,San Miguel,nramis@carballo.com,2022-02-02,Gold
C0043,Porfirio Espada Cruz,32,M,San Isidro,fabricio06@gmail.com,2022-10-13,Platinum
C0044,Danilo Pinedo Arteaga,33,M,Los Olivos,maria-teresacarbo@heredia.es,2024-01-11,Platinum
C0045,Abraham del Hidalgo,31,M,Pueblo Libre,nrueda@yahoo.com,2023-02-21,Silver
C0046,Ruy Tovar Tapia,19,M,Callao,florindayanez@yahoo.com,2023-03-18,Gold
C0047,Rufina Caridad Vélez Nuñez,29,F,SJL,juan-bautistaamigo@uriarte-tellez.com,2024-06-03,Básico
C0048,Hugo Chamorro-Peláez,17,M,Breña,dbarral@yahoo.com,2024-01-16,Gold
C0049,Heliodoro Nazaret Bayo Fernández,23,M,San Isidro,prietomaria-del-carmen@hotmail.com,2022-07-14,Platinum
C0050,Máximo Cesar Morillo Romeu,29,M,Los Olivos,fmartin@mateu-rubio.net,2022-10-13,Platinum
C0051,Carmelo Folch Parra,18,M,SJL,loida21@carballo.es,2024-04-07,Básico
C0052,Florencio Manuel Porta,33,M,Surquillo,chaparroelisa@gmail.com,2022-01-16,Básico
C0053,Geraldo Gomez,21,M,Breña,nogueraadelina@gmail.com,2023-05-13,Platinum
C0054,Jerónimo Ferrández Chaparro,28,M,San Miguel,rlillo@gmail.com,2022-03-02,Silver
C0055,Leyre Olmo Bou,16,F,Breña,tudelamicaela@yahoo.com,2022-09-29,Platinum
C0056,Vicenta Guillén,29,F,Comas,victorcastillo@carbo.com,2024-01-19,Platinum
C0057,Mario Torralba,22,M,La Molina,nuneznilda@gmail.com,2022-08-11,Básico
C0058,Lupe Escolano Saavedra,26,M,Miraflores,anabel77@baron.com,2022-02-21,Platinum
C0059,Rogelio del Escribano,17,M,Lince,dibanez@miranda.es,2022-03-24,Silver
C0060,Ariel Juliá Jordán,35,M,Surco,eli29@gmail.com,2023-11-23,Silver
C0061,Georgina Ortiz Carro,19,F,San Miguel,dbueno@sacristan.es,2023-08-07,Silver
C0062,Héctor Correa Varela,35,M,Surco,pliniodominguez@hotmail.com,2023-03-06,Gold
C0063,Jacinta Tomé Coloma,22,F,Callao,guadalupevega@angulo-guzman.org,2024-01-04,Gold
C0064,Calixto Torrent,24,M,Breña,msantana@plana.org,2022-05-15,Gold
C0065,Verónica Atienza Barrena,26,F,San Miguel,dmanzanares@gmail.com,2024-02-09,Básico
C0066,Eugenio Gimenez Bolaños,30,M,San Borja,nayara13@calvet.com,2023-07-31,Básico
C0067,Iván Cámara Cuevas,33,M,San Isidro,carla74@hotmail.com,2023-06-03,Gold
C0068,Gregorio Álvaro Llobet,27,M,San Miguel,marisolnavas@palomar.org,2022-03-12,Silver
C0069,Constanza Mendizábal,25,F,Los Olivos,tomasjenaro@hotmail.com,2023-03-25,Gold
C0070,Tristán Jurado-Querol,33,M,La Molina,demetrio37@gmail.com,2023-11-11,Básico
C0071,Augusto Villalonga Merino,24,M,Surco,obueno@gmail.com,2022-04-20,Silver
C0072,Azahar Conde Haro,25,F,San Borja,vharo@gmail.com,2022-08-04,Gold
C0073,Buenaventura Bustamante Crespo,24,M,Lince,domingoramiro@gmail.com,2023-05-16,Gold
C0074,Tomás Joan Donaire Bayona,18,M,Callao,nunezroxana@hotmail.com,2023-03-10,Gold
C0075,Albino Carbajo,16,M,Jesús María,ubru@sainz.org,2024-02-29,Silver
C0076,Antonia Coloma Peral,21,F,Comas,wilfredo26@pavon-borrell.es,2023-03-29,Platinum
C0077,Aarón Lillo-Ripoll,19,M,Surco,jose-mariagarrido@yahoo.com,2023-12-09,Silver
C0078,Blas Sancho Gonzalo,27,M,San Borja,petrona05@gmail.com,2023-07-20,Silver
C0079,Lucía Iglesias-Casares,20,F,Miraflores,agustinvelasco@gmail.com,2022-11-12,Gold
C0080,Luciano Toledo Valverde,27,M,San Isidro,heriberto72@gmail.com,2023-11-30,Silver
C0081,Germán del Simó,27,M,Pueblo Libre,wmoraleda@hotmail.com,2023-07-28,Platinum
C0082,Rogelio Ayala-Crespo,23,M,Surquillo,dsalamanca@gmail.com,2022-06-16,Silver
C0083,Imelda Portillo-Gual,16,F,Los Olivos,vbosch@julian.net,2024-01-25,Gold
C0084,Patricia Alcaraz,23,F,La Molina,mgonzalez@salgado.com,2022-06-13,Básico
C0085,Florinda Quirós Muro,17,F,Surquillo,qluna@gordillo.es,2023-04-27,Silver
C0086,Chucho Muro Pedrosa,30,M,Jesús María,fabiana68@gmail.com,2022-11-09,Silver
C0087,Ceferino Osorio Lorenzo,16,M,Callao,esthermontana@cardona.es,2022-07-17,Platinum
C0088,Martina de Planas,24,F,Surquillo,pedrozabala@gmail.com,2022-03-13,Gold
C0089,Cloe Suarez Barral,32,F,Breña,vsastre@yahoo.com,2023-11-27,Gold
C0090,Virgilio Fabio Hervás Ribes,19,M,San Miguel,adelina34@calderon.com,2022-09-25,Silver
C0091,Azahara Mesa Perera,17,F,Surco,emelinacerdan@alcazar.com,2023-09-03,Platinum
C0092,Adelia Hurtado Ledesma,26,F,Breña,jose-angelfortuny@oliva.com,2023-09-13,Básico
C0093,Rebeca Coello Reguera,34,F,San Isidro,luisabelmonte@rivero.com,2022-09-18,Básico
C0094,María Belén Alcántara Zorrilla,16,F,Lince,luciana03@barriga.com,2024-04-05,Silver
C0095,Ana Maldonado Salom,29,F,Surco,abrahamibanez@mir.net,2023-11-12,Gold
C0096,Noelia Valencia Borja,19,F,Comas,areguera@gmail.com,2022-11-04,Gold
C0097,Marita Castro Alfaro,26,F,Breña,buenodionisia@avila.com,2023-12-15,Gold
C0098,Humberto Gordillo-Poza,22,M,Breña,candido49@cano.org,2023-11-12,Platinum
C0099,Lucio Bárcena Vilalta,35,M,San Borja,jaumelazaro@duque-lago.com,2022-11-05,Platinum
C0100,Amado David Valencia Chaparro,25,M,La Molina,loreto86@hotmail.com,2022-08-04,Platinum
C0101,Paloma Jara,30,F,SJL,mariscalrosalinda@hotmail.com,2023-03-29,Silver
C0102,Trinidad Cruz Valdés,21,F,Callao,pascualgamez@yahoo.com,2022-03-28,Gold
C0103,Bernardita Quesada Arellano,18,F,Surquillo,gironamiguel-angel@diego.com,2024-02-09,Silver
C0104,Valentina Quero Agudo,23,F,Pueblo Libre,pinillacarlos@hotmail.com,2022-07-23,Silver
C0105,Wilfredo Abellán Lopez,17,M,San Isidro,uribelope@palau.com,2023-05-02,Básico
C0106,Asunción Bolaños Ramos,29,F,San Miguel,amadotaboada@gmail.com,2023-10-07,Silver
C0107,Gertrudis Mosquera Aguilera,31,F,Breña,pontamador@yahoo.com,2022-09-07,Silver
C0108,Luis Nicolás Guitart Pellicer,19,M,Pueblo Libre,cantonprimitivo@ugarte.com,2023-03-12,Silver
C0109,Ruperto Manjón,32,M,SJL,walter16@amaya-torrens.com,2022-02-21,Silver
C0110,León Vicens Camino,30,M,Los Olivos,gracia71@montalban.com,2024-03-31,Platinum
C0111,Isaura Luz Pascual Botella,30,F,San Borja,nperez@pereira.org,2024-04-14,Platinum
C0112,Soledad Serra Carvajal,21,F,Comas,ncanovas@hotmail.com,2024-06-01,Platinum
C0113,Selena Priscila Ojeda García,24,F,Pueblo Libre,gracia15@gmail.com,2022-09-11,Gold
C0114,Pilar Quevedo Moliner,23,F,La Molina,herranzjennifer@silva.net,2023-03-27,Básico
C0115,Lourdes Seco Benavente,23,F,La Molina,tejeroazucena@mayo.org,2022-12-10,Gold
C0116,Julio César Cosme Tudela Blanca,20,M,Los Olivos,halbero@hotmail.com,2022-08-25,Platinum
C0117,Sebastian Monreal Vaquero,22,M,Surco,carrionrenato@riquelme.net,2023-03-01,Platinum
C0118,Zoraida Teresita Gimenez Cerro,33,F,SJL,nconesa@gmail.com,2023-03-02,Básico
C0119,Sabas Rodriguez-Llopis,29,M,Breña,camilo97@murcia.es,2024-02-28,Básico
C0120,Carmela Zaragoza Domínguez,31,F,Miraflores,silvestregutierrez@camacho-pellicer.org,2022-12-27,Gold
C0121,Loreto Meléndez Juárez,29,F,Lince,rpadilla@atienza-elorza.com,2024-02-05,Silver
C0122,Roberta Echevarría Ripoll,23,F,La Molina,edelmiraibanez@hotmail.com,2023-03-23,Platinum
C0123,Atilio Rubio-Carbó,28,M,Jesús María,tiradooscar@hotmail.com,2023-11-16,Platinum
C0124,Luis Ángel Jordán Rueda,30,M,San Miguel,tapiaporfirio@ayuso.com,2022-05-11,Básico
C0125,Modesta Manjón Cadenas,34,F,San Borja,lucilacanete@yahoo.com,2023-11-10,Básico
C0126,Dionisio Aguado Zaragoza,29,M,Los Olivos,eva-mariabalaguer@yahoo.com,2024-06-06,Platinum
C0127,Ovidio del Corbacho,17,M,La Molina,maciaspedro@yahoo.com,2023-01-24,Gold
C0128,Vidal Luque Salmerón,30,M,Jesús María,hernancarbajo@yahoo.com,2022-12-12,Platinum
C0129,Rita Nicolau Castro,29,F,La Molina,silvio58@yahoo.com,2024-05-04,Básico
C0130,Julia de Lopez,16,F,Comas,raulbatlle@bravo.org,2023-07-07,Básico
C0131,Javiera Fuentes Vall,23,F,Callao,pcanet@yahoo.com,2022-03-12,Básico
C0132,René Corral Mármol,23,M,San Isidro,borja36@gmail.com,2024-05-09,Básico
C0133,Reyes Vilalta Juliá,23,M,Los Olivos,ipalomar@rodrigo.es,2023-04-30,Básico
C0134,Gabino Soler Mármol,30,M,Comas,juan-carlos76@yahoo.com,2022-09-20,Gold
C0135,Alcides Pepe Vázquez Lucena,35,M,San Borja,qsoto@hotmail.com,2024-02-05,Básico
C0136,Geraldo Rius Francisco,25,M,Surco,edelmiroalegria@gmail.com,2023-08-16,Básico
C0137,Cruz Orozco Nogués,34,F,Callao,zfeliu@castells.es,2023-01-20,Platinum
C0138,Abraham de Angulo,18,M,San Borja,maxi64@gmail.com,2023-12-09,Silver
C0139,Gaspar Jaume Quesada,25,M,Surquillo,wmarco@hotmail.com,2023-12-02,Básico
C0140,Alex Rius Bastida,27,M,Lince,evangelinaarias@casals-madrigal.org,2023-03-15,Gold
C0141,Armando Villalonga Zaragoza,32,M,Callao,mgaliano@hotmail.com,2022-12-16,Básico
C0142,Anabel Báez Marti,31,F,Surco,fernando05@gmail.com,2023-03-20,Gold
C0143,Beatriz del Castelló,20,F,Breña,manuvinas@bernat.es,2022-06-30,Gold
C0144,Paola Llopis Arellano,30,F,Breña,bcasado@yahoo.com,2024-04-25,Gold
C0145,Rufina Teresita Ibañez Vergara,23,F,Surquillo,castanedapiedad@mir-caro.com,2022-03-30,Gold
C0146,Flavia Gallo Roda,23,F,Pueblo Libre,mbanos@gmail.com,2023-04-21,Platinum
C0147,Olimpia Pulido Vergara,16,F,SJL,sobrinovictoria@juan.es,2024-05-21,Gold
C0148,Zacarías Lluch Leon,31,M,San Isidro,iban05@hotmail.com,2022-12-30,Gold
C0149,Saturnina Bueno Llamas,24,F,San Miguel,penasrene@avila-baquero.es,2023-09-03,Gold
C0150,Isaac Marquez,32,M,San Isidro,domitila55@nebot.es,2022-03-29,Silver
C0151,Haydée Tenorio Sala,31,F,Lince,barceloemigdio@badia-angulo.com,2024-02-16,Silver
C0152,Diana de Iborra,31,F,SJL,guiomarguzman@esteve.es,2024-03-22,Básico
C0153,Galo Riquelme Canals,25,M,San Isidro,vvarela@hotmail.com,2023-02-19,Silver
C0154,Nazaret Casanovas Fortuny,34,F,Jesús María,hpalacios@soria.com,2023-04-30,Gold
C0155,Paz Manrique Castro,33,F,Jesús María,manzanozaira@cabrero-vilalta.com,2022-12-27,Platinum
C0156,Edelmira Arnal Castell,25,F,La Molina,paniaguasamanta@cespedes.com,2022-08-25,Básico
C0157,Natanael Reguera Tejero,26,M,Surco,martin31@yahoo.com,2024-01-31,Silver
C0158,Edelmiro Borja Miranda,22,M,Comas,domitila17@gmail.com,2023-05-11,Gold
C0159,Lorenza Ripoll-Pou,19,F,Surquillo,tflor@palma.es,2022-07-18,Gold
C0160,José Mari Céspedes Rueda,27,M,Los Olivos,palmasalome@herrero.es,2022-11-06,Básico
C0161,Blas de Iglesias,24,M,Miraflores,ferranmarino@gmail.com,2022-02-25,Gold
C0162,Iván Rovira-Angulo,31,M,Surco,zdaza@gmail.com,2024-06-12,Básico
C0163,Obdulia Delfina Viñas Múgica,31,F,SJL,vilaplanaclaudio@yahoo.com,2023-03-28,Gold
C0164,Moreno Plaza Cabo,17,M,La Molina,murcarlos@hotmail.com,2024-06-01,Platinum
C0165,Mateo del Cepeda,18,M,Breña,vicentealberdi@gmail.com,2023-05-19,Básico
C0166,Dani del Balaguer,20,M,Los Olivos,augustoarnau@chico-aguado.org,2024-04-10,Gold
C0167,Florencio Gilabert,23,M,Surco,tarana@prat.org,2023-07-26,Platinum
C0168,Ildefonso Carretero-Caro,32,M,Breña,natanaeltorralba@yahoo.com,2023-04-07,Platinum
C0169,Cristina Berenguer Santana,34,F,Breña,nprieto@tapia.com,2022-11-09,Básico
C0170,Andrés Felipe Guardia Almansa,22,M,Callao,aroavizcaino@gmail.com,2022-08-05,Gold
C0171,Leoncio Dalmau,21,M,San Isidro,canellasolegario@gmail.com,2022-06-27,Básico
C0172,Isaac Díaz-Román,16,M,Breña,sevearagones@hotmail.com,2023-04-07,Platinum
C0173,Angélica del Bárcena,17,F,San Isidro,inocencioperez@buendia.com,2022-10-23,Gold
C0174,Alba Casado Luna,18,F,Callao,conrado63@yahoo.com,2022-08-28,Gold
C0175,Artemio Narváez Morell,29,M,Surco,octaviaguitart@goni.com,2023-07-12,Silver
C0176,Diego Iniesta Lara,24,M,Surquillo,jose-manuel76@yahoo.com,2022-05-26,Básico
C0177,Porfirio Vicens-Casal,21,M,Pueblo Libre,flavio52@yahoo.com,2022-11-11,Gold
C0178,Carla Antón Carbonell,19,F,SJL,virgilio86@barreda.net,2023-12-07,Gold
C0179,Yéssica de Artigas,24,F,Lince,alba14@ortega.com,2023-07-07,Platinum
C0180,Leonor Peñalver Luján,18,F,San Borja,violetarosello@hotmail.com,2022-02-10,Platinum
C0181,Paz Tamayo Díez,35,F,La Molina,ppalau@vicente.com,2022-01-27,Básico
C0182,Gil Leal Diego,34,M,San Borja,vfigueras@hotmail.com,2022-01-22,Gold
C0183,Heraclio Álvaro Domingo,21,M,SJL,hmaza@yahoo.com,2023-06-16,Platinum
C0184,Melania Mas,21,F,San Borja,parejayesica@landa-agudo.com,2023-03-23,Platinum
C0185,Marcos Manrique Badía,31,M,Jesús María,agracia@hotmail.com,2023-02-23,Gold
C0186,María Carmen Palomo Llanos,19,F,Surquillo,oferreras@hotmail.com,2022-06-14,Gold
C0187,Olga Menendez Benitez,31,F,La Molina,guijarromoises@hotmail.com,2023-11-10,Platinum
C0188,Bonifacio Cervantes Haro,30,M,Surco,jribes@ferrera-pintor.com,2022-11-19,Gold
C0189,Ramona Alcántara-Bueno,19,F,Pueblo Libre,ybermejo@gmail.com,2023-02-18,Básico
C0190,Dolores de Querol,29,F,Miraflores,antoniavaldes@hotmail.com,2022-07-12,Gold
C0191,Teodora del Contreras,30,F,Pueblo Libre,galegria@gmail.com,2022-02-22,Silver
C0192,Amanda de Valencia,33,F,Los Olivos,gallegoazahara@mayoral-pellicer.org,2022-10-22,Platinum
C0193,Ramona Peiró Bejarano,19,F,Miraflores,sarino@buendia.com,2023-10-08,Silver
C0194,Flavio Ibarra Blázquez,25,M,Lince,valenciaerasmo@yahoo.com,2022-01-15,Platinum
C0195,Curro Solís Alarcón,23,M,Surquillo,concepcionamigo@salmeron-sala.es,2022-04-27,Platinum
C0196,Lisandro Amorós Garrido,20,M,SJL,kike81@gmail.com,2024-01-04,Gold
C0197,Alma Marco Ochoa,29,F,Surquillo,felicianapellicer@hotmail.com,2023-05-10,Platinum
C0198,Nicanor Rueda Olivé,30,M,Lince,sblanes@hotmail.com,2022-05-29,Platinum
C0199,Marcelino Toro-Arribas,35,M,Lince,lmadrid@valls-pla.net,2024-02-04,Silver
C0200,Loreto Arribas Peña,24,M,Pueblo Libre,bruno48@yahoo.com,2024-03-19,Platinum
C0201,Iris Campoy Berrocal,32,F,La Molina,ftoledo@gmail.com,2024-04-20,Básico
C0202,Luz de Plaza,25,F,Surquillo,millananunciacion@gmail.com,2023-08-25,Platinum
C0203,Fulgencio Aristides Sacristán Estevez,30,M,Lince,paco33@yahoo.com,2023-05-11,Gold
C0204,Tomasa Tomé Arco,33,F,Pueblo Libre,amorosamor@hotmail.com,2023-07-11,Platinum
C0205,Narcisa Barón-Montaña,26,F,Surquillo,cervantesiris@hotmail.com,2022-07-13,Silver
C0206,María Carmen Figueras Pomares,23,F,Surquillo,maxi88@yahoo.com,2024-03-05,Platinum
C0207,Severino Narváez Acero,26,M,Comas,jesusa57@carnero.es,2023-04-30,Platinum
C0208,Eufemia Abril Canals,20,F,SJL,montserratzaragoza@montoya.net,2022-02-07,Silver
C0209,Jennifer Izaguirre,19,F,Surquillo,emolins@fabra-menendez.es,2024-05-15,Platinum
C0210,Albano Raya Piña,32,M,San Miguel,vinapascual@gmail.com,2023-04-13,Básico
C0211,Maximino Salas,29,M,Surquillo,yalonso@gmail.com,2023-11-02,Silver
C0212,Graciano Maxi Valverde Marin,31,M,Pueblo Libre,mirandaelisabet@rivero.com,2022-09-29,Gold
C0213,Marina Plaza Ferrera,18,F,Surquillo,oagullo@yahoo.com,2022-12-03,Platinum
C0214,Leonor Alvarado Seco,31,F,Surquillo,martirio04@cantero-alvarez.com,2023-07-09,Básico
C0215,Marciano Agustín,23,M,Callao,raul90@yahoo.com,2023-12-02,Gold
C0216,Simón Segismundo Buendía Ros,18,M,Breña,lmurcia@hotmail.com,2022-04-11,Básico
C0217,Sol Alemán Gallardo,21,F,Comas,heraclio66@yahoo.com,2022-11-03,Básico
C0218,Nico Ibán Morata Abascal,26,M,Pueblo Libre,eligiayanez@pavon-molina.net,2022-02-27,Gold
C0219,Piedad Benavides-Alegria,27,F,Breña,valencianoangeles@castro.org,2022-05-30,Silver
C0220,Paulina Sarabia,34,F,Callao,sandovallidia@alcala.net,2024-03-22,Silver
C0221,Gil Patricio Casanova Barrena,21,M,Surco,porfiriosierra@hotmail.com,2023-09-17,Platinum
C0222,Edgardo Esteban Tejero,31,M,San Miguel,svalenzuela@quintero.net,2023-08-21,Silver
C0223,Samuel Pallarès Montenegro,30,M,Callao,tsegura@hotmail.com,2022-09-18,Platinum
C0224,Purificación Viña Puga,16,F,San Miguel,isaiaspalacio@villar.com,2024-04-03,Platinum
C0225,Micaela Calleja-Nicolás,33,F,Los Olivos,alvareznilda@rodriguez.org,2022-03-17,Platinum
C0226,Nidia Suárez Anguita,34,F,La Molina,fcheca@bolanos.es,2023-10-17,Platinum
C0227,Jacinta Itziar Bellido Gimenez,30,F,Surquillo,francotomasa@yahoo.com,2022-11-06,Silver
C0228,Eva Salas Andres,31,F,Surco,natividadbriones@llorens.es,2022-08-31,Platinum
C0229,Emma Expósito,34,F,La Molina,macarena73@duenas.es,2023-12-18,Gold
C0230,Alejandro Marqués Vizcaíno,28,M,La Molina,ygracia@yahoo.com,2022-01-09,Básico
C0231,Brunilda del Cuéllar,25,F,Pueblo Libre,arjonaadalberto@arnaiz.com,2024-03-29,Silver
C0232,Luisina Villa Abascal,23,F,Callao,tere11@hotmail.com,2022-07-14,Gold
C0233,Mario Yáñez-Aragón,19,M,San Miguel,tomasa10@seco-pastor.es,2023-10-05,Básico
C0234,Paz Serna Montoya,30,F,Miraflores,jovita10@gmail.com,2023-08-17,Gold
C0235,Juan Carlos Casemiro Vara Alberdi,18,M,San Miguel,danilo56@mena-cabanas.net,2022-10-30,Gold
C0236,Clotilde Vidal Coronado,21,F,San Isidro,danilo11@barroso.com,2022-05-16,Gold
C0237,Encarnación Bibiana Diez Infante,21,F,La Molina,gcosta@yahoo.com,2024-04-24,Platinum
C0238,Albina Lorenzo,26,F,Pueblo Libre,aribera@yahoo.com,2022-04-28,Platinum
C0239,Eusebio Murillo-Lobato,20,M,Pueblo Libre,obaez@gmail.com,2022-08-20,Platinum
C0240,Araceli Giralt Tejero,18,F,Pueblo Libre,amarino@yahoo.com,2023-02-09,Básico
C0241,Etelvina Gil Llorente,33,F,Surco,lillovictor@mata.com,2023-04-11,Gold
C0242,Esperanza Vazquez Bas,34,F,Breña,xpinedo@gmail.com,2024-04-22,Gold
C0243,Edelmiro Espada Vara,23,M,SJL,teodorogimenez@gmail.com,2022-01-26,Gold
C0244,Eutimio Moliner,18,M,Callao,jose-antonioroldan@blasco.es,2024-04-23,Platinum
C0245,Emelina Olivares Díaz,29,F,Surco,arteagaalberto@hotmail.com,2022-05-24,Básico
C0246,Nazaret Velasco Olmedo,25,M,SJL,juanitaquiroga@blanch.net,2022-04-29,Básico
C0247,Álvaro de Posada,33,M,Los Olivos,uexposito@hotmail.com,2023-02-02,Platinum
C0248,Flora Ballester Paz,33,F,Breña,aroa42@goni-moran.com,2023-08-25,Silver
C0249,Margarita Vicente-Daza,19,F,Surquillo,amorbeltran@gmail.com,2023-05-17,Platinum
C0250,Áurea Arjona Santos,17,F,Comas,isabela35@hotmail.com,2023-01-15,Silver
C0251,Maricela Díaz-Aroca,30,F,San Isidro,zapatajordan@leiva.com,2024-05-25,Gold
C0252,Curro Arribas Miró,27,M,Lince,herminiaparedes@parejo.com,2023-10-23,Gold
C0253,Lisandro Moisés Ramis Barba,28,M,La Molina,sacristandavid@hotmail.com,2022-07-14,Básico
C0254,Isabel Amorós-Llorens,18,F,Callao,vanesa14@yahoo.com,2022-08-06,Básico
C0255,Albert Beltran Maza,26,M,San Isidro,malfaro@yahoo.com,2022-05-09,Silver
C0256,Trinidad Llano Guerrero,33,M,San Isidro,maria-jesus95@gmail.com,2023-08-24,Silver
C0257,Toño Ariño Madrigal,26,M,Pueblo Libre,omurillo@gmail.com,2022-06-01,Básico
C0258,Florina de Rico,20,F,Los Olivos,eugenio84@hotmail.com,2023-07-08,Gold
C0259,Erasmo Blas Moya Llanos,19,M,Callao,edelmira18@castillo-jauregui.com,2024-06-06,Básico
C0260,Conrado Omar Barbero Agudo,16,M,Jesús María,renata46@gmail.com,2024-03-19,Silver
C0261,Esmeralda Echeverría,16,F,Los Olivos,calderoncristian@yahoo.com,2022-09-29,Básico
C0262,Fulgencio Páez Vélez,29,M,Lince,gabinofortuny@yahoo.com,2022-04-27,Básico
C0263,Olivia Domínguez Sebastián,30,F,Pueblo Libre,alamomaria-luisa@villar-alfonso.com,2023-01-06,Básico
C0264,María José Sosa Salgado,32,F,San Isidro,natividadcueto@hotmail.com,2023-09-22,Básico
C0265,África Artigas Huerta,30,F,Callao,cuellartono@yahoo.com,2022-02-01,Básico
C0266,Sol Llano Tejada,28,F,Breña,felipa47@carretero-almazan.com,2023-12-04,Básico
C0267,Edelmira Ramón Miguel,30,F,Surco,miguelviana@yahoo.com,2022-03-24,Gold
C0268,Ruben Ayala,18,M,Los Olivos,plinio55@hotmail.com,2022-10-09,Gold
C0269,Dolores Casado Anaya,35,F,Lince,ema17@calderon-heredia.org,2022-10-29,Platinum
C0270,Esperanza Marí,19,F,Pueblo Libre,flora12@hotmail.com,2023-12-20,Básico
C0271,Ariel Ribera-Castell,29,M,SJL,miriamsarmiento@hotmail.com,2022-08-22,Platinum
C0272,Lupe Andres Requena,30,F,Breña,bernadalfonso@pelayo.com,2023-03-02,Básico
C0273,Azeneth Susana Rozas Frías,29,F,Jesús María,walmansa@olive-canete.es,2023-11-13,Gold
C0274,Manu Royo Blanca,20,F,Callao,esperanzajimenez@gmail.com,2023-05-01,Básico
C0275,Horacio Torrents-Sabater,18,M,Surco,qlopez@valbuena.es,2023-03-19,Básico
C0276,Amarilis Acuña Azorin,20,F,Lince,efrainabascal@yahoo.com,2022-03-03,Gold
C0277,Dan de Riera,29,M,Jesús María,uordonez@ballester.com,2024-06-13,Platinum
C0278,Baldomero Esteve Torralba,25,M,San Borja,alarconeleuterio@gmail.com,2022-11-16,Gold
C0279,David Garmendia-Tudela,34,M,Lince,socorro28@gmail.com,2022-08-06,Silver
C0280,Juana Tello Montenegro,23,F,Surquillo,emiliasaldana@yahoo.com,2022-04-21,Gold
C0281,Francisca Valcárcel,19,F,Pueblo Libre,emigdiopedraza@acero.net,2022-10-13,Silver
C0282,Hilda del Busquets,33,F,Pueblo Libre,eutimiofernandez@jover.com,2024-04-18,Básico
C0283,Bernarda Pedrosa Montaña,16,F,Los Olivos,samutorrent@gmail.com,2022-10-07,Gold
C0284,Almudena Saldaña Feliu,27,F,Miraflores,brunildapi@gmail.com,2022-07-05,Silver
C0285,María Belén Montoya,18,F,Los Olivos,capdevilabernardino@lumbreras.com,2024-01-29,Básico
C0286,Isidoro Villalba Morera,32,M,San Isidro,sorianotrinidad@gmail.com,2023-01-21,Platinum
C0287,Cristina Llopis Tena,26,F,Los Olivos,npuig@bas.es,2023-01-14,Gold
C0288,Sol Pozo Company,34,F,San Borja,tudelaedmundo@gmail.com,2022-03-28,Básico
C0289,José Roma Quevedo,21,M,Pueblo Libre,fgalan@carrera.net,2023-09-25,Básico
C0290,Leonel Artemio Verdejo Peral,24,M,SJL,galomayo@hotmail.com,2023-11-09,Platinum
C0291,Máxima Sanz Durán,35,F,SJL,camilo10@gmail.com,2023-03-01,Gold
C0292,Lucas Mayoral Alonso,32,M,Surco,godofredo21@yahoo.com,2022-12-20,Platinum
C0293,Godofredo Fermín Santamaria Aguado,25,M,Callao,ulozano@hernandez.com,2023-11-26,Platinum
C0294,Zaida Godoy Rojas,17,F,San Isidro,jose-mariartigas@alcolea.net,2023-02-09,Básico
C0295,Jacobo de Garmendia,22,M,La Molina,tomasa24@hotmail.com,2022-08-05,Silver
C0296,María Del Carmen Giménez Atienza,25,F,Jesús María,salomonbenitez@bernal-crespi.es,2022-05-03,Básico
C0297,Serafina Sevilla,29,F,Los Olivos,bermejoreina@madrigal.net,2022-05-13,Platinum
C0298,Moreno Rodriguez Ferrer,32,M,Lince,juan-carlos84@yahoo.com,2024-05-03,Gold
C0299,Reynaldo Macías Almansa,28,M,Surquillo,gisbertgaspar@hotmail.com,2024-01-30,Básico
C0300,Berta de Córdoba,16,F,SJL,xrojas@frias.es,2022-03-21,Gold
C0301,Mireia Bautista Naranjo,34,F,Breña,clarajorda@yahoo.com,2023-12-28,Platinum
C0302,Carina Aliaga Folch,19,F,Breña,patricia72@echeverria-plaza.com,2022-01-22,Gold
C0303,Toño Fiol Rodríguez,35,M,SJL,naparicio@blanco-isern.org,2024-05-01,Gold
C0304,Ovidio Alba Llobet,29,M,Surquillo,jovita82@yahoo.com,2022-04-19,Silver
C0305,Marcela Valero Conesa,34,F,Breña,rogelio29@yahoo.com,2023-06-21,Básico
C0306,Diana Grau-Camino,25,F,Comas,alvarezesther@gmail.com,2022-12-14,Silver
C0307,Cristina Priscila Suárez Guardiola,21,F,Surco,xavier12@yahoo.com,2023-06-07,Básico
C0308,Albano Tomás Aragonés,27,M,Jesús María,rico47@grande.es,2024-01-15,Silver
C0309,Wálter Pineda,19,M,Los Olivos,purificacion44@gmail.com,2022-09-20,Silver
C0310,Rosendo de Somoza,35,M,Los Olivos,npedraza@gmail.com,2024-02-18,Básico
C0311,Haroldo Casas Rocamora,31,M,SJL,fdelgado@yahoo.com,2024-02-12,Platinum
C0312,Belén Ferrándiz-Fuster,26,F,Los Olivos,jose88@vilanova.com,2023-03-27,Básico
C0313,Ágata Millán Vives,30,F,Callao,balduino88@bonilla.org,2022-11-07,Gold
C0314,Omar Castellanos Goñi,27,M,Lince,baltasar92@balaguer-company.es,2022-03-17,Gold
C0315,Eloísa Castell,30,F,Miraflores,isaac36@hotmail.com,2022-02-28,Gold
C0316,Clotilde Carvajal Torrijos,18,F,Callao,renato22@hotmail.com,2024-06-03,Básico
C0317,Bienvenida Ribes Casado,30,F,San Borja,acunaaaron@peral.com,2023-07-22,Básico
C0318,Ema Neira,34,F,Callao,mcoll@hotmail.com,2022-07-12,Gold
C0319,Viviana Amorós-Miralles,32,F,Los Olivos,blazquezana@yahoo.com,2022-03-05,Platinum
C0320,León de Tamarit,26,M,Comas,romanaristides@yahoo.com,2022-03-28,Silver
C0321,Andrés Felipe de Cárdenas,23,M,Comas,elena66@bartolome-carbajo.es,2023-03-25,Platinum
C0322,Nico Cortes Guerrero,27,M,Jesús María,elena52@armengol.com,2022-10-17,Platinum
C0323,Bernardita Marquez-Sureda,26,F,Callao,daniescolano@yahoo.com,2023-09-05,Básico
C0324,Aura España Ballester,18,F,Jesús María,lorena73@pedro.com,2022-04-07,Platinum
C0325,Florina Camps Arana,24,F,Comas,mendizabaladriana@caceres-polo.com,2024-05-22,Silver
C0326,Octavia Rosales-Borrego,18,F,San Borja,neirabautista@yahoo.com,2023-11-11,Silver
C0327,Luz Puga-Jordá,25,F,Callao,uriartejennifer@yahoo.com,2023-12-17,Platinum
C0328,Enrique Silvio Blanch Fuertes,35,M,Comas,nestor09@arjona.com,2022-03-28,Gold
C0329,Rosalina Revilla,26,F,Surquillo,ambrosiococa@nevado-rovira.es,2022-05-11,Básico
C0330,Vicenta de Criado,32,F,Jesús María,rodriguezaroa@hotmail.com,2022-01-19,Gold
C0331,Vanesa Robledo Santamaria,21,F,San Isidro,roldancelso@hotmail.com,2022-12-16,Platinum
C0332,Pablo Guillén Aguilar,23,M,Los Olivos,arandaazahar@sanmiguel.com,2022-06-08,Básico
C0333,Georgina Moraleda-Coloma,19,F,Lince,secomarta@ramirez.es,2024-02-29,Básico
C0334,Angélica Clemente Niño,35,F,Los Olivos,lloretselena@segui-miguel.es,2023-09-04,Platinum
C0335,Agapito Carnero Saldaña,21,M,Los Olivos,roquelosa@anguita.es,2024-05-01,Silver
C0336,Adriana Roldán Teruel,17,F,Breña,abriltono@yahoo.com,2023-01-09,Silver
C0337,Aurora Cáceres Jimenez,35,F,La Molina,edgardoperello@solsona.com,2024-02-10,Platinum
C0338,Poncio Leocadio Delgado Pina,33,M,San Isidro,inigo17@gmail.com,2022-11-13,Platinum
C0339,Nicodemo del Ramírez,27,M,Callao,acapdevila@alvarez.es,2023-08-08,Platinum
C0340,Adelaida Ugarte,25,F,Pueblo Libre,amorvelasco@olivares-valenzuela.es,2023-01-27,Platinum
C0341,Cirino Pinto-Carvajal,22,M,Pueblo Libre,qblanca@simo-segovia.com,2023-09-12,Silver
C0342,Elvira del Huguet,17,F,Callao,jose-carloslobato@yahoo.com,2023-05-08,Gold
C0343,Raúl Bernardo Carrasco Lucena,32,M,Surquillo,montesinosveronica@sobrino.es,2022-05-08,Gold
C0344,Ildefonso del Azcona,21,M,La Molina,onofre76@lucena-ramis.com,2023-04-06,Silver
C0345,Zoraida del Manuel,18,F,San Miguel,qbilbao@yahoo.com,2022-08-16,Platinum
C0346,Emperatriz Larrañaga-Vélez,16,F,Breña,dojeda@esparza-recio.com,2022-02-24,Platinum
C0347,Febe Carro Blanes,23,F,Breña,ferrandopriscila@gmail.com,2022-03-25,Gold
C0348,Raúl Isern-Manrique,16,M,Jesús María,pedreromaite@yahoo.com,2022-04-12,Gold
C0349,Lupe Jerez Pombo,20,M,Miraflores,luz54@marti.net,2022-10-21,Platinum
C0350,Pepe del Tapia,31,M,SJL,zzurita@ferran-mur.org,2023-09-23,Básico
C0351,Alfonso Cabello-Olivares,16,M,La Molina,aurearibes@comas-morante.net,2022-08-09,Silver
C0352,Alexandra Asenjo Barbero,19,F,Pueblo Libre,lcardona@fabra-llobet.es,2022-10-23,Silver
C0353,Aurora Quintanilla Pou,19,F,Miraflores,lvega@gmail.com,2022-09-02,Platinum
C0354,Ligia del Pont,18,F,Surco,palauantonio@dominguez.es,2024-05-06,Platinum
C0355,Marcelino Roda Vilalta,32,M,San Borja,qvalero@reyes.com,2022-09-05,Silver
C0356,Angelita Galán Planas,29,F,Miraflores,hernandocamilo@vinas-jordan.net,2023-09-22,Gold
C0357,Alejo Menendez Quirós,34,M,Breña,pabloana-sofia@yahoo.com,2022-07-11,Básico
C0358,Blanca Prats Batlle,18,F,Lince,wvillalonga@hotmail.com,2023-07-12,Básico
C0359,Fortunata Pazos-Salas,31,F,Miraflores,qserna@gmail.com,2023-10-13,Platinum
C0360,Xiomara Heras Barberá,24,F,Comas,ccespedes@hotmail.com,2022-01-17,Gold
C0361,Conrado Casares Riera,27,M,San Isidro,cortesfebe@calderon.es,2024-01-21,Básico
C0362,Rocío Ramos Mínguez,20,F,Miraflores,deboramata@gmail.com,2022-12-27,Gold
C0363,Victorino Pedro-Quintana,30,M,Comas,nlujan@arranz.net,2023-05-06,Silver
C0364,Tristán Navas Valcárcel,18,M,Comas,utaboada@alvarez.com,2024-03-05,Platinum
C0365,Bernardo Tejero Garzón,25,M,San Isidro,anguitaramon@gmail.com,2022-02-14,Silver
C0366,Isidoro Ribas Lobo,26,M,San Miguel,estrella07@hotmail.com,2022-11-14,Platinum
C0367,Felipa Vicens,24,F,Miraflores,joaquin99@hotmail.com,2024-02-11,Silver
C0368,Mar Barón Fonseca,27,F,Surquillo,carmenbueno@gmail.com,2024-03-10,Básico
C0369,Tania del Jordán,24,F,Surco,busquetsjoaquina@figueroa-cuenca.es,2024-03-29,Gold
C0370,Luz Ríos,28,F,Comas,ccarretero@daza.es,2023-03-27,Platinum
C0371,Asunción Alberola Rivas,21,F,SJL,casasnazaret@barral.org,2023-12-10,Platinum
C0372,Otilia Carretero-Dominguez,32,F,La Molina,ehuerta@palacios.com,2024-03-31,Básico
C0373,Coral Núñez,18,F,Breña,flora22@gmail.com,2023-09-09,Silver
C0374,Adela Castillo,26,F,Surco,danglada@gmail.com,2022-03-23,Gold
C0375,Isabel Rivero,25,F,SJL,chuerta@hotmail.com,2023-09-10,Platinum
C0376,Jordi Azorin Talavera,30,M,Jesús María,ncastells@yahoo.com,2023-04-03,Básico
C0377,Renata Emilia Córdoba Gual,35,F,Breña,santosgraciela@hotmail.com,2022-10-09,Básico
C0378,Amador Bautista Gómez,28,M,Jesús María,albertofernanda@gmail.com,2023-06-10,Silver
C0379,Esteban Corbacho,20,M,Surquillo,pascualamontes@gmail.com,2023-09-15,Platinum
C0380,Alberto Elorza Redondo,20,M,Surco,pascual70@galan.com,2022-08-30,Gold
C0381,Inmaculada Tejedor-Cerdá,28,F,San Borja,lilia60@yahoo.com,2022-02-03,Silver
C0382,Amalia del Blanes,27,F,Jesús María,garrigajafet@palomo-rivas.com,2023-03-31,Básico
C0383,Carmelo Espiridión Tirado Segura,32,M,Jesús María,elias95@poza.org,2023-02-12,Gold
C0384,Gracia de Parejo,23,F,Surco,silvio35@hotmail.com,2022-01-27,Silver
C0385,Tania Amaya,32,F,Breña,pminguez@tomas-alcaraz.es,2023-07-30,Básico
C0386,Pascuala Barrena Priego,24,F,Comas,dpina@bertran.org,2023-04-02,Silver
C0387,Jennifer Piquer-Mora,31,F,San Isidro,xiomara00@yahoo.com,2022-05-06,Silver
C0388,Pepito Arana Torrent,30,M,Los Olivos,rosendaestrada@yahoo.com,2024-01-01,Platinum
C0389,Camilo Báez,26,M,Callao,navasantonia@gmail.com,2022-12-22,Básico
C0390,Ruth Gelabert Hidalgo,25,F,Surquillo,norbertoguardia@hotmail.com,2022-06-11,Silver
C0391,Constanza Aramburu Arellano,32,F,San Isidro,rita38@villaverde-seco.org,2022-05-05,Silver
C0392,Manolo Mateo Barros,23,M,Pueblo Libre,navarretejose@hotmail.com,2023-05-21,Básico
C0393,Cayetana Piña,33,F,San Borja,carlasastre@lorenzo-fabregas.net,2023-01-13,Platinum
C0394,Jesús Sebastián Palacios,35,M,San Miguel,jose-manuelcastro@yahoo.com,2022-03-30,Básico
C0395,Lola Torrent Pulido,28,F,Comas,sorianoamelia@gmail.com,2024-01-07,Platinum
C0396,Marcela de Rozas,29,F,Surquillo,valentina76@saldana.org,2023-08-12,Básico
C0397,Nacho Bravo Herrero,26,M,Callao,eutimio28@gmail.com,2022-03-17,Platinum
C0398,Piedad Cuervo Gelabert,32,F,Jesús María,hector61@navarro.es,2022-05-12,Silver
C0399,Isidoro Noriega,29,M,Lince,salinasrene@gmail.com,2024-06-08,Básico
C0400,Ariel Vidal,32,M,Los Olivos,caparrosencarna@mascaro.com,2022-11-08,Silver
C0401,Feliciano Pla Corral,26,M,San Miguel,gloria96@giralt.com,2023-12-28,Silver
C0402,Nidia Yáñez Arregui,32,F,San Miguel,puertahilario@hotmail.com,2022-10-18,Básico
C0403,Encarnación Zapata Gimenez,22,F,Callao,ztejera@hotmail.com,2023-07-19,Gold
C0404,Juan Bautista del Codina,25,M,San Borja,coralcrespo@padilla.com,2023-07-01,Básico
C0405,Victorino Mena Burgos,34,M,San Borja,dalvarado@gmail.com,2022-06-07,Silver
C0406,Florinda Pascual,34,F,Miraflores,panfilo55@elias-dominguez.com,2024-04-25,Básico
C0407,Vasco Baquero Rocha,17,M,Callao,quintanahipolito@yahoo.com,2024-02-29,Gold
C0408,Aureliano Gargallo Canals,34,M,Breña,suredaarmando@hotmail.com,2023-09-25,Básico
C0409,Vilma Arnal Sanmiguel,33,F,La Molina,dpedrero@gmail.com,2023-10-20,Gold
C0410,Marta Barrios Bustamante,23,F,Pueblo Libre,clemente94@jordan.com,2024-04-06,Platinum
C0411,Guiomar Campillo Reig,30,F,Surco,toribioseco@fortuny.es,2023-12-07,Básico
C0412,David Ruperto Gual Aguilar,30,M,Breña,teodoradelgado@gmail.com,2023-05-11,Platinum
C0413,Jenaro Lasa Peñas,26,M,San Borja,tormoapolonia@yahoo.com,2022-05-28,Gold
C0414,Luna Miguel Barroso,27,F,Breña,berengueremma@gmail.com,2022-05-14,Gold
C0415,Román Lluch-Casado,26,M,San Isidro,clanda@rosado-mulet.net,2023-04-23,Básico
C0416,Cruz Quero Uriarte,30,F,San Isidro,villanuevapedro@yahoo.com,2022-05-25,Básico
C0417,Maximiliano Jara Rius,25,M,Breña,lobatoviviana@rebollo.es,2024-06-03,Platinum
C0418,Vito Sabater,21,M,Surquillo,amanda56@sala.org,2022-12-02,Gold
C0419,Jose Carlos Barrios-Tovar,21,M,SJL,isa26@gmail.com,2023-06-12,Platinum
C0420,Candelaria Montes Silva,25,F,SJL,felixlaguna@zabaleta-mugica.es,2022-01-24,Básico
C0421,Joaquina Varela-Urrutia,32,F,SJL,albadiaz@gmail.com,2022-09-04,Silver
C0422,Pilar Cuervo Morante,17,F,Miraflores,shuguet@gmail.com,2022-10-16,Platinum
C0423,Ascensión Carpio Real,25,F,Lince,adoraandres@gmail.com,2022-01-09,Básico
C0424,Leonor Zurita Vendrell,20,F,San Miguel,guiomarcamps@yahoo.com,2022-09-28,Gold
C0425,Jimena Pol Estevez,27,F,Miraflores,edmundoocana@gmail.com,2023-02-15,Básico
C0426,Eusebio Bruno Cortina Seguí,27,M,Lince,hmoreno@yahoo.com,2022-10-23,Básico
C0427,Iris Cabañas Esteban,32,F,SJL,dionisio47@blanes.org,2024-02-22,Gold
C0428,Raimundo Tur-Palau,20,M,Surco,montserratcustodia@bonilla.net,2023-02-08,Gold
C0429,Tatiana Serra Carretero,33,F,Jesús María,hmarmol@yahoo.com,2024-02-13,Silver
C0430,Pío Lloret Castellanos,35,M,Lince,ascension66@maldonado-dominguez.es,2023-02-16,Básico
C0431,Rafa de Gual,17,M,Los Olivos,albadiana@torrijos-domingo.com,2024-01-01,Gold
C0432,Lupe Seco Galván,32,F,SJL,armandogaliano@toledo-fabregat.com,2022-06-02,Silver
C0433,Evita Verdejo,35,F,Jesús María,cecilioangel@nicolas.es,2022-06-16,Platinum
C0434,Nidia Jimenez Estevez,34,F,Jesús María,onofre13@silva.com,2023-06-04,Platinum
C0435,Florentina Nevado-Ayllón,31,F,Surquillo,qbustamante@hotmail.com,2022-01-18,Gold
C0436,Eva María Cases Vaquero,19,F,Breña,jessica73@guerra.es,2023-08-21,Gold
C0437,Timoteo Cazorla Palomino,35,M,SJL,jose-mari34@yahoo.com,2022-09-29,Silver
C0438,Maximino Isern,34,M,SJL,lopezruperto@gmail.com,2022-06-24,Platinum
C0439,Pío Goñi Morante,23,M,Miraflores,palmira63@hotmail.com,2023-08-10,Básico
C0440,Ale Tormo-Duarte,16,M,SJL,dpalmer@contreras.es,2022-11-18,Platinum
C0441,Ruperto Hervia Cardona,29,M,Comas,adelaida79@bartolome.es,2022-07-28,Platinum
C0442,Caridad Tamarit-Serra,17,F,Comas,estradavilma@gmail.com,2022-05-22,Silver
C0443,Adela Lucas Recio,31,F,Lince,vidal55@segui-pinol.net,2023-01-21,Gold
C0444,Fermín Barceló Campos,30,M,San Miguel,patinoguiomar@lamas.es,2023-06-30,Gold
C0445,Alondra Almazán Yuste,24,F,San Borja,candela26@diaz.es,2023-05-11,Silver
C0446,Heliodoro Cortes-Posada,24,M,Lince,guadalupe67@gonzalez-aguado.net,2022-11-02,Silver
C0447,Juanita Felicia Guardia Calvo,25,F,Comas,ucaballero@huertas.es,2022-08-01,Platinum
C0448,Feliciana Pizarro Lucena,31,F,Jesús María,ambrosiovidal@hotmail.com,2023-07-28,Gold
C0449,Ana Frutos Recio,19,F,San Borja,gmanuel@francisco-cozar.org,2023-11-24,Platinum
C0450,Amaya Moreno Gisbert,27,F,Pueblo Libre,evangelina22@gmail.com,2024-04-03,Silver
C0451,Rosalinda Benet Español,17,F,La Molina,azahara60@yahoo.com,2024-01-02,Básico
C0452,Noemí Luque Roig,30,F,Callao,ruth03@pineiro.es,2022-09-20,Platinum
C0453,Adalberto Sanmiguel Vilaplana,22,M,Surquillo,guadalupepeinado@gmail.com,2023-07-06,Gold
C0454,Coral Múñiz Bellido,20,F,Surco,hbayon@yahoo.com,2023-09-23,Silver
C0455,Toni Carbonell Sancho,17,M,Callao,pozapurificacion@hotmail.com,2023-06-28,Silver
C0456,Abraham Martín Ariza,17,M,Surco,macaria01@blanch-palomino.com,2023-02-28,Gold
C0457,Marcela Cervera Jimenez,19,F,Callao,ctorralba@coello.org,2024-02-29,Silver
C0458,Natanael Olmedo,33,M,San Miguel,lilianagonzalez@gmail.com,2022-06-11,Platinum
C0459,Dionisia Bilbao Montserrat,31,F,Callao,rosendarincon@hotmail.com,2022-07-24,Gold
C0460,Melania Romeu Arnal,25,F,Callao,njerez@gomez-aliaga.com,2022-03-02,Básico
C0461,Gaspar Escribano Mayol,33,M,Comas,doritamorata@gmail.com,2024-01-11,Básico
C0462,Mario de Sancho,29,M,San Miguel,pintorcamilo@gmail.com,2024-05-07,Silver
C0463,Miguel Ángel Rincón Lastra,28,M,Pueblo Libre,juarezgloria@valderrama.es,2023-05-23,Silver
C0464,Rosalva del Guerra,17,F,Miraflores,lplanas@yahoo.com,2022-11-02,Básico
C0465,Leticia Tapia Mir,25,F,SJL,balduinosuarez@corral.com,2023-10-19,Platinum
C0466,Amador Diéguez-Moreno,32,M,SJL,francisco-josepaez@cortes.es,2022-10-07,Silver
C0467,José Manuel Ruperto Atienza Plaza,26,M,Los Olivos,roldan05@gmail.com,2024-01-19,Platinum
C0468,Florentina Riquelme-Cornejo,21,F,Miraflores,aarnau@mendez.es,2024-01-25,Gold
C0469,Yolanda Mayol Alvarado,34,F,Callao,dominguezremedios@gmail.com,2024-02-15,Silver
C0470,Valerio Colom-Guillén,35,M,Surquillo,yolanda32@casares-grau.net,2023-10-17,Platinum
C0471,Fidela Alonso Perelló,32,F,Jesús María,cabomarciano@mugica-terron.org,2022-03-30,Platinum
C0472,Óscar Nuñez Olivé,21,M,Los Olivos,pastor17@yahoo.com,2023-05-04,Gold
C0473,Venceslás Gomis Suarez,16,M,La Molina,parcos@yahoo.com,2023-01-28,Silver
C0474,Marisol Ferrández Millán,24,F,Jesús María,sasensio@cabello-bernat.org,2022-11-06,Básico
C0475,Natalia del Valenciano,27,F,Comas,lverdu@quiros.com,2022-08-30,Básico
C0476,Eustaquio Abascal Cerdá,30,M,La Molina,jmacias@hotmail.com,2022-06-13,Platinum
C0477,Ainara de Álvaro,19,F,Callao,fidelperalta@pedrosa.es,2022-10-30,Gold
C0478,Roberto Borrego,23,M,Los Olivos,chus33@tormo.com,2023-05-05,Silver
C0479,Clarisa Bertrán-Ángel,35,F,Jesús María,bnino@yahoo.com,2023-03-02,Platinum
C0480,Hugo Nevado Iglesias,23,M,Callao,desiderio79@gmail.com,2024-02-12,Básico
C0481,Manola Cortina Castilla,32,F,Comas,kcolomer@gmail.com,2023-01-06,Básico
C0482,Pancho Bonilla Calderon,17,M,Surquillo,mercheguardiola@yahoo.com,2023-07-15,Silver
C0483,José Mari Caparrós-Tena,21,M,Jesús María,alicia83@cerda-alcolea.es,2024-05-24,Platinum
C0484,Gustavo Gastón Diéguez Alcalá,22,M,Comas,azucena58@villa.net,2023-08-21,Platinum
C0485,Teo Marqués Sales,32,M,SJL,mircayetana@yahoo.com,2024-04-08,Básico
C0486,Maura Quero Ribera,20,F,Lince,felipasancho@hotmail.com,2023-03-02,Platinum
C0487,Jose Angel Bonilla Ruano,33,M,SJL,zacarias66@yahoo.com,2023-11-20,Gold
C0488,Amado Mateos Clavero,28,M,La Molina,rosalvacarpio@cortina.com,2024-04-16,Básico
C0489,Fulgencio Alcalde Alcaraz,34,M,Surco,pomarestania@chaves-vara.es,2022-02-16,Platinum
C0490,Carmen Benitez Company,18,F,Lince,hilda39@yahoo.com,2022-03-03,Básico
C0491,Maricela Ágata Pascual Egea,17,F,La Molina,maristela47@gracia-caparros.org,2023-02-23,Silver
C0492,Efraín Castilla Méndez,29,M,Jesús María,frico@lara.com,2023-01-27,Platinum
C0493,Diana Lluch-Casado,28,F,Surco,bonetnoelia@yahoo.com,2023-12-01,Silver
C0494,Isabel Falcón Godoy,19,F,Los Olivos,ainoablasco@hotmail.com,2023-07-05,Platinum
C0495,Silvio Rosales Marcos,23,M,Surquillo,pbarriga@gmail.com,2022-01-04,Básico
C0496,Nazaret Escalona Galán,30,F,Callao,juanvera@yahoo.com,2024-01-07,Platinum
C0497,María Dolores Diez Gálvez,23,F,San Isidro,bolanosalma@yahoo.com,2023-04-17,Gold
C0498,Ciriaco del Cabañas,24,M,San Isidro,hllanos@yahoo.com,2024-06-15,Básico
C0499,Poncio Escrivá Baños,29,M,San Borja,barcenacarlito@gmail.com,2024-02-24,Básico
C0500,Luis Ángel de Giralt,22,M,Surco,tania44@gmail.com,2022-04-14,Básico
C0501,Leonor Díaz Raya,35,F,Callao,albinasanchez@gmail.com,2023-12-22,Básico
C0502,Camilo Manuel-Estrada,17,M,Breña,ascensionzaragoza@gmail.com,2023-03-26,Silver
C0503,Adalberto Barral-Ferrán,17,M,Los Olivos,arandasebastian@rodenas-hurtado.com,2023-05-31,Gold
C0504,José Tena Tapia,34,M,Jesús María,pineiroofelia@yahoo.com,2023-08-15,Gold
C0505,Lorenzo Garrido,25,M,San Miguel,estevegraciela@iglesias.es,2022-05-27,Silver
C0506,Leandra Ramos Morales,25,F,La Molina,expositohoracio@gmail.com,2022-03-04,Silver
C0507,Imelda Vigil Chaves,33,F,SJL,baudelio49@bueno-roldan.es,2022-02-18,Gold
C0508,Encarnación Armengol Sánchez,32,F,Jesús María,emmapaez@yahoo.com,2023-12-15,Platinum
C0509,Magdalena Vergara Pardo,20,F,La Molina,cros@hotmail.com,2023-01-21,Silver
C0510,Silvia Catalá Valcárcel,23,F,Surquillo,ujove@julia.com,2022-08-19,Gold
C0511,Hugo Campos-Fiol,30,M,San Miguel,zolivares@yahoo.com,2022-03-01,Platinum
C0512,Xiomara Ortega,33,F,Lince,amorcillo@hotmail.com,2022-05-18,Platinum
C0513,Francisco Jose Barragán Vilalta,24,M,San Isidro,oalcolea@gmail.com,2022-12-05,Básico
C0514,Loreto Ariza Crespi,27,F,Surco,rioslisandro@pedrero.net,2023-07-03,Silver
C0515,Abel Revilla Ángel,24,M,Breña,bcrespo@montesinos-marquez.com,2023-11-21,Básico
C0516,Godofredo Miralles,22,M,Pueblo Libre,ehuertas@yahoo.com,2024-02-19,Silver
C0517,Itziar Tirado-Mas,22,F,Surquillo,dfalcon@jaume.com,2022-12-07,Gold
C0518,Agustín Moya Tapia,22,M,San Miguel,dguzman@yahoo.com,2022-07-14,Básico
C0519,Rosalinda Alba Múgica Palma,23,F,Comas,ariel60@hotmail.com,2023-09-11,Silver
C0520,Loida Pi Bermúdez,23,F,Lince,recioiris@yahoo.com,2022-11-26,Gold
C0521,Manu Gisbert Monreal,30,F,Lince,patriciazamora@yahoo.com,2023-10-27,Gold
C0522,Amor del Exposito,24,F,Jesús María,blanchaureliano@canals.com,2023-06-10,Platinum
C0523,Hortensia Vázquez-Martínez,19,F,Pueblo Libre,cfeliu@gimenez.es,2024-01-10,Platinum
C0524,Gloria Hierro Coca,22,F,Jesús María,jonatan76@jara.es,2022-11-17,Platinum
C0525,Baldomero Ibán Ordóñez Riquelme,34,M,Surquillo,iolivares@alcalde-martin.com,2022-08-15,Silver
C0526,Cosme Vives Llopis,24,M,Lince,vicentegarriga@sanabria-espinosa.com,2023-08-22,Platinum
C0527,Abril Benitez Agullo,20,F,San Isidro,fidel91@yahoo.com,2022-12-04,Silver
C0528,Josefa Baños Benito,34,F,Surquillo,marinaazcona@gmail.com,2022-09-09,Platinum
C0529,Rosalía Villaverde-Puig,24,F,Pueblo Libre,ocervera@cepeda.com,2024-04-21,Platinum
C0530,Elba Guillen Pi,30,F,Los Olivos,aureliamulet@yahoo.com,2024-01-21,Gold
C0531,Paco Contreras-Cañizares,20,M,Comas,borja03@arco.es,2023-07-14,Platinum
C0532,Tito Enríquez Benavides,33,M,Callao,barcelocintia@gmail.com,2022-03-02,Básico
C0533,Vinicio Cepeda Cañas,17,M,Pueblo Libre,jrocha@villa-llano.com,2022-01-07,Platinum
C0534,Marc Pera,23,M,Surco,almaherrero@rincon.net,2023-12-26,Silver
C0535,Maximino Gallardo Figueroa,22,M,Lince,alvaro75@rodrigo.com,2023-04-12,Gold
C0536,Blas Mariscal Cózar,35,M,Callao,nilonevado@hotmail.com,2023-11-14,Platinum
C0537,Dulce Saavedra Morante,16,F,Miraflores,azorinpelayo@ocana.com,2023-06-29,Platinum
C0538,Eutimio Pelayo Izaguirre,16,M,Lince,isaurarebollo@almeida.com,2024-01-10,Gold
C0539,Marita del Cortés,16,F,Lince,quintanamariano@maldonado.com,2024-04-12,Platinum
C0540,Felix Uría Falcón,19,M,San Miguel,olimpia49@mendizabal-cerda.com,2022-04-09,Silver
C0541,Ruben Mesa,22,M,San Borja,trinidadnaranjo@hotmail.com,2023-06-24,Gold
C0542,Eli Ochoa-Agustín,24,F,Pueblo Libre,ginerhortensia@gmail.com,2023-02-11,Básico
C0543,Carina Perera,28,F,SJL,valverdecamilo@castrillo-ferreras.com,2023-08-02,Silver
C0544,Prudencio Serna Seco,25,M,Callao,mauricio99@esparza.net,2024-04-27,Básico
C0545,Adelardo Belmonte Prieto,18,M,Breña,lechevarria@hotmail.com,2023-01-24,Platinum
C0546,Jessica Valderrama Gascón,17,F,Callao,ppages@guardia.es,2022-01-10,Silver
C0547,Julio César Alonso Espinosa,31,M,Surquillo,maristela80@aguado.org,2023-03-21,Gold
C0548,Berto Pombo-Gascón,32,M,San Miguel,martinacio@quiroga.org,2022-02-13,Silver
C0549,Manu Domínguez Pujol,34,M,SJL,acevedolupe@coll.net,2022-10-05,Básico
C0550,Camilo Melchor Arnau Ureña,24,M,San Miguel,calistocarro@soria-conde.net,2023-07-11,Básico
C0551,Antonio Alcalá Mata,26,M,Miraflores,inocenciocastellanos@porta.es,2022-08-01,Silver
C0552,Filomena Diaz-Carro,18,F,La Molina,dionisioamigo@gmail.com,2022-06-16,Silver
C0553,Mayte Alonso Carbonell,33,F,Jesús María,linacantero@yahoo.com,2023-01-29,Silver
C0554,Plácido de Villar,32,M,Comas,ulisesmartorell@arias-patino.com,2022-12-21,Básico
C0555,Domingo Costa Fuentes,29,M,San Isidro,adolfonieto@aliaga-morillo.es,2024-05-08,Básico
C0556,Martirio Suarez Grande,35,F,Pueblo Libre,nfernandez@pardo.com,2023-09-21,Platinum
C0557,Viviana Real Aliaga,16,F,Callao,albertobenjamin@yahoo.com,2022-10-07,Platinum
C0558,Chus Cepeda-Calzada,23,F,Jesús María,danilo66@hotmail.com,2023-07-21,Platinum
C0559,Mayte Vazquez Moliner,21,F,Callao,juan-luis27@yahoo.com,2023-08-23,Platinum
C0560,Nicanor Guardiola Múñiz,35,M,La Molina,pavonteresa@canellas.net,2024-03-28,Silver
C0561,Josué Acevedo-Ferrándiz,18,M,La Molina,severianomadrid@pinol.es,2022-06-07,Platinum
C0562,Urbano Tur Morera,28,M,Jesús María,rosadoalma@pazos.net,2023-01-05,Básico
C0563,Jordán Andres-Pera,16,M,La Molina,maria-josellobet@yahoo.com,2023-04-01,Gold
C0564,Aurelia Aguado Nuñez,19,F,Los Olivos,gmorcillo@ferreras.es,2022-03-31,Silver
C0565,Amaya Fernandez Amigó,30,F,Lince,barana@arnaiz-trillo.org,2023-07-23,Platinum
C0566,Modesto Tejedor-Pino,16,M,Surco,pinedaisa@yahoo.com,2022-12-29,Básico
C0567,Isidora Marquez Solé,28,F,Miraflores,pcortes@yahoo.com,2022-10-26,Platinum
C0568,Ainoa Ferrándiz Pombo,18,F,Comas,angelicafolch@melendez.com,2023-07-27,Silver
C0569,Donato Celso Corbacho Abad,28,M,Los Olivos,geronimo08@hotmail.com,2022-05-23,Gold
C0570,Jovita Almudena Montalbán Pons,24,F,SJL,lillodiana@dalmau-verdugo.es,2022-05-30,Básico
C0571,Fortunato Huguet Bayón,29,M,La Molina,ocerro@fernandez-angel.net,2023-03-08,Gold
C0572,Olalla Muro Lladó,18,F,Jesús María,eleuterio19@hotmail.com,2022-09-15,Silver
C0573,Ángela Montenegro Exposito,35,F,San Borja,zaira13@guerra.es,2022-07-20,Platinum
C0574,Ramón Ayala Carreño,20,M,La Molina,nereida91@galvez.org,2022-01-07,Platinum
C0575,Úrsula Soto Cano,35,F,Breña,colomacasandra@lucena-gelabert.com,2024-04-03,Gold
C0576,Oriana Arrieta-Mateos,26,F,Breña,qgracia@perez.es,2024-04-15,Silver
C0577,Caridad Imelda Bayo Parejo,26,F,San Borja,yvina@hotmail.com,2023-12-13,Silver
C0578,José Llorente,26,F,Los Olivos,noablanca@barriga-saavedra.com,2023-02-12,Gold
C0579,Celia Mata,31,F,San Borja,vlloret@campo.net,2024-03-11,Silver
C0580,Rocío Diaz Escalona,28,F,La Molina,apolinarbru@andreu.org,2024-04-16,Platinum
C0581,Lorena Prat Costa,19,F,San Miguel,guiomarpombo@hotmail.com,2023-08-01,Silver
C0582,Martín Bas Franch,33,M,Miraflores,aragonursula@yahoo.com,2024-01-15,Platinum
C0583,Adelardo Miguel Amigó,30,M,Pueblo Libre,romaneric@gilabert.com,2022-10-26,Básico
C0584,Ester Cámara Fábregas,31,F,Los Olivos,ceciliobosch@yahoo.com,2023-10-11,Gold
C0585,Simón Armando Morcillo Novoa,24,M,Callao,fiolmarianela@hotmail.com,2022-06-07,Platinum
C0586,Hilda Valencia Barrena,18,F,SJL,granadosbeatriz@chaves.com,2023-09-05,Platinum
C0587,Carlota Emiliana Escamilla Morata,33,F,Lince,lunaalcides@aguilo.es,2024-06-09,Platinum
C0588,Rubén Barriga Gallardo,27,M,Comas,bonifaciogarmendia@espada.org,2024-04-11,Básico
C0589,Jeremías Bauzà,23,M,Callao,maria-fernanda25@lamas.org,2023-11-12,Gold
C0590,Haroldo Alcántara Vidal,35,M,Miraflores,dominguezconstanza@manzanares.com,2023-07-31,Platinum
C0591,Rosa María Paniagua Sastre,29,F,Surco,inesbarragan@aguilar.es,2022-01-11,Básico
C0592,Pastora Cabrera Ramírez,23,F,Lince,cirino40@yahoo.com,2024-02-04,Silver
C0593,Guadalupe Calista Pacheco Narváez,27,F,Breña,wcalderon@yahoo.com,2023-04-20,Silver
C0594,Esmeralda Chacón Cózar,16,F,SJL,sblanch@gmail.com,2022-04-18,Gold
C0595,Magdalena Puerta Rubio,18,F,Surco,corona76@catala.es,2024-05-01,Silver
C0596,Crescencia Lluch Casares,25,F,Jesús María,antoniocarbo@yahoo.com,2023-04-12,Silver
C0597,Valentina Torrecilla Salazar,27,F,SJL,bmate@gmail.com,2022-04-10,Platinum
C0598,Eli Arenas-Vargas,26,F,Surco,dmontes@yahoo.com,2022-11-04,Básico
C0599,Raimundo Modesto Gallo Céspedes,16,M,Surquillo,amaro14@cortina-ledesma.com,2022-12-18,Básico
C0600,Santos Morante Valverde,23,M,Lince,pradaruy@gmail.com,2022-06-28,Silver
C0601,Maite Dorotea Aroca Jáuregui,33,F,Breña,vegagil@hotmail.com,2023-04-19,Silver
C0602,Paulina del Pinilla,21,F,Los Olivos,zgarate@dalmau.com,2023-10-18,Platinum
C0603,Sabina del Tovar,16,F,Comas,maria-cristina37@benavent.com,2023-09-21,Silver
C0604,Lina Portillo-Tomé,34,F,Breña,ligiatorre@prat.es,2023-02-03,Básico
C0605,Lisandro Joaquín Castro Enríquez,22,M,La Molina,amador37@yahoo.com,2024-02-10,Básico
C0606,Benigno Aragón Grande,33,M,Los Olivos,ocepeda@hotmail.com,2023-01-10,Gold
C0607,Heraclio de Aguiló,30,M,Surco,leonel03@gmail.com,2022-09-26,Platinum
C0608,Felisa Bermudez Barral,35,F,Breña,mateupanfilo@cobo.es,2023-09-18,Platinum
C0609,Hector del Cortes,27,M,Jesús María,emilia82@yahoo.com,2024-05-15,Platinum
C0610,Rodrigo del Jover,25,M,San Miguel,mirta66@pina.com,2023-09-22,Básico
C0611,Rufino Uriarte Sainz,26,M,Surco,rinconrufina@gmail.com,2022-09-02,Gold
C0612,Juan Francisco Lladó Navarrete,21,M,Jesús María,tamayoyago@yahoo.com,2023-12-12,Silver
C0613,Aroa del Campillo,29,F,San Borja,efabregas@tovar-casal.es,2022-05-22,Platinum
C0614,Candela Estrada Morán,21,F,SJL,sebastian63@tello.com,2023-10-13,Silver
C0615,Ricardo Clemente Nieto,31,M,La Molina,pio39@gmail.com,2022-05-24,Silver
C0616,Odalys Maza Esteve,30,F,San Borja,analucena@gmail.com,2022-02-24,Gold
C0617,Leoncio Isidoro Sanjuan Ávila,31,M,Los Olivos,jerezbegona@vallejo.es,2022-07-19,Platinum
C0618,Rebeca Guitart,29,F,Callao,doloresrodrigo@yahoo.com,2023-05-19,Platinum
C0619,Odalys Poza Riera,31,F,Los Olivos,rjove@escribano.es,2022-03-26,Básico
C0620,Victoriano Onofre Santamaría Barriga,25,M,Miraflores,ramonverdejo@diego-francisco.com,2022-10-09,Silver
C0621,Georgina Salcedo Chaparro,21,F,Pueblo Libre,aurea32@valdes-gras.net,2023-04-14,Platinum
C0622,Máximo Angulo Molins,34,M,Surco,lucila70@hotmail.com,2022-10-02,Gold
C0623,Calixto Contreras Galan,30,M,Lince,martihumberto@hotmail.com,2022-08-12,Platinum
C0624,Dani Pérez,23,M,La Molina,araujonereida@porras.es,2024-06-14,Básico
C0625,Marita Heredia Ferreras,24,F,Jesús María,yessicagallart@yahoo.com,2024-06-01,Básico
C0626,Martina Seguí-Perez,19,F,Pueblo Libre,hernandezaurelia@yahoo.com,2024-04-11,Silver
C0627,Ruperto Carreras Acosta,34,M,Comas,hierroelias@viana.net,2022-12-26,Platinum
C0628,Espiridión Gutierrez Company,35,M,Los Olivos,ericplaza@jurado.es,2024-03-14,Silver
C0629,Paulino de Alcalá,17,M,San Borja,nydia52@ocana.com,2022-12-26,Gold
C0630,Cornelio Soria Cantón,26,M,Comas,maria-cristina72@vilalta.net,2022-10-27,Gold
C0631,Gracia Villaverde Gallardo,32,F,San Miguel,anselma59@gmail.com,2023-11-27,Básico
C0632,Galo Teo Elías Ballester,29,M,San Miguel,ezorrilla@hotmail.com,2022-03-02,Gold
C0633,Carlito Camps Morán,20,M,San Isidro,rafafranch@gmail.com,2022-05-30,Gold
C0634,Armando Martín Huguet,28,M,SJL,modestatello@iglesias.com,2022-05-26,Gold
C0635,Francisca Beltran Amor,28,F,SJL,piedadquerol@botella.com,2022-03-19,Básico
C0636,Noelia Aguilar Rojas,32,F,Comas,elenacamps@manjon.com,2022-10-12,Gold
C0637,Ainoa Ballesteros,31,F,Jesús María,casandrapinilla@hotmail.com,2023-08-19,Básico
C0638,Victoriano Oller Duarte,30,M,Callao,ileanaalcantara@gmail.com,2023-11-12,Gold
C0639,Baldomero Peiró Solera,33,M,Breña,baldomero29@mayoral.com,2022-08-12,Platinum
C0640,Heliodoro de Segovia,31,M,La Molina,vergaralisandro@hotmail.com,2022-11-27,Gold
C0641,Rosalía Segarra,33,F,San Borja,dan66@espanol.es,2022-05-14,Platinum
C0642,Sol Fernández,17,F,Miraflores,aureaperez@yahoo.com,2022-04-12,Platinum
C0643,Julio César Gimenez-Ocaña,19,M,San Miguel,eliseomarin@yahoo.com,2024-05-28,Silver
C0644,Jacinta Mosquera,30,F,Miraflores,bertooliver@gmail.com,2023-03-15,Silver
C0645,Leopoldo Sacristán Prats,25,M,Los Olivos,emajordan@busquets-caballero.es,2024-06-14,Gold
C0646,Edgardo Barros Ojeda,27,M,La Molina,alegredelia@yahoo.com,2022-03-26,Gold
C0647,Javier Sans,17,M,Breña,rprat@plana-terron.net,2023-10-03,Gold
C0648,José Ángel Cuéllar-Medina,29,M,Callao,ccarbo@yahoo.com,2022-04-04,Básico
C0649,Inocencio Toro-Comas,22,M,SJL,pombopaloma@gmail.com,2022-03-21,Silver
C0650,Ulises Gaya Juan,32,M,Callao,aaron79@gmail.com,2023-04-01,Básico
C0651,Reinaldo Torres Valdés,26,M,Surquillo,caparrosconsuelo@gmail.com,2022-05-04,Platinum
C0652,Pepe Lobato Álamo,31,M,Surco,ysotelo@machado.es,2022-08-23,Platinum
C0653,Hilario Falcón-Barbero,19,M,Surco,calistobaro@hotmail.com,2022-11-17,Gold
C0654,Belén Morillo-Conesa,20,F,Breña,cirofiguerola@hotmail.com,2024-03-03,Silver
C0655,Plinio Cañellas Barrena,18,M,Lince,dominga75@gmail.com,2023-07-31,Básico
C0656,Alfredo Boada,30,M,Jesús María,blascoflorentina@garcia.com,2024-01-10,Silver
C0657,Onofre Garriga Francisco,29,M,San Borja,bertranpastor@gmail.com,2023-12-05,Platinum
C0658,Blas de Vega,18,M,San Miguel,muletroldan@iniesta.com,2022-04-13,Silver
C0659,René Piñol Gutierrez,34,M,Comas,sebastian56@gmail.com,2023-01-29,Gold
C0660,Carla Gordillo Lastra,26,F,Pueblo Libre,gpaez@santana.com,2022-05-24,Silver
C0661,Guadalupe Puga Rocha,18,F,San Isidro,monica33@vilaplana.net,2023-07-21,Gold
C0662,Zacarías Abascal Iñiguez,25,M,San Isidro,leonelpoza@hotmail.com,2023-06-15,Silver
C0663,Juana Sanmartín,25,F,Callao,perlacerda@salgado.com,2022-02-25,Silver
C0664,Sabina del Coloma,28,F,Surco,olimpia20@yahoo.com,2022-09-04,Platinum
C0665,Geraldo Olegario Cardona Uría,32,M,San Miguel,domingojuan-jose@gmail.com,2022-01-13,Gold
C0666,Maxi Feliciana Miguel Boada,20,F,Breña,mariscalemiliana@gmail.com,2024-05-31,Platinum
C0667,Yésica Carbó,33,F,Callao,frutospaca@yahoo.com,2022-06-26,Platinum
C0668,Abraham Lasa-Cid,16,M,San Borja,adelaidajulian@hotmail.com,2022-03-11,Básico
C0669,Milagros Barreda Gárate,22,F,Miraflores,juan-josechamorro@colom.es,2022-03-03,Platinum
C0670,Leocadia Recio Iriarte,32,F,Pueblo Libre,barrancomaria-cristina@arellano.es,2023-03-02,Platinum
C0671,Carolina Pla Cerdán,18,F,Callao,rafaela89@franco-bayon.es,2023-07-04,Silver
C0672,Primitiva Bayona,18,F,La Molina,rbolanos@yahoo.com,2022-03-22,Silver
C0673,Victor Manuel Sosa Luque,33,M,Jesús María,maxi82@cisneros-batlle.es,2023-02-05,Básico
C0674,Guiomar Oller Pera,29,F,Comas,caballerosonia@hotmail.com,2024-05-16,Silver
C0675,Carlos Dueñas Rosado,23,M,Surco,luissevilla@yahoo.com,2023-03-21,Básico
C0676,Leyre Cervera Alcaraz,35,F,San Borja,esmeraldaortuno@gmail.com,2022-02-26,Gold
C0677,José Ángel Sánchez Roman,19,M,Miraflores,epolo@hotmail.com,2023-12-26,Silver
C0678,Hector Guerra Galan,21,M,SJL,perlitacuadrado@llorens.com,2022-12-22,Gold
C0679,Poncio Valencia Madrid,27,M,Los Olivos,lobofulgencio@yahoo.com,2024-02-07,Gold
C0680,Calisto Galo Pons Pi,16,M,Jesús María,consuelocarvajal@abella.es,2024-04-06,Platinum
C0681,Cándida Salas Ferrer,32,F,Surco,irius@hotmail.com,2022-09-27,Básico
C0682,Brunilda del Ríos,30,F,Lince,batallabrigida@gmail.com,2023-01-04,Básico
C0683,Tomasa del Revilla,34,F,Los Olivos,nsalas@martin.com,2023-01-12,Silver
C0684,Selena Seco Bayo,19,F,San Miguel,dalilacastaneda@hotmail.com,2023-08-11,Básico
C0685,Emiliano Calderon Nebot,32,M,Miraflores,estevezaitana@yahoo.com,2022-02-15,Básico
C0686,Dionisio Manrique Aranda,17,M,SJL,abrilaguirre@barreda.com,2023-01-08,Platinum
C0687,Atilio Blanch Cruz,21,M,San Miguel,bustosrosenda@verdejo-moreno.com,2024-05-28,Básico
C0688,Remedios Márquez Carranza,23,F,Jesús María,gbellido@lasa-blazquez.com,2022-09-12,Platinum
C0689,Loreto Pons Moles,24,F,Surquillo,rferreras@lastra.com,2022-03-21,Gold
C0690,Virgilio Osuna Morillo,32,M,Callao,eric69@galvez.net,2022-02-23,Silver
C0691,Albert Cantero Vall,32,M,Miraflores,mcastaneda@hotmail.com,2023-02-15,Básico
C0692,Angélica del Duarte,25,F,Pueblo Libre,amparo71@perales-somoza.com,2024-05-15,Gold
C0693,Brunilda Hierro,18,F,Lince,teodora12@dominguez-sierra.es,2023-04-13,Básico
C0694,Sonia de Gras,22,F,La Molina,urenaotilia@fernandez-pazos.es,2023-08-01,Gold
C0695,Alejandro Casals Rivero,30,M,Jesús María,panfilo93@canovas.es,2023-08-29,Platinum
C0696,Clemente Verdú,33,M,Pueblo Libre,torrentsbuenaventura@ballester.org,2024-03-26,Silver
C0697,Amador de Ibañez,16,M,San Miguel,vcuervo@gmail.com,2023-02-24,Básico
C0698,Flavio Zaragoza Ruano,33,M,Jesús María,canellasremedios@pino-campo.com,2023-10-14,Básico
C0699,Prudencia Ferrera Guerra,16,F,Pueblo Libre,apolonia08@yahoo.com,2023-11-05,Platinum
C0700,Odalis Barrio-Hernandez,19,F,San Isidro,mohamed29@hotmail.com,2023-06-27,Silver
C0701,Nazaret Verdú Revilla,31,F,Miraflores,charo00@yahoo.com,2022-05-26,Gold
C0702,Nando Torrent Morales,17,M,San Miguel,mascaroadolfo@yahoo.com,2022-08-26,Platinum
C0703,Micaela Oller Barceló,30,F,Comas,inmaculada46@mari.com,2022-03-28,Básico
C0704,Herberto Milla Medina,28,M,Surco,begona66@escolano-llorens.org,2023-08-30,Básico
C0705,Modesta Feijoo Salcedo,20,F,San Isidro,cramis@yahoo.com,2022-10-26,Gold
C0706,Dulce Odalys Lloret Espinosa,28,F,Comas,solatomasa@molins.net,2024-05-01,Gold
C0707,Olga Conesa,30,F,La Molina,slillo@hotmail.com,2022-08-28,Básico
C0708,Virgilio Giner Andreu,20,M,Pueblo Libre,lhernandez@blanch.es,2024-02-28,Básico
C0709,Amílcar de Otero,19,M,Los Olivos,pia62@sanmartin.com,2023-04-06,Platinum
C0710,Guiomar Roca-Blanch,29,F,Surco,rosa-maria26@gmail.com,2023-07-03,Gold
C0711,Severiano Ferrández,30,M,La Molina,eamigo@arco.es,2023-04-20,Gold
C0712,Camilo Alonso Carrillo,18,M,Los Olivos,amador69@castro.net,2024-04-06,Gold
C0713,Severino Crespi Núñez,22,M,Surquillo,valverdeamando@yahoo.com,2024-05-27,Gold
C0714,Edgardo Sedano Montserrat,18,M,Comas,maria-belenalfonso@espada-sanchez.es,2022-09-12,Gold
C0715,Soraya de Alberto,32,F,Miraflores,kbustamante@yahoo.com,2023-11-25,Gold
C0716,Mireia Conesa Echeverría,21,F,Miraflores,hilario59@ocana.com,2023-02-19,Platinum
C0717,Samuel Valenzuela Rey,19,M,SJL,lucasnoelia@gmail.com,2022-04-15,Silver
C0718,Jerónimo Barón Beltran,16,M,Miraflores,camaragabriel@navas.org,2024-04-30,Silver
C0719,Amaro Vilanova-Andrés,22,M,Surquillo,tatianacaballero@anglada.es,2023-02-15,Gold
C0720,Américo Cerezo Paniagua,34,M,San Borja,maxi07@gmail.com,2022-09-23,Básico
C0721,Ruben Tejera Lobo,18,M,San Isidro,vandrade@gmail.com,2023-10-24,Platinum
C0722,Evaristo Santana-Espejo,18,M,San Miguel,irmagarate@yahoo.com,2024-05-17,Gold
C0723,Leoncio Ale Mayol Frías,17,M,SJL,aguilafermin@rincon.org,2022-02-21,Silver
C0724,Elvira Antúnez Barreda,28,F,SJL,edmundoiniguez@pons.com,2022-01-31,Platinum
C0725,Áurea Sevilla Abella,21,F,Jesús María,dominguezbaudelio@torrents.es,2022-08-08,Silver
C0726,Elisa Mercader-Hervia,24,F,SJL,estersoria@julia.org,2022-06-02,Básico
C0727,Jose Ignacio Pepe Villalba Ballester,25,M,SJL,rodenasnerea@hotmail.com,2023-02-26,Platinum
C0728,Nicanor de Barrios,18,M,La Molina,ijerez@hotmail.com,2023-01-28,Silver
C0729,Concepción Palma Vila,22,F,Callao,azucena14@colomer-segarra.com,2024-03-27,Silver
C0730,Abel Contreras Llabrés,28,M,Pueblo Libre,jfeliu@gmail.com,2024-01-01,Gold
C0731,Marta Sans Oliveras,33,F,Pueblo Libre,roberta64@yahoo.com,2023-05-12,Gold
C0732,Melisa Feijoo Serna,28,F,La Molina,mateovisitacion@gmail.com,2022-07-04,Básico
C0733,Mayte Costa Doménech,35,F,San Isidro,godoyemma@oliva-baquero.net,2022-01-31,Gold
C0734,Nacho Morcillo Mascaró,31,M,Lince,susanita73@gmail.com,2023-01-02,Silver
C0735,Glauco de Lucena,19,M,San Isidro,conesajose-miguel@gmail.com,2023-11-04,Silver
C0736,Delfina de Reig,33,F,Surquillo,hermenegildo47@hotmail.com,2024-03-21,Básico
C0737,Plácido Ferreras Benavides,34,M,Surquillo,jennygaya@hotmail.com,2024-03-27,Platinum
C0738,Vanesa Piña Lamas,21,F,Los Olivos,montserrat02@bernat.com,2022-08-31,Gold
C0739,Zaira Nuñez,34,F,Miraflores,pvara@vallejo.net,2023-12-22,Gold
C0740,Celestino Alberola Ramirez,34,M,San Isidro,rafa47@navas.net,2024-05-06,Platinum
C0741,Angelina Zapata Correa,21,F,SJL,lina67@hotmail.com,2022-02-08,Básico
C0742,Gilberto Martin Molina,23,M,San Borja,torrentrufina@hotmail.com,2022-08-13,Básico
C0743,Nélida Bernal Burgos,16,F,Jesús María,rodrigoobdulia@aparicio.es,2023-09-21,Silver
C0744,Severo Pomares,26,M,Comas,pelayo19@gmail.com,2022-07-01,Gold
C0745,Fortunato Gargallo-Cantero,16,M,Los Olivos,yripoll@penalver.com,2023-08-24,Silver
C0746,Francisco Javier Borrell Garriga,32,M,Surquillo,fusterjose-ramon@gmail.com,2023-01-09,Básico
C0747,Carmela Vicenta Marti Blázquez,28,F,San Borja,lcantero@hotmail.com,2022-04-14,Gold
C0748,María Malena Campo Cueto,26,F,Los Olivos,andres-felipetovar@hotmail.com,2022-06-11,Platinum
C0749,Merche Godoy Heras,26,F,Los Olivos,casanovascurro@escamilla.es,2023-12-26,Gold
C0750,Rosendo Tamarit,34,M,Surquillo,ibanezomar@hierro.com,2022-06-29,Platinum
C0751,Nuria Carmona-Moya,25,F,Los Olivos,qromero@acedo.com,2022-07-01,Básico
C0752,Felicia Bermúdez Gilabert,34,F,Miraflores,eloy19@ruano-llanos.es,2022-07-06,Gold
C0753,Toni Aguirre Coronado,34,M,Surco,alexandra89@osuna.com,2023-05-24,Silver
C0754,Evangelina Verdugo-Arnal,18,F,San Isidro,eulaliabarrio@benavides.com,2022-12-22,Gold
C0755,Paulino Villena-Ribes,18,M,Surquillo,pbarrios@yahoo.com,2023-12-27,Gold
C0756,Anna Gascón Cruz,16,F,La Molina,cherrera@taboada-montesinos.com,2022-08-03,Silver
C0757,Néstor Bastida Pont,27,M,La Molina,barbara09@yahoo.com,2024-03-16,Básico
C0758,Vinicio Varela Moliner,17,M,Breña,judithiniguez@vazquez-quintana.com,2023-03-25,Platinum
C0759,Mariano Pi Galán,29,M,SJL,campoyrosa@gmail.com,2023-01-23,Gold
C0760,Calista Alcolea-Carbó,19,F,Surquillo,yesica12@gmail.com,2023-05-06,Silver
C0761,Epifanio Bou Carbajo,30,M,Surco,rsimo@tello-solera.com,2024-03-29,Básico
C0762,Rebeca Flor Cabello,16,F,Jesús María,demetrio21@canovas.org,2022-09-25,Básico
C0763,Eugenio Belda Tamarit,26,M,Los Olivos,jose-manuelsedano@yahoo.com,2023-01-20,Silver
C0764,Alex Domingo-Barros,33,M,San Miguel,qbarroso@hotmail.com,2022-04-06,Gold
C0765,Olivia Ramos Peinado,16,F,Breña,moraneufemia@abascal.com,2023-11-01,Silver
C0766,Begoña Carreño Agustí,21,F,Miraflores,lborrell@hotmail.com,2022-04-14,Gold
C0767,Dionisio Artigas Samper,22,M,Breña,aitana69@vergara-morante.es,2023-12-15,Gold
C0768,María Fernanda Giménez,25,F,San Isidro,benitezchus@pozo.org,2022-04-09,Básico
C0769,Evangelina Zorrilla,34,F,Lince,consuelo85@aguirre-parejo.net,2024-05-10,Platinum
C0770,Vidal del Patiño,17,M,Jesús María,maricelarosa@yahoo.com,2022-01-04,Platinum
C0771,Celestino Alberdi-Río,25,M,Surquillo,evangelina23@hotmail.com,2023-11-09,Platinum
C0772,Ciriaco Jove Zabaleta,19,M,Miraflores,mirtalluch@carreras.com,2022-07-31,Silver
C0773,Ainoa Andrés-Guzmán,18,F,SJL,grasnereida@malo.net,2024-05-14,Básico
C0774,Alondra de Iglesias,28,F,SJL,olimpiabas@lerma-pi.es,2023-05-16,Gold
C0775,Flavio de Aller,33,M,Breña,dalila67@torralba.com,2022-07-09,Gold
C0776,Loreto Carrillo Fuente,27,F,Los Olivos,taboadadorita@neira-arco.com,2023-04-02,Básico
C0777,Pascuala Segovia Bustos,30,F,SJL,juliana86@hotmail.com,2022-09-27,Silver
C0778,Daniela Alba Colom,34,F,Miraflores,pduran@gual-paez.es,2022-06-04,Básico
C0779,Celestino Sobrino Aragón,27,M,Pueblo Libre,quirinomarti@hotmail.com,2023-07-09,Platinum
C0780,Edu Jerez Adadia,33,M,Miraflores,susanaacosta@ibanez.com,2024-05-10,Platinum
C0781,María Cristina Nevado Tamarit,33,F,Callao,andrea16@palmer-rozas.com,2024-06-06,Platinum
C0782,Juan Francisco Barragán,31,M,La Molina,jose-angelgras@moll.es,2022-03-22,Platinum
C0783,Francisco Javier del Lillo,32,M,San Borja,cruzangulo@gmail.com,2023-06-14,Silver
C0784,Eutropio Coello,30,M,Los Olivos,xmancebo@yahoo.com,2022-06-21,Silver
C0785,Dan Peña Alegre,20,M,Miraflores,wvigil@arnal-mateo.es,2023-03-10,Básico
C0786,Estela Calzada Serrano,22,F,Surquillo,bolanosbrigida@bolanos.com,2023-10-05,Silver
C0787,Reina del Espinosa,26,F,San Miguel,coralvina@pedro.com,2024-01-15,Básico
C0788,Victorino Maestre Santamaría,28,M,Lince,amada25@arco.net,2023-02-11,Gold
C0789,Zaida Lina Ortiz Gual,32,F,SJL,calderonangelita@yahoo.com,2024-06-13,Básico
C0790,Tecla Elvira Espinosa Riquelme,19,F,Breña,alecarranza@hotmail.com,2022-06-03,Silver
C0791,Aitor Bueno Castilla,19,M,San Borja,claudiodomenech@hotmail.com,2024-03-09,Básico
C0792,Jessica María Del Carmen Meléndez Capdevila,33,F,San Miguel,calistagomila@grande-segura.com,2022-12-19,Platinum
C0793,Manu Roldan Herranz,28,F,Callao,ledesmagabriel@corominas-exposito.es,2023-05-13,Platinum
C0794,Baudelio Fuentes Quintana,21,M,La Molina,rocamorarocio@aguilo-cabo.com,2023-02-17,Silver
C0795,Purificación Marita Rozas Navarrete,17,F,Breña,mariscalconsuela@lluch.com,2024-06-19,Gold
C0796,Virgilio Blazquez Vallés,17,M,Comas,isidora18@yahoo.com,2023-05-02,Gold
C0797,Alicia Cisneros Somoza,16,F,Jesús María,scastell@rozas-barrio.org,2024-04-17,Gold
C0798,Felisa Lerma Bayona,24,F,Surquillo,jose-maria90@pedro.com,2023-05-19,Básico
C0799,Cándido Parra Pozo,20,M,La Molina,rosalindacasals@gmail.com,2024-02-01,Platinum
C0800,Ángela Chaparro,24,F,Comas,orozcosoledad@perello.com,2023-03-03,Básico
C0801,Javier Osuna,30,M,San Isidro,rosa40@ponce.net,2024-04-23,Platinum
C0802,Julieta Agustí-Melero,32,F,Surquillo,cespedesalejandro@hotmail.com,2023-01-18,Básico
C0803,Javi Querol Carretero,18,M,La Molina,pacificaperea@baez-ayala.es,2023-12-28,Platinum
C0804,Ariel Benet Bilbao,32,M,San Miguel,gallardoviviana@yahoo.com,2023-08-06,Básico
C0805,Albino Gimeno Alemán,22,M,San Miguel,atienzavictor-manuel@tello-madrid.es,2024-05-02,Silver
C0806,Arturo Franco Marco,23,M,Miraflores,maricruzalcolea@acedo.es,2023-04-13,Básico
C0807,Adelia Vera-Acedo,22,F,La Molina,jordanaranzazu@yahoo.com,2023-01-13,Platinum
C0808,Andrea Diéguez Vallejo,19,F,Callao,alejandravalbuena@yahoo.com,2022-02-01,Silver
C0809,Edelmira Cisneros Miró,31,F,San Borja,tplanas@hotmail.com,2023-04-02,Silver
C0810,Etelvina Jordá-Vargas,34,F,Lince,ullado@batlle.com,2022-12-25,Gold
C0811,Aníbal Lobo Luís,24,M,Comas,hcerezo@querol-mateu.org,2024-04-30,Básico
C0812,Pilar Novoa Cordero,16,F,Breña,mariafuertes@farre.net,2022-02-20,Silver
C0813,Ismael Cuevas,23,M,Callao,alcoleamaricela@hotmail.com,2022-08-19,Silver
C0814,Ascensión Blazquez-Briones,29,F,Lince,benitafranco@hotmail.com,2022-01-21,Básico
C0815,Isidora Arce,20,F,Callao,gomilabenita@hotmail.com,2022-06-27,Básico
C0816,Norberto Casal Montoya,24,M,San Borja,lalonso@yahoo.com,2024-04-04,Gold
C0817,Remedios Yuste,29,F,San Miguel,anita93@gmail.com,2023-01-21,Gold
C0818,Brígida Pedrero Llabrés,24,F,San Isidro,gsegura@gmail.com,2023-04-23,Gold
C0819,Loreto Olga Esteban Domingo,34,F,Surco,granadosdimas@hotmail.com,2022-01-08,Gold
C0820,Ema Albero Tenorio,25,F,Callao,aguirremarc@barrios.org,2022-04-21,Platinum
C0821,Josep Perea Ferrando,26,M,La Molina,feliusandalio@gascon.es,2023-10-18,Gold
C0822,Serafina de Seco,24,F,Callao,caridad57@rodriguez.es,2023-12-30,Gold
C0823,Leocadio Montero-Zorrilla,20,M,Lince,joel08@pomares.es,2024-02-23,Silver
C0824,Fulgencio Ariza-Ariño,35,M,Breña,malarcon@yahoo.com,2023-11-08,Gold
C0825,Julio César Barrena Agustín,16,M,Callao,peirojulian@vigil.org,2023-05-25,Gold
C0826,Morena Llobet Malo,29,F,Breña,crescenciaalfaro@yahoo.com,2023-02-02,Básico
C0827,Hilario Sanz Estevez,26,M,Comas,damian10@gmail.com,2024-01-01,Silver
C0828,Belen Goñi-Asensio,27,F,Lince,doliveras@arnal.net,2022-11-04,Silver
C0829,Marino del Cobo,25,M,Surco,angelespalma@castells.es,2023-04-28,Silver
C0830,Nerea Manzanares Oller,33,F,Pueblo Libre,bfernandez@gmail.com,2022-07-07,Gold
C0831,José Mari Barrios Miguel,23,M,Jesús María,almudena09@hotmail.com,2022-08-17,Gold
C0832,Noelia Vera Bermudez,26,F,Jesús María,basiliohigueras@hotmail.com,2022-09-24,Gold
C0833,Manola Ugarte Peralta,19,F,SJL,antoniabarbera@goni.es,2022-02-24,Básico
C0834,Candelaria Aragonés Iglesia,22,F,Lince,carrilloamador@hotmail.com,2022-05-03,Platinum
C0835,Marisela Carretero-Morata,29,F,Miraflores,oalegria@morillo-hidalgo.org,2024-06-10,Silver
C0836,Pedro Celso Duarte Acuña,22,M,Jesús María,flopez@hotmail.com,2023-02-24,Platinum
C0837,Heriberto Borrell,26,M,Surquillo,florencio15@hoz-torralba.es,2024-01-03,Silver
C0838,Francisco Javier Bernat Borja,31,M,Jesús María,eladio79@hotmail.com,2023-10-09,Silver
C0839,Eufemia Pardo Peralta,17,F,Miraflores,cacero@yahoo.com,2023-04-08,Gold
C0840,Paulino Gisbert,21,M,San Borja,ilucena@vizcaino.es,2024-02-22,Silver
C0841,Benigna Ale Jordá Bello,18,F,Los Olivos,basiliomercader@hotmail.com,2023-09-22,Platinum
C0842,Nieves Sanabria Sanchez,28,F,Breña,qmoles@yahoo.com,2023-05-04,Platinum
C0843,Luciano Valcárcel Ribera,17,M,Lince,arinomelchor@salamanca-borrego.com,2022-07-24,Gold
C0844,Carlito Asensio Tello,26,M,Pueblo Libre,matildesedano@pons.com,2024-05-03,Silver
C0845,Benjamín Zapata Gilabert,16,M,Callao,heraclioacevedo@hotmail.com,2024-01-22,Silver
C0846,Eugenio Valcárcel Nogués,27,M,La Molina,edelmiroreyes@yahoo.com,2022-05-13,Básico
C0847,Marta Prat Abella,32,F,San Borja,peiropancho@hotmail.com,2022-11-10,Silver
C0848,Juan Antonio Benito Durán,17,M,La Molina,barriohilda@gmail.com,2022-10-25,Platinum
C0849,Reyna Arregui Lloret,29,F,San Miguel,bartolomeperea@tamarit.net,2023-12-05,Silver
C0850,Yéssica Corral Vilanova,31,F,Jesús María,baezjacinta@villanueva.com,2024-02-08,Silver
C0851,Abraham Olivares Iglesias,28,M,Miraflores,peinadoquirino@yahoo.com,2022-08-22,Silver
C0852,Toni Valdés Ferrer,22,M,Comas,domenechazahar@gmail.com,2022-01-23,Silver
C0853,Loreto del Mercader,27,M,Comas,ibernad@yahoo.com,2023-10-29,Básico
C0854,Isabel Lloret Leal,24,F,Pueblo Libre,febejodar@otero-aguilera.com,2023-07-02,Básico
C0855,Urbano Lucas Rosselló,19,M,Callao,froura@hotmail.com,2024-05-06,Básico
C0856,Baltasar Montoya Acedo,19,M,Breña,eduardo37@huertas-leal.net,2023-03-31,Platinum
C0857,Juan José Díaz,33,M,La Molina,clemente98@nunez-amores.com,2023-05-01,Silver
C0858,Héctor Leonel Salas Perelló,16,M,La Molina,valencianovioleta@yahoo.com,2023-03-07,Básico
C0859,Isabel Giménez Galan,35,F,San Borja,mauriciocalvo@gmail.com,2023-12-19,Silver
C0860,Concepción Llobet Rosselló,19,F,Lince,victor-manuel18@yahoo.com,2024-01-07,Básico
C0861,Brunilda Chacón Chaves,19,F,Pueblo Libre,isabela12@yahoo.com,2022-04-19,Platinum
C0862,Mario Alcaraz Domínguez,35,M,San Isidro,hmarco@raya-alcalde.com,2024-03-07,Gold
C0863,Renato Pablo Montserrat,27,M,Comas,zaidagallo@sans.net,2023-02-24,Gold
C0864,Ruben Trinidad Cortina Rico,17,M,Lince,realdebora@robles.es,2023-05-24,Silver
C0865,Juana de Buendía,26,F,San Isidro,juan87@olmedo.es,2022-01-03,Básico
C0866,Graciano Múñiz Santamaría,19,M,Surquillo,fabiolasanmartin@hotmail.com,2023-08-11,Platinum
C0867,Hugo Villegas Ferreras,18,M,Pueblo Libre,juan-francisco51@yahoo.com,2023-06-08,Básico
C0868,Marino Vall-Arcos,24,M,Callao,vivianaanaya@gmail.com,2022-08-25,Platinum
C0869,Jesusa Ugarte,24,F,SJL,geronimo32@gmail.com,2022-02-21,Básico
C0870,Ale Moraleda Ledesma,17,M,Surquillo,maitecastaneda@yahoo.com,2022-10-25,Gold
C0871,Leyre Barrio Solsona,29,F,Comas,beldafidela@company-campillo.com,2022-04-29,Básico
C0872,Cesar de Codina,16,M,Surquillo,scardona@sierra.com,2022-05-22,Silver
C0873,Concha Ramón Pou,27,F,San Miguel,siglesia@gmail.com,2023-03-25,Gold
C0874,Blas Marcos Talavera Heras,27,M,Surquillo,leocadiogarriga@puerta.org,2022-12-17,Silver
C0875,Óscar Múñiz Lluch,28,M,Breña,federico61@gmail.com,2023-04-13,Gold
C0876,Mar Villalobos-Olmedo,31,F,Pueblo Libre,heriberto95@gmail.com,2023-03-08,Silver
C0877,Epifanio Molina Asensio,20,M,Comas,lsastre@quero-diego.net,2024-01-14,Básico
C0878,Saturnino Codina Miró,19,M,Breña,cristinazamorano@estevez-sacristan.es,2023-08-28,Platinum
C0879,Nilda Goñi-Dalmau,21,F,San Borja,jcarrillo@marco-ballester.es,2023-01-24,Gold
C0880,Raúl Aranda,20,M,SJL,haropili@diez.com,2023-05-15,Básico
C0881,Amaya de Gonzalo,30,F,Miraflores,nicolaupelayo@galvez-canas.com,2022-03-06,Gold
C0882,Lola Moles Ribes,16,F,Comas,fabianamanjon@gmail.com,2024-06-08,Silver
C0883,Paola del Torrijos,32,F,Lince,priegociro@blazquez.com,2023-12-06,Básico
C0884,Clara Fábregas Hervás,23,F,SJL,antonserafina@yahoo.com,2022-12-21,Platinum
C0885,Severiano Olivares Ugarte,33,M,San Miguel,nogueraosvaldo@hotmail.com,2023-09-20,Básico
C0886,Alcides Garrido,21,M,Lince,belmontebartolome@salinas.net,2024-05-19,Platinum
C0887,Clara Esparza-Vilalta,21,F,Surco,geraldo18@ledesma.com,2024-02-09,Platinum
C0888,Vera del Laguna,23,F,Jesús María,tgranados@esparza.es,2022-10-12,Básico
C0889,Graciano Llobet-Tejedor,33,M,Callao,cecilio92@quiroga.es,2023-01-23,Platinum
C0890,Natalio Ureña Expósito,18,M,SJL,kmorante@aramburu.net,2023-03-31,Platinum
C0891,Primitivo Catalá Barranco,31,M,SJL,losaignacia@gmail.com,2022-11-20,Básico
C0892,Leocadia Pou Carreño,16,F,Surco,ernesto56@hotmail.com,2023-02-18,Platinum
C0893,Trinidad del Rocamora,33,M,Lince,oriera@yahoo.com,2022-01-01,Básico
C0894,Maristela Bayo Jover,32,F,Lince,jmurillo@hotmail.com,2022-07-31,Platinum
C0895,Pascuala Baró Infante,27,F,Surquillo,pascualcarmelo@andres.com,2022-02-25,Silver
C0896,Alexandra Llamas Villar,26,F,Lince,usanchez@yahoo.com,2024-02-25,Platinum
C0897,Jessica Apolonia Peña Alfonso,30,F,Surco,royocecilio@gmail.com,2022-04-10,Silver
C0898,Saturnino Salas Ibáñez,26,M,Jesús María,primitivoibanez@yahoo.com,2024-04-29,Gold
C0899,Belen del Zapata,19,F,Miraflores,serafina14@yahoo.com,2022-06-18,Platinum
C0900,Juan José Ferrera Ferrero,29,M,Surco,azaharavidal@roca.org,2022-09-18,Silver
C0901,Toño Cantero-Pinto,19,M,San Miguel,mirgodofredo@blanes.com,2024-05-22,Platinum
C0902,Chuy Pavón Arellano,30,M,Surquillo,amadoesteban@hotmail.com,2024-03-11,Silver
C0903,Dionisia Rocha-Heras,19,F,Pueblo Libre,zjuarez@gmail.com,2023-03-01,Básico
C0904,Sosimo de Campos,30,M,SJL,ignacia04@pozo.es,2023-11-06,Silver
C0905,Custodia Andrea Solera Acuña,16,F,Lince,fsaenz@gmail.com,2024-01-24,Básico
C0906,Pepita Gimeno Patiño,34,F,SJL,yolanda71@hotmail.com,2023-06-05,Silver
C0907,Paco de Palomares,20,M,Surco,msilva@hotmail.com,2023-02-01,Gold
C0908,Sara Villa,29,F,San Borja,jsarabia@yahoo.com,2023-12-11,Silver
C0909,Candela Pedrosa-Noriega,28,F,Jesús María,eutropiorivas@tamarit-fortuny.es,2022-10-29,Platinum
C0910,Patricio Benavente Rius,20,M,Breña,qmora@oliveras.net,2023-09-09,Gold
C0911,Cristina Vargas Tamayo,33,F,Callao,quevedoedgardo@hotmail.com,2022-08-11,Silver
C0912,Remigio Maza Recio,35,M,Comas,josefina89@gmail.com,2022-10-25,Gold
C0913,Isaac Zorrilla-Zabala,21,M,Lince,reinairiarte@hotmail.com,2023-07-10,Gold
C0914,Remigio Lisandro Palomo Camino,27,M,Lince,silviaosuna@yahoo.com,2023-05-07,Platinum
C0915,Emiliana Rocío Céspedes Uriarte,29,F,Pueblo Libre,estevetristan@gmail.com,2022-01-14,Básico
C0916,Amancio Casanovas Fernández,28,M,Los Olivos,valeroabella@yahoo.com,2022-02-24,Básico
C0917,Rodrigo Camino Marí,24,M,Pueblo Libre,clotilde07@yahoo.com,2024-03-15,Silver
C0918,Anabel Tur Pomares,24,F,Los Olivos,ncervera@hotmail.com,2024-05-09,Básico
C0919,Elena Tomas Arce,22,F,Pueblo Libre,acrespo@yahoo.com,2023-07-09,Básico
C0920,Domitila Álamo Garzón,30,F,Surco,adoraalemany@calderon-terron.es,2023-09-23,Silver
C0921,Jennifer Alcázar-Carrillo,23,F,Lince,bcarbajo@hotmail.com,2024-03-14,Gold
C0922,Cristian Heras,28,M,Breña,mamen56@vendrell.com,2023-03-03,Gold
C0923,Lope Álamo Simó,16,M,Comas,millajimena@mateu.es,2022-09-15,Silver
C0924,Fabiola Roldán Casado,23,F,San Miguel,wagudo@lasa.es,2023-10-11,Gold
C0925,Leoncio Caro-Lluch,22,M,La Molina,ainara42@angel.org,2023-04-05,Silver
C0926,Marco Jover Belmonte,21,M,Los Olivos,martinpriscila@castell-caparros.net,2024-01-23,Básico
C0927,Anna Vilalta Crespi,17,F,Breña,benitagomez@hotmail.com,2022-10-13,Gold
C0928,Samu Morera Sastre,21,M,San Borja,ccardona@yahoo.com,2024-05-16,Gold
C0929,Celso Bertrán Esparza,26,M,SJL,lunanarcisa@yahoo.com,2023-12-28,Silver
C0930,Melchor Rosado Vila,20,M,San Miguel,duranfidela@chaves.es,2022-11-27,Básico
C0931,Ale Carranza Ferrando,31,F,Pueblo Libre,esther84@crespo.org,2023-08-10,Gold
C0932,Efraín Amador Benavides,26,M,Lince,sebastian58@hotmail.com,2022-08-14,Silver
C0933,Che Carrión-Farré,32,M,Los Olivos,carrillofederico@abascal.es,2023-03-02,Platinum
C0934,Cornelio de Ferrer,27,M,San Isidro,marc54@perez.es,2022-08-07,Gold
C0935,Lourdes Asensio Flores,27,F,La Molina,pinilladiana@toledo.es,2022-08-12,Platinum
C0936,Primitivo Palau Duran,19,M,Callao,esperanza54@hotmail.com,2022-12-21,Platinum
C0937,Pío Reguera,35,M,San Miguel,rvaquero@llopis.net,2023-09-29,Silver
C0938,Javi de Dominguez,26,M,Breña,fortunataalonso@segui-manjon.com,2024-03-26,Básico
C0939,Ximena Torralba Anguita,24,F,Lince,sserrano@sedano-marmol.es,2024-01-12,Gold
C0940,Emilio Vergara Casado,32,M,Surquillo,espiridion99@ripoll-rodriguez.com,2024-02-28,Gold
C0941,Ximena Rivera Blanco,31,F,Miraflores,macariamateos@hotmail.com,2022-10-31,Silver
C0942,Marisela Ainoa Portillo Torrijos,32,F,Surco,tvalbuena@hotmail.com,2022-04-09,Silver
C0943,Rufino de Diaz,18,M,San Isidro,natalia03@gmail.com,2023-11-18,Silver
C0944,Mayte Caro,19,F,San Isidro,salmeroncarlota@hotmail.com,2023-07-05,Platinum
C0945,Severo Castañeda Querol,20,M,Miraflores,gregorio00@hotmail.com,2023-04-16,Gold
C0946,Virgilio Fuster-Iriarte,18,M,Surco,pintorsoraya@alberola.es,2022-02-25,Silver
C0947,Elodia Morell-Zabaleta,33,F,Surco,flor79@morcillo.com,2023-08-12,Silver
C0948,Nuria Sosa Fabregat,29,F,Breña,verayessica@yahoo.com,2023-04-07,Platinum
C0949,Patricia Bermejo Gámez,26,F,Miraflores,burgoslazaro@falcon.net,2023-02-03,Básico
C0950,María Cánovas Neira,35,M,Surco,fernando87@hotmail.com,2024-02-14,Básico
C0951,Nilo Font Pedrero,27,M,San Miguel,pulidomiriam@hotmail.com,2023-05-30,Básico
C0952,Marianela Gual Carreras,25,F,San Borja,araceli78@gmail.com,2022-03-30,Gold
C0953,Rufina Estefanía Múñiz Soriano,28,F,Breña,marcoscanales@hotmail.com,2024-04-21,Básico
C0954,Paloma Casas Bernal,21,F,Lince,estradaadelia@cerezo.es,2022-08-14,Silver
C0955,Elvira Sevilla-Mendoza,33,F,La Molina,angelina89@gmail.com,2023-10-12,Silver
C0956,Ricarda de Pineda,27,F,Miraflores,rroma@bosch.net,2023-07-21,Silver
C0957,Juan Carlos del Casado,17,M,Miraflores,izquierdomartina@gmail.com,2023-08-10,Platinum
C0958,Heraclio Valentín Blanch,25,M,San Isidro,edgardoparejo@hotmail.com,2024-02-06,Gold
C0959,Elpidio Berenguer-Expósito,29,M,San Miguel,ioller@pina.com,2023-10-24,Silver
C0960,Fermín Calzada Gálvez,21,M,San Isidro,egimenez@hotmail.com,2023-09-24,Gold
C0961,Juanito Silva Ponce,19,M,Los Olivos,btorrijos@espada-paniagua.es,2023-11-19,Básico
C0962,Merche Godoy-Pizarro,33,F,Surco,angelinoestrada@hotmail.com,2022-10-25,Básico
C0963,Ágata Girón Feliu,19,F,San Isidro,cloesandoval@hotmail.com,2024-01-14,Platinum
C0964,Marcela Posada-Pedrosa,27,F,Los Olivos,marcosmarti@galvan.es,2023-11-19,Silver
C0965,Federico Sureda Uribe,25,M,San Borja,maricruz33@raya.es,2022-03-13,Silver
C0966,Graciana Mendoza Flores,31,F,SJL,drius@hotmail.com,2022-12-03,Gold
C0967,Demetrio Ferrández Carpio,34,M,San Borja,lizaguirre@villalonga-cortes.es,2023-01-09,Gold
C0968,Nayara Leon Escribano,21,F,Miraflores,emperatriz32@gmail.com,2022-11-17,Silver
C0969,Victor Manuel Soto Campoy,29,M,La Molina,orozcovictor@castejon.com,2024-05-10,Gold
C0970,Valero Juárez Casado,26,M,San Miguel,boadasosimo@cabanillas.org,2023-05-07,Platinum
C0971,Fernanda Eulalia Corominas Llabrés,27,F,Pueblo Libre,kcanovas@dalmau.com,2022-11-09,Platinum
C0972,Wilfredo Bautista Clemente Solé,21,M,Callao,franciscorosado@yahoo.com,2023-09-14,Básico
C0973,Maricela Tamara Guardiola Royo,20,F,San Miguel,pia80@valenzuela-abascal.net,2023-07-06,Silver
C0974,Íngrid Suárez-Giralt,18,F,Comas,nydiacabanas@yahoo.com,2022-03-19,Básico
C0975,Nicolás Barba,34,M,San Borja,pagusti@hotmail.com,2023-02-19,Silver
C0976,Sandalio Fernández,33,M,La Molina,secoreyes@bayo.org,2023-07-11,Platinum
C0977,Martin Abad Blanes,27,M,Breña,marcia34@velez.com,2022-08-17,Gold
C0978,Rodrigo Cantero Andres,30,M,Lince,solissol@hotmail.com,2023-06-07,Básico
C0979,Eli Solera Novoa,27,F,Lince,asuncion14@gimeno.es,2022-01-11,Silver
C0980,Luis Quintana Grau,32,M,Los Olivos,marmolremigio@tellez.org,2023-04-02,Silver
C0981,Humberto Huertas Arnau,34,M,San Borja,amado18@hoyos-escriva.es,2023-11-07,Silver
C0982,Odalis Ortiz,27,F,Miraflores,petrona10@yahoo.com,2022-08-13,Platinum
C0983,Valero Severo Solsona Alegre,18,M,La Molina,planaskike@hernando.net,2023-01-14,Silver
C0984,León Montaña-Sureda,22,M,Lince,vsanabria@hervas-feijoo.com,2024-03-21,Gold
C0985,Bárbara Artigas Valenzuela,31,F,San Miguel,elenabeltran@tormo-patino.com,2023-04-11,Básico
C0986,Rogelio Fuertes Osuna,26,M,Surco,hvicente@yahoo.com,2023-12-22,Gold
C0987,Ainara de Jordán,34,F,Lince,monreallucia@gmail.com,2023-08-07,Silver
C0988,Yaiza del Moreno,28,F,Jesús María,silviobatalla@torres.com,2023-08-25,Básico
C0989,Nadia Prats Carrera,28,F,San Miguel,eugenioferrandez@yahoo.com,2022-08-17,Platinum
C0990,Leticia del Martinez,27,F,SJL,ipulido@ferrando-benitez.net,2024-03-22,Platinum
C0991,Quique Vaquero Goicoechea,32,M,San Miguel,ubenavides@carballo.es,2022-05-23,Platinum
C0992,Severiano Ríos,23,M,Surco,eveliaespada@pina.es,2023-06-11,Gold
C0993,Abilio Andres Cuevas,20,M,Los Olivos,ignacia14@alsina.es,2022-06-11,Gold
C0994,David Carlos Palomino Manso,23,M,Breña,guiomar89@yahoo.com,2024-04-10,Gold
C0995,Osvaldo Pons Maza,31,M,Callao,ymendoza@hotmail.com,2023-05-06,Platinum
C0996,Gil Ayllón Ribera,34,M,Los Olivos,adoracionrequena@yahoo.com,2023-10-25,Platinum
C0997,Edmundo Guerra Méndez,23,M,Miraflores,villenajosep@gmail.com,2022-05-11,Silver
C0998,Juan Antonio Roldán Piñeiro Amaya,32,M,Miraflores,coral50@gallart.es,2023-08-10,Silver
C0999,Hermenegildo Téllez Ponce,21,M,La Molina,zabalaregulo@gmail.com,2022-07-04,Platinum
C1000,David Camacho,25,M,Surco,trillojuan-antonio@cerezo.es,2022-08-10,Platinum
C1001,Azucena Dafne Valenzuela Roman,31,F,Los Olivos,jrosell@gmail.com,2022-08-13,Platinum
C1002,Nicolás Llabrés Guijarro,34,M,Surquillo,tiburcio83@yahoo.com,2024-02-25,Silver
C1003,Isaura Camps Vázquez,21,F,Comas,eloisamorera@gmail.com,2023-12-04,Gold
C1004,Carolina Serna Quintanilla,35,F,San Borja,maricruz53@hotmail.com,2022-03-12,Silver
C1005,Carolina Araujo-Sancho,28,F,Los Olivos,felicidadarteaga@hotmail.com,2022-04-22,Básico
C1006,Ignacio Gómez Baños,32,M,Surquillo,roldanisidoro@somoza.com,2023-06-01,Platinum
C1007,Reynaldo Vargas-Barrena,35,M,Surco,mayteredondo@torrijos.es,2022-07-01,Platinum
C1008,Julio César Espinosa Bosch,33,M,Lince,teresasaez@rivera-cuervo.com,2024-02-10,Básico
C1009,Cayetano Alcalá Infante,31,M,Callao,ltejada@sanchez-bauza.es,2022-05-14,Básico
C1010,Macarena Cadenas Lladó,32,F,Breña,curro78@yahoo.com,2023-01-15,Básico
C1011,Encarnacion Hurtado Ruano,23,F,Pueblo Libre,galvanevita@yahoo.com,2023-05-09,Platinum
C1012,Flor Guzmán-Aguilera,34,F,Pueblo Libre,gmaestre@gmail.com,2024-01-30,Básico
C1013,Celestina Carbó-Sainz,20,F,La Molina,albino54@amores.com,2023-05-04,Silver
C1014,Calixto Calderon Jaume,25,M,San Borja,lopecalderon@santiago-escudero.com,2024-06-16,Platinum
C1015,Melisa de Alcolea,22,F,Miraflores,silvio99@hotmail.com,2023-12-28,Básico
C1016,Aurelio Tejera Revilla,32,M,Miraflores,eugenia93@hotmail.com,2023-01-20,Silver
C1017,Íngrid Pera Sabater,29,F,Jesús María,esteban87@jove-galiano.org,2022-04-20,Silver
C1018,Rafaela Millán Larrañaga,34,F,La Molina,salegria@hotmail.com,2022-09-25,Platinum
C1019,Florentina Vilalta Blanch,35,F,La Molina,narciso02@gmail.com,2023-11-28,Platinum
C1020,Victorino Rocamora Fuertes,29,M,Lince,emiliano47@marti-fabregat.org,2024-03-13,Platinum
C1021,Ambrosio Eugenio Barrio Iborra,27,M,Lince,zmontesinos@gmail.com,2023-07-23,Platinum
C1022,Asunción Benavent Giralt,25,F,San Borja,rolandoriera@gomila.org,2022-12-19,Platinum
C1023,Gabriel Barral Palma,19,M,Comas,lorenzo84@cid-ribes.net,2022-08-24,Platinum
C1024,Nazario Salmerón Barreda,19,M,San Isidro,franciscoalcolea@carrasco.com,2023-06-05,Platinum
C1025,Ángeles Claudia Arco Peña,33,F,San Borja,lloretnando@hotmail.com,2023-12-15,Básico
C1026,Geraldo Muñoz Segarra,28,M,Callao,gloriasolsona@yahoo.com,2022-01-06,Básico
C1027,Ramón Bou Macias,31,M,San Miguel,piaarrieta@yahoo.com,2023-09-07,Platinum
C1028,Leopoldo Campillo Villalonga,18,M,La Molina,carlos90@gmail.com,2022-08-16,Gold
C1029,Noé Aragonés Ugarte,35,M,Miraflores,puenterosenda@hotmail.com,2024-01-12,Platinum
C1030,Rosaura Madrid Manzanares,35,F,Callao,mandres@hotmail.com,2023-06-18,Gold
C1031,Maximiliano Andres-Bayo,21,M,Callao,martinacoloma@galindo-mercader.com,2023-05-22,Platinum
C1032,Máximo Azcona Valbuena,22,M,Surquillo,jose80@roldan.com,2023-11-04,Gold
C1033,Álvaro Céspedes-Plaza,17,M,Pueblo Libre,concepcionmolins@yahoo.com,2023-09-06,Silver
C1034,Vinicio Rodrigo Caballero Castells,17,M,Jesús María,coralhurtado@falcon-cano.es,2022-09-02,Básico
C1035,Severino Chaves Prieto,18,M,La Molina,reyesugarte@mascaro.com,2024-03-09,Platinum
C1036,Reina Leal,28,F,Breña,nverdugo@arnal-ferrandiz.net,2023-08-24,Silver
C1037,Atilio Ródenas Salcedo,18,M,San Miguel,carina47@rueda.es,2022-04-03,Gold
C1038,Ana Chaparro Garay,27,F,Surquillo,snicolau@hotmail.com,2022-10-11,Silver
C1039,Cristóbal Pardo Mateu,30,M,San Miguel,riveragabino@gmail.com,2023-02-18,Básico
C1040,Nadia Vera Tello,21,F,Breña,wgascon@gmail.com,2023-06-03,Básico
C1041,Geraldo Echevarría Cañas,32,M,La Molina,cruzvilalta@olive-landa.com,2022-12-15,Básico
C1042,Blanca del Sanjuan,33,F,Surquillo,segoviarogelio@yahoo.com,2024-03-23,Gold
C1043,Consuelo Valcárcel Mármol,28,F,San Borja,guerraezequiel@pena.es,2023-05-11,Silver
C1044,Marianela Edelmira Cabrera Ripoll,30,F,Callao,ildefonsoestrada@gmail.com,2023-04-17,Básico
C1045,Estela Landa Gomila,19,F,La Molina,redondopelayo@gmail.com,2022-03-11,Platinum
C1046,Eustaquio Martínez Navarro,23,M,Pueblo Libre,nmanuel@gmail.com,2022-11-20,Platinum
C1047,Fátima Benito-Almagro,32,F,Lince,almudena18@fuentes.com,2022-01-10,Gold
C1048,Jose Manuel Frías-Pozuelo,25,M,Surco,rlerma@salas.org,2023-02-13,Gold
C1049,Maximiliano Victorino Reina Guillén,33,M,San Miguel,tenoriomerche@yahoo.com,2022-07-02,Platinum
C1050,Zoraida Nogueira-Serra,27,F,San Isidro,pruiz@gmail.com,2023-08-11,Gold
C1051,Aníbal Soriano Fernandez,22,M,SJL,dionisiapozuelo@rosell.com,2024-01-25,Silver
C1052,Gilberto Calvo Segura,23,M,Surquillo,gabrielaolive@hotmail.com,2022-09-29,Silver
C1053,Abraham Correa Acedo,22,M,Surquillo,igodoy@guerrero.com,2022-09-13,Gold
C1054,Régulo Noguera Gonzalo,19,M,Surco,tcabeza@torralba-ojeda.org,2022-03-22,Platinum
C1055,Renato Saura Benavent,33,M,Miraflores,soledad14@lumbreras.net,2024-05-18,Platinum
C1056,Ale Porras Cañas,35,F,Jesús María,rherrera@poza-lujan.es,2023-05-20,Gold
C1057,Flora Villalobos Cisneros,21,F,Pueblo Libre,bertaamigo@santiago-verdu.es,2023-06-08,Gold
C1058,Rita del Pardo,23,F,Pueblo Libre,joseblanca@tena.org,2023-08-14,Silver
C1059,Nacio Alberdi-Baró,32,M,Pueblo Libre,angelinaquesada@yahoo.com,2023-03-10,Platinum
C1060,Salomón Mate Batalla,32,M,Jesús María,wespejo@jerez-roma.es,2023-02-08,Silver
C1061,Isaura Benitez Olivé,19,F,Comas,wchaves@luis.org,2023-06-15,Platinum
C1062,Leandra Dalila Murcia Ramón,16,F,Miraflores,smascaro@hoyos.es,2023-11-22,Silver
C1063,Constanza Oliver-Frutos,34,F,Surco,adolfomunoz@llorens-pedraza.net,2022-11-30,Gold
C1064,Jenny Sosa-Pagès,21,F,Lince,perezjulieta@yahoo.com,2022-09-27,Silver
C1065,Herminia de Grau,31,F,San Borja,carpiomarino@hotmail.com,2022-12-18,Gold
C1066,Rómulo Amorós Sarmiento,31,M,Breña,jdaza@moraleda.com,2022-08-04,Platinum
C1067,Encarnita Flor Morell Montesinos,27,F,Surquillo,franciscarebollo@yahoo.com,2023-02-15,Gold
C1068,Modesta Pastor Novoa,21,F,San Borja,casasjose-ignacio@gmail.com,2022-05-15,Silver
C1069,Ruy Ferrando-Clavero,24,M,Pueblo Libre,manuelitaplanas@roda.net,2022-08-30,Platinum
C1070,Elisabet Gracia Conde,22,F,Los Olivos,amorpastor@yahoo.com,2024-03-30,Silver
C1071,Camila Alsina Gutiérrez,16,F,Los Olivos,saenzdaniela@tena.net,2023-03-08,Platinum
C1072,Hermenegildo Salvador Bárcena Ramos,32,M,Lince,amorarce@sainz.com,2024-01-08,Gold
C1073,Angelita Monreal Carnero,25,F,La Molina,iramon@criado.org,2023-07-30,Básico
C1074,Marcela Otero Terrón,19,F,Comas,respinosa@gmail.com,2022-06-17,Básico
C1075,Amancio del Sosa,24,M,SJL,castellonoe@gmail.com,2024-05-09,Básico
C1076,Soledad Calderon,26,F,La Molina,ncoronado@yahoo.com,2023-01-05,Gold
C1077,María José Mamen Guerrero Ferrer,27,F,Miraflores,amanciomanso@yahoo.com,2023-02-26,Básico
C1078,Otilia Elorza Vigil,35,F,San Isidro,guiomarsevillano@alamo.es,2023-08-14,Silver
C1079,Tamara Peinado Cárdenas,27,F,Jesús María,socorrosantiago@pina.com,2023-11-21,Platinum
C1080,Nuria Alcalá Salcedo,18,F,Breña,xpujadas@araujo.net,2023-09-21,Gold
C1081,Yésica del Diez,20,F,Surquillo,masjoaquina@cruz.com,2022-06-21,Gold
C1082,Vilma Adelia Navarrete Santamaria,35,F,San Borja,nbaez@corbacho.com,2023-02-19,Básico
C1083,Noé Terrón Vargas,21,M,Jesús María,sebastian11@gmail.com,2022-08-22,Gold
C1084,Esther Urrutia Blanco,25,F,Comas,dafnevega@hotmail.com,2022-10-01,Platinum
C1085,Aroa Arrieta Llorens,30,F,Pueblo Libre,foliveras@arnal.com,2024-06-02,Gold
C1086,Teresa Villalobos-Agustín,29,F,Los Olivos,mario22@hotmail.com,2022-07-08,Básico
C1087,Cristian Casal Estevez,23,M,Callao,marcialmata@coello-morillo.es,2022-09-15,Básico
C1088,Sancho Ferrera Beltran,21,M,Breña,escrivairene@rosell-ponce.com,2022-04-16,Básico
C1089,René Rosales Lara,31,M,Lince,angelicacaceres@bernal.com,2022-02-25,Básico
C1090,Dolores Mulet Tello,32,F,Pueblo Libre,matiasmanjon@aguilera.org,2022-03-27,Básico
C1091,Francisca Regina Cordero Donaire,35,F,Los Olivos,pedrobello@hotmail.com,2022-03-28,Platinum
C1092,Macarena Alberola Rivas,23,F,San Isidro,canalesvenceslas@cabrero-somoza.es,2024-01-26,Gold
C1093,Saturnina Iriarte Pérez,20,F,Los Olivos,cloecano@hotmail.com,2023-06-24,Silver
C1094,Manolo Emigdio Donoso Peinado,17,M,Callao,salazareleuterio@arco-grande.es,2023-01-01,Gold
C1095,Anita Gallo Arregui,30,F,Surquillo,cecilia35@yahoo.com,2023-07-08,Gold
C1096,Sol Pizarro Barbero,20,F,Comas,lidia07@gmail.com,2023-07-07,Silver
C1097,Elena Rincón Martorell,34,F,Breña,eugeniacabo@gaya.com,2023-06-21,Gold
C1098,Narcisa Gordillo Ramírez,31,F,Lince,kbecerra@guerrero.com,2022-08-21,Básico
C1099,Eugenia de Camino,25,F,Jesús María,marciofrutos@yahoo.com,2023-02-27,Gold
C1100,Sancho Carrión Cobos,25,M,Miraflores,jacinta30@cuevas-reina.es,2022-01-01,Silver
C1101,Albina Garmendia,25,F,SJL,berrocalcornelio@hurtado.es,2023-07-02,Básico
C1102,Ariadna Aroa Palma Barrera,31,F,La Molina,parraernesto@guzman.es,2022-01-10,Platinum
C1103,Chelo Bustamante Olivé,35,F,San Isidro,amateu@iriarte-seco.es,2024-03-26,Básico
C1104,Eulalia Frías-Ugarte,22,F,Breña,salomoncasado@albero.com,2023-07-29,Platinum
C1105,Jenny del Borja,23,F,Los Olivos,danilo91@yahoo.com,2024-01-03,Platinum
C1106,Anabel Cal Mendez,23,F,La Molina,amando26@yahoo.com,2022-03-23,Platinum
C1107,Patricio Doménech,32,M,Pueblo Libre,llobetmaria-pilar@hotmail.com,2024-03-30,Gold
C1108,Mónica del Cárdenas,33,F,Pueblo Libre,fmateo@hotmail.com,2022-10-03,Platinum
C1109,Roldán Verdejo Roselló,18,M,Los Olivos,wmateu@yahoo.com,2022-05-20,Gold
C1110,Albano Diego Canals,30,M,San Borja,kboix@figuerola.es,2023-04-09,Gold
C1111,Miriam Pía Marin Zapata,22,F,Jesús María,ichico@cornejo-gallart.net,2022-01-20,Silver
C1112,Natalio de Piña,33,M,Miraflores,iban51@gmail.com,2022-07-10,Básico
C1113,Jennifer Torralba-Carreño,24,F,Los Olivos,tovarrosa-maria@hotmail.com,2024-01-03,Platinum
C1114,Sebastian Arce Briones,23,M,Surco,casandra36@ribas.es,2022-06-04,Básico
C1115,Mirta Pérez Barrio,22,F,Jesús María,miguelbanos@hotmail.com,2023-03-07,Gold
C1116,Rosa María Agustí,27,F,SJL,emiliacabanillas@albero.com,2023-12-15,Básico
C1117,Emelina Gracia-Daza,18,F,Surquillo,marianapellicer@moliner.es,2024-02-08,Silver
C1118,Cruz Édgar Porras Montalbán,24,M,Pueblo Libre,jose-antonio01@gamez-cid.org,2023-02-06,Básico
C1119,Rosa María Rodríguez Nuñez,21,F,San Isidro,eesparza@falcon.es,2024-05-11,Gold
C1120,Carina de Mármol,16,F,Surco,fitoacedo@machado-roura.net,2024-02-26,Silver
C1121,Leandra del Arnau,30,F,San Isidro,bernardinomanzanares@cuesta-moles.com,2024-01-26,Básico
C1122,Glauco de Almazán,30,M,Comas,marcioros@morante.org,2024-02-29,Básico
C1123,Marco Noriega-Alemany,31,M,Breña,narroyo@espinosa-porcel.es,2023-11-29,Gold
C1124,Nilda Gilabert Arenas,21,F,Callao,vilma32@gmail.com,2024-01-16,Básico
C1125,Juanito del Clemente,24,M,SJL,benignapallares@acosta.com,2023-10-16,Gold
C1126,Juan Carlos Rodrigo Pomares,27,M,San Miguel,remedios55@malo.net,2022-02-23,Silver
C1127,Urbano de Ballester,23,M,Callao,mbosch@gibert.org,2023-03-21,Gold
C1128,Baltasar Azorin Muñoz,21,M,Pueblo Libre,isa28@gmail.com,2022-10-10,Básico
C1129,Áurea Peralta Velázquez,23,F,Miraflores,americocalleja@vaquero.es,2022-02-13,Platinum
C1130,Bruno Samu Armas Múgica,27,M,Pueblo Libre,gzabala@abril.com,2022-04-02,Silver
C1131,Tiburcio Roma León,31,M,Surco,teodoro11@castrillo.com,2023-12-04,Gold
C1132,Danilo Azcona Aliaga,17,M,Jesús María,marcianoricart@yahoo.com,2023-10-23,Silver
C1133,Rogelio Colomer Cervantes,20,M,SJL,conradomiralles@cuadrado.com,2022-08-27,Gold
C1134,Rocío Ferreras Zamorano,30,F,Comas,nicolasmir@botella.es,2022-07-17,Básico
C1135,Luz Carolina Cervantes Badía,27,F,Comas,broman@goicoechea-valles.com,2022-05-18,Gold
C1136,Julio César Moraleda Gómez,31,M,Comas,dpelaez@hotmail.com,2023-03-25,Gold
C1137,Cristina de Lumbreras,22,F,San Borja,elodiaiglesias@yahoo.com,2022-07-11,Gold
C1138,María Teresa Ugarte Pardo,30,F,La Molina,ojedaperlita@hotmail.com,2024-06-07,Silver
C1139,Patricio Robles Figueroa,32,M,Los Olivos,duilio90@gallego.com,2023-04-06,Gold
C1140,Belén Araujo Sanjuan,33,F,Jesús María,angelinomelero@hotmail.com,2023-04-10,Básico
C1141,Alondra Hurtado Cantero,21,F,San Miguel,yolmo@gmail.com,2022-01-20,Gold
C1142,Venceslás de Crespo,26,M,Comas,sierrabenito@gmail.com,2022-03-06,Platinum
C1143,Nando Taboada-Batalla,32,M,Callao,chusazcona@yahoo.com,2023-05-25,Silver
C1144,Jennifer Torrecilla Barriga,26,F,Breña,juan-francisco29@gmail.com,2023-10-19,Gold
C1145,Bartolomé Villar Estevez,19,M,Lince,joaquincuevas@julia-pizarro.net,2023-11-06,Básico
C1146,Chus Pino Bertrán,20,M,Los Olivos,morangabriel@gmail.com,2024-06-13,Básico
C1147,Sabas Juárez Luna,19,M,SJL,nelida97@saura.es,2022-07-16,Básico
C1148,Pánfilo Jose Angel Valderrama Tejero,34,M,Callao,acevedopepito@alberola.es,2024-05-06,Platinum
C1149,Amelia Requena Rincón,32,F,San Borja,nsales@sans.es,2023-12-20,Gold
C1150,Cristóbal Clemente-Santiago,27,M,San Isidro,icanete@penalver.com,2023-09-13,Básico
C1151,Anastasio de Casanovas,22,M,Callao,blazquezleocadio@leal-abascal.es,2023-05-19,Básico
C1152,Otilia Cabañas,17,F,Jesús María,kbou@yahoo.com,2023-07-26,Platinum
C1153,Nuria Donoso Espada,17,F,Surquillo,vascoayllon@gmail.com,2023-09-24,Gold
C1154,Nando Bou-Leal,18,M,Surquillo,olivia49@carvajal-arcos.es,2022-11-08,Básico
C1155,Valero Olivera Pavón,32,M,Surco,leyrevalera@ribas-godoy.es,2022-04-14,Silver
C1156,Pepita Jódar Rodriguez,22,F,San Isidro,mirtaheredia@gmail.com,2023-06-23,Silver
C1157,Fabio Amorós Macias,33,M,Comas,elianapages@arteaga.org,2023-07-26,Platinum
C1158,Alejo Prats Conesa,34,M,Jesús María,ainarariba@gonzalez.net,2023-11-22,Platinum
C1159,Marina Sanchez Vélez,19,F,Los Olivos,criadovictor@lucas.com,2024-03-22,Silver
C1160,Serafina Barrio-Recio,32,F,Jesús María,maria-jesus46@yahoo.com,2023-11-05,Silver
C1161,Jenny Juan Cañete,27,F,San Miguel,azucenapellicer@hotmail.com,2022-11-19,Gold
C1162,Eloísa Judith Comas Nevado,29,F,Pueblo Libre,esmeralda88@vilaplana.net,2023-10-11,Platinum
C1163,Zaida Apolonia Espada Martinez,35,F,San Isidro,espiridiongarriga@sole.com,2023-07-31,Silver
C1164,Carmina del Llabrés,33,F,San Miguel,nazario55@gmail.com,2024-02-02,Gold
C1165,Macaria Niño Martinez,30,F,SJL,tenaflorencio@gmail.com,2023-02-11,Básico
C1166,Damián de Juan,25,M,San Borja,lorena34@roma.com,2022-01-17,Silver
C1167,Isa Llopis Bosch,16,F,La Molina,reciofortunato@clemente-acosta.com,2022-08-16,Silver
C1168,Melisa Uribe Pedro,16,F,Pueblo Libre,cerdananibal@gmail.com,2024-04-21,Gold
C1169,Joaquín Menendez Juliá,19,M,Miraflores,ujurado@ibanez-arias.com,2023-04-17,Gold
C1170,Mariano Bellido Lladó,20,M,La Molina,isanz@hotmail.com,2023-01-11,Silver
C1171,Félix Ibañez Galán,24,M,Pueblo Libre,duartevictorino@gmail.com,2022-11-04,Básico
C1172,Felisa Vallejo Gordillo,34,F,San Miguel,micaelaroca@casals.es,2022-08-11,Básico
C1173,Ramona Garriga Sotelo,31,F,Los Olivos,aitorvillar@uriarte.com,2023-05-15,Básico
C1174,Piedad Chaparro Alsina,17,F,Comas,izabala@hotmail.com,2024-04-07,Platinum
C1175,Dan Piñol Dávila,17,M,San Miguel,alfonsojennifer@sacristan-cardona.org,2024-02-29,Gold
C1176,Amaya Barros Díez,29,F,Breña,chusbauza@uribe.es,2024-06-07,Básico
C1177,Tito Rius,35,M,San Miguel,perezofelia@carreras.net,2022-01-12,Platinum
C1178,Rubén Francisco Cañizares,25,M,Lince,carpiopaloma@villa.com,2022-02-12,Gold
C1179,Jenaro de Barco,26,M,Lince,jordanescamilla@sandoval.es,2023-12-16,Silver
C1180,Bernardino Milla Díaz,17,M,Callao,lara34@castro.es,2024-01-20,Platinum
C1181,María Dolores Gisbert Castro,35,F,San Borja,pabloemelina@hotmail.com,2023-06-01,Básico
C1182,Basilio Prudencio Vicente Guijarro,29,M,La Molina,melias@vaquero-manzanares.com,2024-03-16,Platinum
C1183,Wilfredo Solsona Tur,20,M,Jesús María,antonio00@castejon.com,2022-03-26,Platinum
C1184,Mariano Torre,33,M,Breña,jmoya@pi.org,2022-09-26,Básico
C1185,Dominga Matas-Calatayud,32,F,Breña,ncompany@quintanilla-casas.es,2024-03-03,Silver
C1186,Remigio Quiroga Badía,31,M,Lince,gilsaldana@yahoo.com,2022-07-22,Platinum
C1187,Lola Salvador Villanueva,34,F,San Isidro,camilo80@hotmail.com,2023-07-29,Silver
C1188,Fernando Guitart-Castilla,18,M,La Molina,vergarajenaro@salgado.net,2024-03-06,Platinum
C1189,Elvira de Redondo,34,F,Surco,jose-luisechevarria@yahoo.com,2022-04-26,Platinum
C1190,Ligia Borrego,27,F,Jesús María,aparicionestor@benitez-yuste.es,2022-07-15,Gold
C1191,Sandra Villar,35,F,Callao,pcabo@yahoo.com,2022-01-25,Gold
C1192,Alfonso Alcántara Pereira,27,M,San Borja,pmulet@gmail.com,2024-04-21,Platinum
C1193,Rómulo Antonio Fuster Vendrell,30,M,Miraflores,jjauregui@gmail.com,2024-04-17,Silver
C1194,Hernando Menéndez,27,M,Los Olivos,pinfante@porcel-lago.es,2024-02-15,Básico
C1195,Rafael Trinidad Meléndez Nevado,17,M,San Isidro,fermin84@hotmail.com,2023-09-28,Silver
C1196,Milagros Perales Diez,16,F,Jesús María,carbochus@feijoo.com,2023-12-12,Básico
C1197,Marisa Cañete Aguado,30,F,SJL,ollerjosefina@vilanova.org,2022-01-24,Gold
C1198,Salvador Oliver,33,M,San Isidro,petronazamorano@blazquez.net,2022-07-28,Gold
C1199,Calista Plana-Luján,35,F,Comas,cruz21@hotmail.com,2022-05-25,Básico
C1200,Otilia Jaén Moles,34,F,San Miguel,hmoran@gmail.com,2023-11-11,Básico
C1201,Aurelia Ramírez Quirós,21,F,Miraflores,martiolalla@yahoo.com,2022-10-18,Silver
C1202,Dora Saavedra Plaza,17,F,SJL,teofila64@lucas-carmona.com,2023-11-02,Básico
C1203,Rubén Landa Segura,28,M,Callao,ublanca@gmail.com,2022-10-05,Gold
C1204,Nacio del Sáez,16,M,La Molina,kmesa@hotmail.com,2024-06-07,Platinum
C1205,Alberto Ramos Solano,28,M,Lince,jordanalmagro@barcena.com,2023-12-28,Básico
C1206,Cristina Villanueva Bravo,31,F,Surquillo,feijoomodesto@yahoo.com,2023-09-04,Básico
C1207,Pascual Borrell-Menéndez,22,M,Lince,domingoarenas@salgado.com,2023-04-14,Básico
C1208,Abilio Manuel Albero Alberola,23,M,San Miguel,reguloferrero@pera.com,2023-06-27,Gold
C1209,Carina Espada Sabater,31,F,Breña,estela21@hotmail.com,2024-02-02,Silver
C1210,César Morales Díez,27,M,Callao,festeban@hotmail.com,2022-12-27,Gold
C1211,Ester Robledo Ortuño,23,F,Lince,dorotea14@carrasco-villegas.es,2022-10-10,Básico
C1212,Salud Lucena-Fuertes,28,F,San Miguel,ralfonso@hotmail.com,2024-04-14,Básico
C1213,Isaura Lourdes Bertrán Colomer,23,F,Los Olivos,baldomerominguez@gmail.com,2022-12-16,Platinum
C1214,Timoteo Lalo Cobos Ortiz,18,M,Comas,godoyeulalia@vall.es,2023-01-27,Silver
C1215,Máxima Fortuny Rebollo,23,F,San Borja,olmoalfredo@gmail.com,2022-06-06,Platinum
C1216,Blanca Amparo Canals Feliu,35,F,Jesús María,reyesalmudena@perales.net,2023-04-05,Silver
C1217,Ramiro Grande,20,M,San Borja,barriosnazaret@goni.com,2023-07-09,Silver
C1218,Alfredo Rey Pastor,25,M,Comas,bvina@pinto.es,2023-12-24,Silver
C1219,Ainara Gertrudis Arrieta Redondo,20,F,Callao,asensionazaret@yahoo.com,2023-08-02,Silver
C1220,Primitiva Armas Castell,18,F,Lince,usalom@gmail.com,2023-06-30,Básico
C1221,Maximiliano Escobar Perea,26,M,Surquillo,isaac86@yahoo.com,2024-06-19,Silver
C1222,Nilo Sacristán Agustí,26,M,San Miguel,kcabo@fuente.es,2023-02-28,Platinum
C1223,Victoria Emilia Buendía Valenzuela,30,F,Comas,vsaura@nieto.es,2024-04-21,Gold
C1224,Sebastian Gallardo Castrillo,22,M,Surco,quirino70@jaume.com,2022-05-15,Silver
C1225,Luciano Landa Ros,35,M,San Borja,candidarosa@yahoo.com,2022-10-01,Silver
C1226,Julián Marín Cañizares,23,M,Callao,terecabanillas@ibanez.org,2022-01-27,Gold
C1227,Ruy Mora Gárate,31,M,Los Olivos,lucas50@salas.com,2023-05-30,Platinum
C1228,Luisina Cárdenas Pozo,21,F,Surquillo,cirinolopez@haro.es,2023-02-01,Platinum
C1229,Soledad de Iborra,20,F,Los Olivos,cristian22@yahoo.com,2022-07-17,Silver
C1230,Antonio Menéndez Noriega,29,M,Pueblo Libre,lcaparros@hotmail.com,2022-01-16,Gold
C1231,Merche Palomares Vaquero,23,F,Comas,sanchojosue@gmail.com,2023-11-19,Silver
C1232,Herminio Aguirre Larrea,18,M,Los Olivos,pazartigas@salom-gaya.com,2023-03-26,Platinum
C1233,María Belén Exposito Torre,30,F,San Miguel,corderoanastasia@hotmail.com,2022-09-10,Platinum
C1234,Eugenia Villegas Abascal,17,F,San Borja,ana-belen31@hotmail.com,2024-01-23,Platinum
C1235,Adela Prats Franch,28,F,San Borja,dorita53@orozco.es,2024-01-31,Básico
C1236,Amador Llabrés,30,M,SJL,cabanillasjuan@corominas.es,2024-04-26,Básico
C1237,Moisés Araujo Alcántara,32,M,Lince,florencio94@andrade.com,2023-02-10,Básico
C1238,Emma Miranda Luís,32,F,Pueblo Libre,smerino@casal-medina.es,2023-10-08,Básico
C1239,Loreto Barranco Arranz,25,M,SJL,dionisia06@yahoo.com,2023-02-12,Gold
C1240,Dulce Sanjuan Canales,30,F,Los Olivos,falcolea@gmail.com,2023-03-09,Gold
C1241,Valerio Arrieta Bravo,32,M,San Miguel,dreina@ros.com,2022-05-26,Platinum
C1242,Clara Abellán,18,F,Comas,marinabou@yahoo.com,2023-05-28,Básico
C1243,René de Montoya,34,M,San Miguel,yros@bernat.com,2023-12-14,Silver
C1244,Javiera del Gómez,29,F,Jesús María,macariopereira@aliaga.com,2023-04-07,Básico
C1245,Isidoro del Agustín,30,M,San Borja,tsaavedra@hotmail.com,2023-12-31,Silver
C1246,Serafina Gálvez,18,F,La Molina,molinarosendo@cabanas.com,2022-11-28,Silver
C1247,Olegario Renato Lledó Aramburu,18,M,Surco,merinobuenaventura@pedro.com,2023-12-25,Platinum
C1248,Noelia Mercader Sola,18,F,Lince,cardonajesus@corral-lastra.com,2023-12-26,Platinum
C1249,Román de Ferrando,28,M,Lince,icastello@yahoo.com,2023-01-25,Básico
C1250,Damián Bosch Almeida,26,M,San Borja,qbarba@hotmail.com,2024-06-11,Silver
C1251,Donato Pastor Lasa,20,M,Los Olivos,amando64@fuente.es,2024-02-27,Básico
C1252,Coral Casas Ros,25,F,La Molina,marianela66@iglesia-quiroga.es,2024-01-18,Platinum
C1253,Chita Pinto Mulet,21,F,Surco,gvarela@gutierrez.net,2022-05-15,Silver
C1254,Cristóbal Castro Cordero,35,M,Pueblo Libre,pascualamoreno@gmail.com,2022-09-17,Básico
C1255,Rosalina del Cruz,31,F,Surquillo,victorpaez@leon.es,2023-05-26,Básico
C1256,Josefina Teresita Soria Millán,23,F,San Isidro,osunafabio@quevedo.com,2023-08-26,Platinum
C1257,Ale Arana Hernandez,29,F,SJL,cuencamaribel@gmail.com,2022-03-23,Básico
C1258,Sabas Somoza Gibert,33,M,La Molina,benigna98@ferrandez.es,2023-09-27,Silver
C1259,Horacio Tormo Ribera,21,M,Los Olivos,paloma33@navarro.org,2022-02-26,Gold
C1260,Timoteo Piña Priego,20,M,Surquillo,rubiogracia@lucas.es,2022-02-03,Gold
C1261,Chita Ayuso Valencia,18,F,Miraflores,eamigo@hotmail.com,2022-04-22,Platinum
C1262,Hernán Reguera-Salom,21,M,Callao,santiago25@hotmail.com,2022-10-19,Silver
C1263,Paloma Nuria Checa Conde,34,F,Jesús María,saturnino92@carvajal.com,2022-02-06,Básico
C1264,Teresita Prats Adadia,26,F,Jesús María,mvelazquez@gmail.com,2023-01-24,Básico
C1265,Chus de Cazorla,33,F,Surco,dbaeza@gmail.com,2022-10-27,Platinum
C1266,Alberto Mármol-Castelló,19,M,Comas,che73@yahoo.com,2024-05-30,Gold
C1267,Itziar Barba Abril,32,F,Breña,hernandezbaudelio@hotmail.com,2023-06-22,Silver
C1268,Lorenzo Zamorano-Pedrosa,35,M,Miraflores,dalvarez@gmail.com,2022-04-22,Básico
C1269,Dulce Griselda Villalobos Llorente,35,F,San Miguel,dramirez@hotmail.com,2024-03-18,Gold
C1270,Mónica Osuna Ochoa,35,F,Surquillo,venceslas83@yahoo.com,2022-11-21,Gold
C1271,Remedios Moll Iborra,20,F,San Borja,felisa50@cuevas.es,2023-07-31,Platinum
C1272,Carina Ferreras Hoz,31,F,Pueblo Libre,loreto01@hotmail.com,2022-07-04,Silver
C1273,Coral Mascaró Chaparro,22,F,Miraflores,rocio76@baez.com,2022-05-02,Básico
C1274,Constanza Serna,19,F,Comas,irenegaliano@gmail.com,2024-05-18,Silver
C1275,Margarita del Tur,29,F,Miraflores,ursularipoll@hotmail.com,2022-12-08,Gold
C1276,Calixto Rosselló Pacheco,16,M,Callao,lgonzalo@hotmail.com,2022-07-26,Gold
C1277,Florinda Molina Gabaldón,18,F,La Molina,alvaradoligia@yahoo.com,2022-11-04,Gold
C1278,Guillermo Luciano Saura Saldaña,19,M,Callao,tadeo25@yahoo.com,2022-12-08,Gold
C1279,Begoña Flores Estevez,34,F,San Borja,abenet@pavon.com,2022-01-30,Silver
C1280,Jose Manuel Arteaga Abella,26,M,Surquillo,baltasar36@hotmail.com,2022-12-13,Platinum
C1281,Natividad de Vilaplana,17,F,Callao,baltasar31@yahoo.com,2022-05-20,Platinum
C1282,Custodio Ramón Roldan,30,M,San Miguel,pablo00@gmail.com,2024-06-04,Gold
C1283,Ángela Rebollo Carretero,29,F,San Miguel,fhernando@yahoo.com,2024-01-31,Básico
C1284,María Carreño Benito,34,F,Comas,flaviomunoz@pont.net,2023-11-26,Gold
C1285,Édgar Herminio Ureña Maza,22,M,San Borja,diana08@cerdan.org,2023-12-03,Gold
C1286,Felicia Pina Menendez,18,F,Los Olivos,adrianabaro@albero-aragon.org,2022-10-15,Básico
C1287,Nereida Andrés Pedrero,28,F,Callao,vidalripoll@castillo.com,2023-07-02,Silver
C1288,Berta de Tormo,21,F,San Borja,pedrocabezas@bautista.es,2022-04-30,Gold
C1289,Piedad Portero Mate,17,F,La Molina,sanzmaximiliano@gargallo-nieto.es,2023-02-28,Básico
C1290,Blanca Quintero Márquez,23,F,Jesús María,ileanamanrique@yahoo.com,2023-04-08,Gold
C1291,Amílcar Frías-Estévez,32,M,La Molina,lisandro00@roman.es,2022-06-29,Básico
C1292,Anselma Murcia Ángel,17,F,Pueblo Libre,gracia23@reguera.es,2022-07-26,Básico
C1293,Tecla Alba Borrell,32,F,Miraflores,hilario98@badia-alvarado.com,2024-03-29,Platinum
C1294,Isidro del Flores,22,M,Jesús María,reynaldo31@cordoba.net,2023-05-11,Gold
C1295,Ascensión Benet Marqués,20,F,Pueblo Libre,smurcia@hotmail.com,2024-06-11,Básico
C1296,Simón Silva Almazán,22,M,Comas,lidiacrespo@gmail.com,2022-02-07,Platinum
C1297,Tomasa Múgica Rosales,32,F,Surco,jose83@mancebo-laguna.com,2022-01-05,Gold
C1298,Renato Botella,35,M,Surquillo,carlosjose-manuel@gamez-tormo.com,2022-03-31,Gold
C1299,Elvira de Aguado,17,F,Surco,zrosales@davila-cabrera.es,2023-06-18,Gold
C1300,Noé Carrera Saldaña,34,M,Pueblo Libre,pelayo09@osorio.es,2022-11-16,Silver
C1301,Mirta Coronado,22,F,San Isidro,diego06@hotmail.com,2022-10-21,Gold
C1302,Pepita Casanova Ferrera,30,F,Callao,xsabater@ramos-canovas.com,2022-05-01,Gold
C1303,Edu Tudela Valdés,21,M,La Molina,brunildaangel@yahoo.com,2022-04-28,Básico
C1304,Curro Barceló Prada,22,M,Lince,pbadia@gmail.com,2022-12-25,Gold
C1305,Flavia Saldaña Cerdá,20,F,Comas,romanjose-ramon@tamayo-blanco.org,2024-04-03,Gold
C1306,Victor Manuel Gómez Puga,21,M,Surco,felix56@yahoo.com,2022-11-15,Gold
C1307,Tatiana Díaz Escobar,17,F,Los Olivos,palomocandelaria@gmail.com,2022-01-30,Platinum
C1308,Carlos de Águila,19,M,Breña,cerroroberta@yahoo.com,2022-02-25,Básico
C1309,Alicia Celia Lastra Herrera,28,F,Los Olivos,margarita34@mosquera-bertran.org,2023-12-23,Platinum
C1310,Pastora Cánovas-Iglesias,25,F,Jesús María,ebermudez@gmail.com,2024-04-17,Silver
C1311,Emiliano Múñiz Roca,30,M,San Borja,olivaresfabiola@bosch.org,2022-05-15,Básico
C1312,Leyre Reina Cisneros,19,F,SJL,vmayol@yahoo.com,2022-11-14,Platinum
C1313,Nadia Boada Guerra,23,F,San Isidro,flavioabella@lorenzo.es,2022-05-28,Gold
C1314,Ani Girona Noguera,28,F,Los Olivos,isaura99@hotmail.com,2023-12-18,Gold
C1315,Ester Pedro Zamora,30,F,SJL,guzmannilo@hotmail.com,2022-01-31,Básico
C1316,Bienvenida Gisbert Vendrell,19,F,Jesús María,juanolmo@yahoo.com,2023-05-06,Platinum
C1317,Hermenegildo Guillén Hoz,25,M,Pueblo Libre,federico24@yahoo.com,2022-12-23,Silver
C1318,Apolinar Juan Pedrero,28,M,Surquillo,maria-pilar24@hotmail.com,2024-01-02,Básico
C1319,Loida Bermudez Alba,33,F,Callao,otiliarobledo@hotmail.com,2022-03-14,Gold
C1320,Maricela Porta Farré,28,F,San Borja,candido00@paredes.es,2023-02-28,Silver
C1321,Juan Antonio Esteve,33,M,Los Olivos,isaias66@yahoo.com,2023-05-09,Platinum
C1322,Casemiro Calvo,26,M,San Isidro,vamores@yahoo.com,2024-04-13,Platinum
C1323,Charo Palomar Mendoza,34,F,Pueblo Libre,joaquin41@novoa.es,2022-12-17,Silver
C1324,María Vicente Aguirre,18,M,Comas,uriapia@hotmail.com,2023-12-30,Platinum
C1325,Rodrigo León Osuna,34,M,San Borja,silvestremateu@riquelme.com,2023-04-20,Gold
C1326,Javi Querol,30,M,Los Olivos,jgrande@varela.com,2022-11-12,Platinum
C1327,Francisco Jose José María Oliva Osorio,35,M,Surco,ribesmoreno@hotmail.com,2023-12-03,Platinum
C1328,Dorita Jordán Santos,31,F,Callao,jimena49@delgado.es,2023-11-08,Básico
C1329,Artemio Salcedo Botella,22,M,Surquillo,noelia01@villalonga.com,2022-05-23,Básico
C1330,Gerardo Cortes Ocaña,20,M,SJL,inocencio08@solera-mascaro.es,2023-06-29,Gold
C1331,Belén Gonzalo Esteban,35,F,San Borja,ktovar@hotmail.com,2023-04-03,Silver
C1332,Francisco Múñiz Páez,26,M,La Molina,zacariasarana@yahoo.com,2023-08-07,Gold
C1333,Gabriela del Soriano,27,F,Surco,pascual22@hotmail.com,2023-08-20,Básico
C1334,Martina Santiago Amor,20,F,Surquillo,xpaz@jerez-tome.com,2022-10-29,Básico
C1335,Luisina Camila Aranda Castell,33,F,Miraflores,rosenda67@arce.com,2022-01-01,Gold
C1336,Ale Garzón Lumbreras,25,M,Surquillo,marcoarnal@infante-manzano.com,2022-02-01,Silver
C1337,Jordana Rosaura Beltran Corbacho,34,F,Breña,tejadaregulo@domenech-gallardo.es,2023-10-03,Gold
C1338,Mireia Cortes Gómez,28,F,Breña,valbuenaprimitivo@gmail.com,2023-03-22,Silver
C1339,Agustín del Núñez,31,M,Los Olivos,cayetanoespana@cobos-casanovas.com,2022-07-12,Platinum
C1340,Candela Abril Bravo,29,F,Los Olivos,godofredo57@posada.com,2022-10-23,Silver
C1341,Chucho Perelló Alvarado,16,M,Surco,murilloyaiza@maza.org,2023-10-26,Básico
C1342,Silvestre Riba Alemán,31,M,Callao,wbarcena@mateo.com,2023-03-24,Silver
C1343,Sosimo Gutiérrez,20,M,Callao,upallares@casals-izaguirre.com,2024-04-05,Platinum
C1344,Consuela Cortes Alcolea,35,F,San Miguel,ripollamada@hotmail.com,2023-03-12,Silver
C1345,Cecilia de Armas,32,F,Breña,eliasjudith@valbuena.com,2023-07-20,Platinum
C1346,Liliana Bermejo Rodrigo,27,F,San Isidro,maristela97@hotmail.com,2022-07-10,Platinum
C1347,Fortunato Crespo Luís,34,M,SJL,virgilio34@villalba-chico.com,2024-05-17,Silver
C1348,Josefina Cáceres,29,F,San Miguel,bertranvictoria@hotmail.com,2023-07-14,Gold
C1349,Marcelino del Duarte,17,M,San Borja,vilaltaconcepcion@benavente-pedro.com,2023-05-10,Gold
C1350,Jeremías Díez Román,34,M,SJL,alvarezrosario@yahoo.com,2023-12-09,Básico
C1351,Samuel del Pinedo,32,M,Surquillo,walter42@hotmail.com,2024-02-08,Gold
C1352,Encarnacion Armengol Somoza,32,F,Surco,arseniocortina@alcalde-casanova.net,2023-06-20,Básico
C1353,Custodio Robledo Domingo,31,M,Callao,amayapons@hotmail.com,2024-01-30,Básico
C1354,Nidia Pascual Plana,35,F,Miraflores,rmaestre@sala.com,2022-12-18,Básico
C1355,Fortunata Cano Sosa,30,F,Lince,gjimenez@gmail.com,2023-04-26,Gold
C1356,Francisca Folch-Alcalá,27,F,Pueblo Libre,nfuente@yahoo.com,2022-10-29,Gold
C1357,Pastor Ochoa Arribas,17,M,Comas,santos84@gmail.com,2023-09-04,Gold
C1358,Daniela Bastida Delgado,17,F,Callao,joaquinaborja@gmail.com,2023-04-30,Silver
C1359,Benjamín Soto Carrillo,25,M,Pueblo Libre,encarna83@yahoo.com,2024-01-26,Básico
C1360,Tamara del Arnaiz,31,F,Surco,francisco-jose80@yahoo.com,2022-05-10,Básico
C1361,María Pilar Figueras Soler,24,F,Los Olivos,abiliotrujillo@escribano.com,2023-09-23,Gold
C1362,Sonia Gimenez Casas,24,F,Miraflores,amorabilio@yahoo.com,2024-01-30,Básico
C1363,Albino de Terrón,34,M,Comas,ortegaporfirio@hotmail.com,2022-06-04,Platinum
C1364,Fabiola Gargallo Castrillo,21,F,La Molina,hmontes@vega.net,2024-03-12,Silver
C1365,Pilar Batlle Hierro,21,F,Pueblo Libre,jovitarodrigo@yahoo.com,2023-06-25,Básico
C1366,Evita Izaguirre Tamayo,18,F,Los Olivos,telmobarros@silva-alegria.es,2023-09-02,Silver
C1367,Genoveva Yáñez Porcel,29,F,Pueblo Libre,manzanaresjose-manuel@hotmail.com,2023-01-28,Silver
C1368,Abril Ordóñez-Hernandez,21,F,San Isidro,tbou@banos.es,2023-08-15,Gold
C1369,Seve Cortina Izquierdo,24,M,Pueblo Libre,arcosreyna@hotmail.com,2024-04-19,Básico
C1370,Melchor Gimeno Romeu,21,M,SJL,herminio52@gmail.com,2023-02-13,Platinum
C1371,Ani Niño Neira,31,F,Comas,xmarcos@mendez-mendez.com,2024-02-10,Silver
C1372,Luisa Hoz Portero,28,F,SJL,ximenamancebo@hotmail.com,2022-09-26,Silver
C1373,Maribel Milagros Sandoval Aguado,16,F,La Molina,angelitacalleja@gmail.com,2024-03-27,Platinum
C1374,Ximena Pavón Llorente,26,F,Lince,tristanrovira@vergara-lumbreras.com,2023-12-01,Básico
C1375,Augusto Blanco,33,M,Callao,espadagaspar@castell-amaya.com,2022-12-29,Platinum
C1376,Concepción Garcia Cruz,26,F,La Molina,elisabetamor@mari-echevarria.org,2022-10-01,Básico
C1377,Sandra Santana Ros,34,F,Breña,vmilla@gmail.com,2023-04-18,Silver
C1378,Sandalio Valls,32,M,Jesús María,barberaraquel@cardenas.es,2023-11-25,Silver
C1379,Elvira Marcia Ángel Bastida,33,F,Miraflores,adelaida74@gmail.com,2023-11-20,Básico
C1380,Maximiano Arteaga Castells,16,M,Breña,rmosquera@yahoo.com,2022-04-11,Básico
C1381,Ignacia del Barbero,27,F,San Isidro,mgrau@gmail.com,2024-01-13,Gold
C1382,Gala Carballo Reig,22,F,Miraflores,zplaza@hotmail.com,2022-01-25,Básico
C1383,Humberto Polo-Conde,35,M,Callao,rbermejo@peralta.org,2024-05-05,Silver
C1384,Baldomero Chacón Marí,19,M,Surco,jvizcaino@pereira-losa.org,2024-05-26,Silver
C1385,Graciela Borrego Lozano,34,F,Pueblo Libre,duranflorentina@fuertes.net,2022-07-09,Básico
C1386,Jacobo de Guerrero,24,M,La Molina,valero31@hotmail.com,2023-04-24,Básico
C1387,Azahara Valenciano-Torralba,24,F,Pueblo Libre,danilo55@gutierrez.org,2023-03-14,Gold
C1388,Gertrudis Monreal-Duque,21,F,Pueblo Libre,agutierrez@yahoo.com,2022-03-17,Gold
C1389,Nazaret Barberá Gomila,28,M,Breña,federicoalcaraz@bou.es,2022-12-07,Básico
C1390,Lorena del Campos,24,F,Los Olivos,maximino78@salas.es,2023-03-28,Básico
C1391,Marisol Abellán Gallart,22,F,San Borja,alfredo05@yahoo.com,2023-02-07,Silver
C1392,Ricarda Alondra Molins Baeza,19,F,Los Olivos,ariadnaheredia@gmail.com,2023-07-08,Platinum
C1393,Ángel Julián Vega Andrés,35,M,Callao,salvadorroberto@hotmail.com,2022-04-19,Platinum
C1394,Ani Castelló-Carreras,19,F,Miraflores,inesmorales@mosquera-bilbao.es,2022-03-16,Básico
C1395,Remedios Tenorio Cabo,30,F,Miraflores,duartevictoriano@vargas.es,2023-05-25,Silver
C1396,Urbano Amo Millán,17,M,Callao,barcolaura@hotmail.com,2023-02-04,Gold
C1397,René Nebot Ferrero,26,M,San Miguel,peraltaeutimio@catalan.com,2023-02-05,Básico
C1398,Feliciana Talavera-Arcos,31,F,Breña,melaniagarces@gmail.com,2023-02-18,Básico
C1399,Donato Mariño-Baeza,16,M,Breña,andresmorata@gmail.com,2023-12-07,Platinum
C1400,Dan Martorell Barriga,34,M,Lince,yesicaacero@gmail.com,2023-01-03,Gold
C1401,Marina Ledesma Soria,28,F,Miraflores,consuelo29@puente.es,2023-10-10,Básico
C1402,Xiomara Serrano Galindo,33,F,Surquillo,chuchogascon@barral.es,2022-12-15,Básico
C1403,Marisela Avilés Piñeiro,25,F,Callao,geraldo77@hotmail.com,2022-07-27,Silver
C1404,Alcides Rojas Grande,28,M,Callao,rocamaxi@mendoza.com,2022-07-15,Gold
C1405,Purificación Amorós Domingo,19,F,Callao,roperoalmudena@barrios.es,2023-12-07,Gold
C1406,Inés Solano Guillén,18,F,San Miguel,haroldo77@sarabia-sarmiento.es,2023-10-10,Platinum
C1407,Calisto Feijoo Peinado,20,M,Miraflores,castellanosruperta@gmail.com,2022-07-17,Básico
C1408,Florentino de Vergara,31,M,Breña,hjuan@briones-criado.net,2022-03-06,Gold
C1409,Mercedes Rosselló Soria,33,F,Surquillo,mtomas@amoros-ros.net,2024-04-11,Platinum
C1410,Cornelio Villegas Jaén,17,M,Jesús María,sanchezsegismundo@yahoo.com,2022-02-27,Gold
C1411,Arsenio Acevedo Báez,28,M,Surco,maria-del-carmenmartorell@guzman.es,2022-08-05,Platinum
C1412,Eduardo Amaya Torralba,34,M,San Isidro,adelaidaoller@yahoo.com,2022-03-15,Básico
C1413,Luís Niño Estévez,31,M,Callao,ppriego@hotmail.com,2022-01-20,Platinum
C1414,Adolfo Vaquero-Peralta,23,M,Comas,franciscacanovas@narvaez-salazar.com,2023-10-27,Silver
C1415,Calisto Escribano Cabezas,21,M,Callao,prudenciaayala@salamanca-clavero.com,2022-02-21,Gold
C1416,Luis Miguel Cantón Perales,30,M,San Borja,jose07@hotmail.com,2022-06-24,Básico
C1417,Dimas Criado Mesa,19,M,SJL,yribes@yahoo.com,2023-09-02,Silver
C1418,Jose Manuel Mateo-Chaves,22,M,Breña,mateumaribel@hotmail.com,2022-12-12,Platinum
C1419,Brunilda Acevedo Díez,19,F,Callao,losadaestrella@yahoo.com,2023-08-13,Silver
C1420,Javiera Salgado Ferrández,22,F,Pueblo Libre,pacocozar@gmail.com,2022-02-16,Silver
C1421,Lupe Bautista Benavides,18,F,Surco,jaimeleon@rosello.com,2022-10-08,Silver
C1422,María Jesús Rico Ferrán,21,F,Comas,adelaida83@hotmail.com,2023-01-14,Silver
C1423,Rafaela Ibañez Contreras,23,F,San Miguel,gala15@yahoo.com,2023-08-19,Básico
C1424,Roldán del Arribas,19,M,Pueblo Libre,ebermudez@somoza.com,2024-05-17,Platinum
C1425,José Manuel del Cabanillas,16,M,San Miguel,guadalupe75@yahoo.com,2023-05-14,Básico
C1426,Felipe Anguita Vara,16,M,Los Olivos,adalberto51@gmail.com,2022-04-02,Gold
C1427,Estefanía Morillo Girona,31,F,Comas,vallesrufina@salas-bello.com,2022-05-10,Silver
C1428,Asdrubal del Puga,24,M,Lince,campoyjose-manuel@simo.org,2023-04-07,Platinum
C1429,Cirino Tormo Vázquez,21,M,San Borja,vrozas@hotmail.com,2023-12-10,Básico
C1430,Juan Bautista del Piñeiro,31,M,San Borja,marquezrogelio@yahoo.com,2022-04-01,Gold
C1431,Remedios Diez Cervantes,29,F,Miraflores,sergioalcolea@briones.com,2023-07-26,Silver
C1432,Teodosio Sanabria Álvaro,19,M,Lince,alcazarmaximiano@galvan.net,2022-04-08,Gold
C1433,Nilo Fuentes Bejarano,30,M,Pueblo Libre,tomas35@hotmail.com,2023-10-04,Silver
C1434,Manuela Roberta Urrutia Torres,17,F,San Isidro,mayte66@perez.org,2022-04-26,Silver
C1435,Rosalinda del Jordán,31,F,Los Olivos,zcalleja@gargallo-cruz.net,2022-06-13,Básico
C1436,Leoncio Iniesta Bayón,27,M,La Molina,carreteromilagros@hotmail.com,2022-08-03,Platinum
C1437,Florina Pérez-Vives,26,F,San Borja,natalio46@diego.com,2024-04-04,Platinum
C1438,Jose Francisco de Camino,19,M,Comas,yherrero@hotmail.com,2022-02-23,Silver
C1439,Patricio Arranz Girona,16,M,SJL,jcodina@hotmail.com,2023-06-12,Básico
C1440,Eutropio Diez Alfonso,23,M,Comas,faustino23@yahoo.com,2023-04-01,Gold
C1441,Ángeles Ribes Almeida,22,F,Comas,leonorortiz@bru-moliner.net,2023-11-25,Gold
C1442,Dan Carreño Pino,19,M,Jesús María,realjeremias@cuellar-cabanillas.com,2022-08-22,Básico
C1443,Emigdio Sanchez Caparrós,29,M,Surquillo,flavia65@gmail.com,2022-07-24,Platinum
C1444,Telmo Correa Chamorro,18,M,SJL,ambar26@hotmail.com,2023-08-23,Platinum
C1445,Artemio Donaire Gálvez,29,M,Los Olivos,dionisio45@salcedo-correa.es,2022-08-10,Platinum
C1446,Leandro Alcázar Ferrando,28,M,Jesús María,vilaplananerea@salva.net,2022-05-20,Platinum
C1447,Adolfo Heredia Palomino,27,M,La Molina,juan-carlosbarroso@gmail.com,2022-07-27,Gold
C1448,Quirino Guillen Barón,17,M,Comas,terroneladio@hotmail.com,2023-08-06,Básico
C1449,Vicenta de Iriarte,20,F,Surco,ortunoartemio@yuste.com,2024-05-22,Platinum
C1450,Obdulia Perelló Nevado,29,F,Los Olivos,criadojose-luis@hotmail.com,2024-02-18,Gold
C1451,Lucho Galván Portillo,25,M,San Borja,gonzalopascuala@hotmail.com,2022-06-10,Silver
C1452,Gerardo Marquez Llorente,18,M,Breña,uriabenito@yahoo.com,2024-05-27,Platinum
C1453,Plinio de Velasco,34,M,SJL,masalexandra@lorenzo.com,2024-05-07,Platinum
C1454,Socorro Robles Baquero,16,F,Comas,cloeflor@montana.com,2023-03-15,Silver
C1455,Dan Vicens,26,M,Breña,rosalinavillanueva@gmail.com,2023-08-17,Silver
C1456,Danilo Sáenz Prieto,34,M,San Miguel,berenguerhilda@olivares.es,2022-01-06,Platinum
C1457,Bernabé Cabezas,17,M,SJL,edelmirosebastian@ramirez.es,2024-01-22,Básico
C1458,María José Espejo Tolosa,32,F,Breña,epedrosa@llorente.net,2023-05-06,Básico
C1459,Milagros Serna Arnaiz,31,F,San Isidro,brionesanastasio@aramburu.com,2022-03-27,Básico
C1460,Débora Guadalupe Porta Lucena,22,F,Los Olivos,jose-antonio18@yahoo.com,2023-01-03,Gold
C1461,Atilio Aznar Beltran,18,M,Miraflores,valenzuelaalcides@sierra-cerdan.es,2023-05-07,Gold
C1462,Lázaro Lorenzo Rodrigo,30,M,Surquillo,bernardoborja@yahoo.com,2023-08-08,Básico
C1463,Nayara Moliner-Madrid,30,F,Pueblo Libre,rodaisaac@canete.es,2022-05-22,Platinum
C1464,Balduino Noguera Zurita,27,M,Callao,yquintana@campoy.org,2023-04-21,Básico
C1465,Paulino Carvajal Mateo,28,M,San Miguel,wtomas@jara.es,2023-12-09,Gold
C1466,Gabriel Catalán Estévez,25,M,Breña,galoguzman@yahoo.com,2024-02-10,Gold
C1467,Ruy Lloret Escamilla,18,M,San Borja,ritabravo@riquelme.com,2022-12-10,Básico
C1468,Rocío Vera Barba Guerra,17,F,Surco,puentetadeo@gmail.com,2023-01-28,Gold
C1469,Josefa Ledesma Mayoral,35,F,Miraflores,consuelobaeza@luque-pomares.com,2023-01-10,Gold
C1470,Agapito Tejero,33,M,Comas,candida37@hotmail.com,2022-03-10,Silver
C1471,Ruperto Carro-Novoa,26,M,San Isidro,tomeloida@hotmail.com,2023-07-07,Básico
C1472,Fortunata del Barberá,34,F,Surquillo,gimenezemiliana@alberola-benavente.es,2023-12-21,Silver
C1473,Victor Nadal Tomé,26,M,Jesús María,bpavon@yahoo.com,2022-10-01,Platinum
C1474,Regina Vives-Vallejo,17,F,Surco,bmercader@folch-sotelo.es,2023-01-17,Gold
C1475,Belen de Baeza,31,F,Lince,consuelo25@gmail.com,2023-06-24,Básico
C1476,Silvia Torrijos Roldán,33,F,Callao,gcaro@yahoo.com,2024-04-25,Gold
C1477,Julia Marti Cueto,35,F,Jesús María,pmoll@belda-pujadas.com,2024-03-30,Básico
C1478,Reyes Arellano Rius,30,M,Surco,cecilia95@yahoo.com,2022-03-24,Platinum
C1479,Jacobo Infante Conesa,25,M,Surco,palaciosglauco@belmonte-prada.org,2022-04-22,Silver
C1480,Ángela Losada Castro,19,F,Comas,florencia46@arellano-rueda.com,2022-06-01,Platinum
C1481,Santiago Valderrama-Jordá,22,M,Lince,kmendizabal@yahoo.com,2023-10-05,Básico
C1482,Reyes Enríquez,29,F,Callao,elluch@peinado.com,2023-07-09,Silver
C1483,Vicenta del Luján,27,F,Breña,torolorena@bayon.com,2023-03-31,Básico
C1484,Lorena del Rojas,22,F,Surco,eligiacastells@hotmail.com,2022-01-23,Silver
C1485,Inmaculada Palomino Casanovas,29,F,San Borja,noealmagro@hotmail.com,2022-12-18,Gold
C1486,Cayetana Hernandez,34,F,Callao,aguilomanuelita@hotmail.com,2023-12-15,Platinum
C1487,Lola Montenegro Rueda,25,F,San Borja,baldomeromurcia@peral.com,2022-05-16,Gold
C1488,Chema Esteban Jara,24,M,San Isidro,cintiacabo@salazar.org,2023-05-11,Gold
C1489,Josefina de Company,17,F,Los Olivos,carmelo36@rios.es,2022-12-28,Gold
C1490,Vilma Rebollo Márquez,21,F,San Borja,ursula64@gmail.com,2022-06-14,Gold
C1491,Marcelo de Martin,21,M,Surquillo,maximinozabaleta@leiva-soto.com,2023-12-27,Silver
C1492,Jose Angel Losa-Piñol,23,M,Surco,verduarmando@sobrino.es,2022-02-12,Gold
C1493,Ale Pepe Azorin Echevarría,30,M,La Molina,pascuala31@suarez.com,2023-01-14,Silver
C1494,Tomás Calvet Mesa,33,M,Comas,salomplacido@hotmail.com,2022-02-05,Gold
C1495,Susana Pallarès Conde,20,F,Jesús María,emilia82@martorell.es,2023-04-05,Silver
C1496,Emiliana Marqués Quintana,19,F,San Miguel,ofonseca@vicens-tamayo.es,2022-01-26,Platinum
C1497,Maristela Ponce Arregui,20,F,SJL,faragon@gmail.com,2022-11-24,Silver
C1498,Albert Palomino Alfonso,33,M,Lince,sorianobenita@yahoo.com,2022-12-06,Gold
C1499,Visitación Rosell Pineda,25,F,Pueblo Libre,tomaseusebia@cuenca-otero.com,2023-08-11,Silver
C1500,Mireia Costa Borrego,26,F,Comas,gamezema@carreno.com,2022-04-26,Platinum
C1501,David de Tolosa,20,M,Callao,gocana@duran-jerez.com,2023-07-19,Básico
C1502,Ascensión Riba Campoy,16,F,Breña,kmartinez@quesada-hervia.com,2023-09-25,Silver
C1503,Charo Casanova-Narváez,27,F,Surco,herranzprudencia@gmail.com,2022-12-01,Básico
C1504,Gerardo Bertrán Iñiguez,34,M,Lince,galveznadia@gmail.com,2022-08-16,Gold
C1505,Heriberto Medina Espejo,16,M,Surco,armida19@arevalo.com,2023-07-06,Platinum
C1506,Demetrio Seco Ramirez,32,M,Breña,adora74@gmail.com,2022-07-19,Platinum
C1507,Griselda Garriga-Nevado,35,F,San Borja,andres-felipefuster@guardia.es,2023-06-08,Básico
C1508,Micaela Barragán Salazar,28,F,Los Olivos,gil71@yahoo.com,2024-01-04,Platinum
C1509,Crescencia Lara Camacho,28,F,Jesús María,alejandro65@yahoo.com,2022-01-13,Gold
C1510,Obdulia Pastor Palacio,27,F,La Molina,soledad02@luque.com,2023-04-02,Básico
C1511,Eutropio Santiago Barreda,30,M,Comas,dolorescalderon@moreno-parra.es,2023-03-02,Platinum
C1512,Benigna Guillen Falcón,21,F,Pueblo Libre,diezcayetano@carreras-marin.com,2024-01-16,Platinum
C1513,Eulalia de Batalla,20,F,Surquillo,veronica07@tellez-gelabert.es,2023-08-25,Básico
C1514,Gregorio Alemany Rozas,22,M,La Molina,riberacarlos@verdugo.com,2023-05-02,Gold
C1515,Horacio Flor Sacristán,34,M,Pueblo Libre,edelmiro81@yahoo.com,2023-01-20,Básico
C1516,Luis Ángel Beltran Collado,29,M,Callao,milagrosnogues@sanz-pol.org,2022-10-07,Platinum
C1517,Cesar Gonzalo Amo Sáenz,33,M,SJL,colomermaximino@cardenas-julia.net,2023-12-29,Silver
C1518,Isidoro Rosell Borrego,21,M,Surquillo,dcheca@sainz.com,2023-01-26,Gold
C1519,Calixta Almazán Flores,17,F,Surquillo,lisandrobejarano@santiago-zorrilla.org,2024-04-26,Gold
C1520,Isabel Barrera Cid,31,F,Lince,eulalia11@hotmail.com,2024-01-28,Platinum
C1521,Amaro Valencia,16,M,Pueblo Libre,jmas@gmail.com,2022-01-03,Silver
C1522,Lupita Carrasco,25,F,Callao,qmaestre@hotmail.com,2024-05-04,Platinum
C1523,Pedro Fonseca Solsona,25,M,Breña,wmarques@yahoo.com,2022-07-03,Platinum
C1524,Iker del Montenegro,16,M,Surco,irma66@gmail.com,2024-02-23,Gold
C1525,Felicia Montenegro Elías,18,F,San Borja,jodarhector@linares-baquero.es,2024-02-03,Gold
C1526,Olalla Fabra Gual,34,F,Breña,valeroeutropio@prada-vives.com,2024-06-08,Gold
C1527,Dora Rosario Ribera Rosa,19,F,Jesús María,mohamedalcala@gmail.com,2023-06-09,Básico
C1528,Rosalía Perelló Bermudez,21,F,San Borja,xrico@gmail.com,2022-03-01,Silver
C1529,Eligia Rosado Ricart,30,F,San Miguel,roque45@barros-carretero.net,2023-12-11,Silver
C1530,Renata Zabala Calleja,21,F,Miraflores,amando98@mendez.net,2022-10-07,Gold
C1531,Paulina Vallés Gaya,27,F,Miraflores,cordobaluis@moles-almeida.net,2022-10-24,Gold
C1532,Javi Valle,32,M,San Isidro,mfrias@bravo.org,2024-02-24,Silver
C1533,Sebastian Vera Blazquez,35,M,Pueblo Libre,viviana05@piquer-sola.com,2022-06-21,Gold
C1534,Maricruz Casal Almeida,25,F,La Molina,gil95@sandoval.es,2023-12-03,Gold
C1535,Vito Pío Bustamante Ayuso,33,M,San Borja,dalila40@soler.es,2022-12-27,Silver
C1536,Rodolfo Valerio Pulido Palacios,20,M,Lince,graciano84@gmail.com,2022-10-16,Gold
C1537,Jennifer Camino Hoyos,29,F,Jesús María,rufino09@hotmail.com,2022-06-16,Básico
C1538,Aarón Berto Chacón Izquierdo,20,M,Lince,valderramaamor@yahoo.com,2022-08-15,Silver
C1539,Luciano Arnal Luna,29,M,SJL,valentinema@abellan.org,2022-03-20,Básico
C1540,Rodolfo Marcos Nuñez,16,M,SJL,masrosendo@gallardo.com,2022-12-23,Gold
C1541,Jenny Aller Peral,20,F,Surquillo,pbarral@vinas.com,2023-03-29,Gold
C1542,Poncio Barrera Pascual,25,M,Miraflores,santiagoenriquez@yahoo.com,2024-02-02,Básico
C1543,Anacleto Sanjuan Mendez,20,M,Surquillo,hjimenez@lara.com,2023-12-12,Silver
C1544,Jacobo Tenorio Mulet,25,M,Los Olivos,roldan34@hotmail.com,2022-08-03,Silver
C1545,Bartolomé Serrano Bueno,29,M,Comas,zjurado@caceres-francisco.net,2024-02-21,Básico
C1546,Andrés Felipe Peñalver Dueñas,16,M,Pueblo Libre,zchaparro@agusti.es,2023-05-11,Platinum
C1547,Mateo Toledo Barros,22,M,Surco,kmurillo@borrego-benavente.es,2022-02-03,Básico
C1548,Carla Suárez Abascal,19,F,San Miguel,lealbienvenida@blazquez.com,2022-09-17,Básico
C1549,Amancio Giménez Vara,25,M,Callao,glucas@sanchez-aguilo.es,2022-01-11,Básico
C1550,Eligio Tiburcio Cano Garriga,35,M,San Isidro,rafa65@barcena-blanes.com,2023-08-25,Silver
C1551,Luciano de Gonzalo,27,M,Miraflores,jesuspadilla@gmail.com,2022-04-03,Silver
C1552,Teodora Caro Campo,34,F,Jesús María,santosprudencio@blazquez-acero.com,2022-12-27,Silver
C1553,Marco Aristides Pla Amores,32,M,San Borja,jcantero@osorio.com,2022-03-11,Básico
C1554,Amado Cuadrado Galiano,32,M,San Isidro,jovitaramirez@silva.com,2024-01-03,Silver
C1555,Pía Pedraza Gallardo,21,F,San Miguel,rosalvarecio@rosales.net,2024-02-12,Básico
C1556,Samu Cabello Palomares,22,M,San Miguel,qdomenech@hotmail.com,2023-06-01,Platinum
C1557,Adoración Gonzalez-Armas,34,F,Los Olivos,corralmiguel@castells.org,2023-03-27,Básico
C1558,Maximiliano Olivé-Avilés,27,M,Breña,fcalderon@quintanilla.org,2023-03-11,Silver
C1559,Pepe Sanz Lastra,29,M,Surco,fprats@millan.com,2024-02-19,Gold
C1560,Gustavo de Boada,30,M,Surco,amador71@gmail.com,2023-06-17,Silver
C1561,Gema Fuster Guerra,27,F,Comas,jose-angel04@hotmail.com,2022-10-23,Básico
C1562,Chuy Vega-Catalán,26,M,SJL,mnarvaez@escalona-dieguez.net,2022-04-29,Platinum
C1563,Arcelia Begoña Beltran Bayo,30,F,San Borja,luciana27@santos.es,2024-01-24,Gold
C1564,Fabiana Figuerola-Carpio,23,F,Lince,santanajosep@conesa-hernando.com,2023-02-22,Gold
C1565,Montserrat Falcón Mosquera,22,F,Surquillo,mascarotomas@yahoo.com,2022-03-13,Platinum
C1566,Paola Catalá Fabregat,21,F,Miraflores,estebanpablo@hotmail.com,2023-11-22,Platinum
C1567,Adrián Marin Román,28,M,SJL,fibanez@gmail.com,2023-06-20,Básico
C1568,Albino del Quero,20,M,Breña,pangel@pinilla-salazar.com,2023-02-15,Básico
C1569,Alberto Bonilla,18,M,Jesús María,rrodenas@canizares.es,2022-07-23,Gold
C1570,Mauricio Alberola,35,M,Surquillo,davilaflorentina@yahoo.com,2023-02-18,Básico
C1571,Lalo Amor Barral,29,M,Comas,danielroldan@lasa.com,2023-05-27,Gold
C1572,Octavia Lasa Anglada,28,F,Jesús María,seguicalixta@hotmail.com,2023-05-03,Platinum
C1573,Alba Blasco Acedo,32,F,La Molina,benitezfelicia@hotmail.com,2022-05-31,Platinum
C1574,Martín Briones Buendía,19,M,La Molina,murciamarcelo@juan.net,2023-05-17,Platinum
C1575,Néstor Sierra Correa,20,M,Miraflores,ozamorano@nebot-mata.com,2022-04-12,Básico
C1576,Gaspar Estevez-Carrión,31,M,Callao,eulaliaosorio@hernando.org,2022-01-28,Silver
C1577,Pili Arenas-Sacristán,35,F,Callao,dvargas@yahoo.com,2022-12-01,Silver
C1578,Milagros Aguado Benitez,35,F,San Borja,larmengol@gmail.com,2022-04-09,Básico
C1579,Nieves Piñol Martorell,30,F,San Isidro,wgranados@gmail.com,2022-10-28,Platinum
C1580,Consuela Acevedo Romeu,32,F,La Molina,narcisocarro@hotmail.com,2023-07-10,Gold
C1581,Tomás Gallego Pulido,17,M,Breña,tpons@andrade.com,2022-05-02,Platinum
C1582,Maricela Esteban Sanmiguel,26,F,Surquillo,monterosimon@plana.es,2023-01-21,Platinum
C1583,Ofelia Arellano,17,F,Miraflores,gilabertmiriam@gmail.com,2022-07-01,Gold
C1584,Pepito Luz Alba,31,M,Breña,psantos@orozco.com,2022-05-18,Gold
C1585,Mamen Company Teruel,31,F,Pueblo Libre,ariel35@yahoo.com,2022-04-23,Platinum
C1586,Tatiana Fernández-Guzmán,31,F,Lince,visitacionpou@carrillo-rosales.com,2024-05-24,Silver
C1587,Bruno Céspedes,28,M,La Molina,quique70@hotmail.com,2023-05-22,Platinum
C1588,Macarena Solana Nicolau,25,F,Jesús María,planasestrella@hotmail.com,2022-03-04,Básico
C1589,Macario Águila Nadal,20,M,Surquillo,eugenia19@gmail.com,2023-01-11,Gold
C1590,Timoteo de Pizarro,26,M,Breña,fonthumberto@chamorro.es,2022-04-10,Platinum
C1591,Mónica Enríquez Pinilla,27,F,Breña,huribe@yahoo.com,2022-12-26,Básico
C1592,Galo Clemente-Bayona,23,M,San Isidro,piquerjovita@avila.com,2023-10-26,Gold
C1593,Gervasio Iniesta Santamaria,18,M,Surquillo,eugeniosanabria@bayona-suarez.com,2022-11-09,Básico
C1594,Lola Porcel Briones,21,F,Miraflores,oliveraseutropio@hotmail.com,2023-07-06,Gold
C1595,Ruperto Vaquero-Salgado,30,M,Callao,expositoiban@gmail.com,2024-06-03,Platinum
C1596,Vilma Samper Gálvez,24,F,Miraflores,bernardinoballesteros@aguado.es,2023-12-14,Platinum
C1597,Atilio Morales-Pavón,26,M,Breña,ehuerta@barriga.com,2023-08-08,Platinum
C1598,Celestina Cabanillas Ferrando,34,F,Surco,eladio49@hotmail.com,2024-04-07,Platinum
C1599,Patricio Seguí Torrens,22,M,Jesús María,larrearoman@gmail.com,2023-05-24,Gold
C1600,Darío Alcolea Montalbán,35,M,La Molina,kacevedo@rincon.org,2023-01-08,Platinum
C1601,Edgardo Torrijos Ripoll,31,M,Callao,alonsopedro@gmail.com,2024-05-17,Básico
C1602,Rubén Raya Lara,25,M,La Molina,ricarda04@nebot.org,2022-02-18,Gold
C1603,Herminia Gisbert Chico,23,F,San Borja,fabiana08@prieto.com,2024-01-31,Básico
C1604,Seve Calderón Carbajo,34,M,Jesús María,deboragaliano@yahoo.com,2022-10-07,Básico
C1605,Amanda Sola Royo,29,F,San Isidro,valbuenaanastasio@yahoo.com,2022-12-22,Básico
C1606,Calista Ana Villegas Blanca,32,F,Pueblo Libre,benigno05@soriano.org,2022-11-04,Platinum
C1607,Marisol de Mata,22,F,Breña,sabas95@roura-penalver.es,2023-02-16,Gold
C1608,Pacífica Sanz Trujillo,33,F,Los Olivos,arnaumarina@yahoo.com,2022-01-20,Silver
C1609,Ximena Serna,22,F,Callao,hoyosezequiel@ramos.com,2024-04-23,Platinum
C1610,Flor de Castejón,33,F,Pueblo Libre,fortunata19@gmail.com,2023-09-22,Platinum
C1611,Erasmo Salinas Tur,32,M,San Isidro,pontcalixta@suarez-bravo.net,2023-01-09,Platinum
C1612,Osvaldo Botella Baquero,23,M,Los Olivos,salesdaniel@hotmail.com,2024-02-04,Gold
C1613,Amelia Sarabia Vilar,29,F,Jesús María,qcapdevila@gmail.com,2024-05-30,Básico
C1614,Javi Alcalá-Chamorro,29,M,La Molina,leopoldo19@juan.es,2024-04-23,Gold
C1615,Benjamín Carnero Madrid,24,M,Callao,rvicens@yahoo.com,2023-09-08,Silver
C1616,Genoveva Alfaro Miralles,23,F,Surco,calixtamontes@yahoo.com,2022-06-03,Silver
C1617,Victorino Esteve,23,M,Pueblo Libre,corominasevelia@dominguez.com,2024-04-27,Gold
C1618,Encarnacion Rodriguez Díaz,31,F,Lince,iglesiasusana@chaves.com,2023-03-23,Platinum
C1619,Ezequiel Sevilla Sevilla,22,M,Los Olivos,itolosa@hotmail.com,2022-10-07,Silver
C1620,Severiano Romeu-Herrero,24,M,Pueblo Libre,rufina92@gmail.com,2024-04-02,Gold
C1621,Calisto Calleja Hernandez,17,M,Comas,solsonafatima@beltran-nogueira.org,2023-05-13,Básico
C1622,Rico Miralles Berrocal,18,M,Jesús María,reigignacio@sanmiguel.es,2023-09-09,Gold
C1623,Mario Jose Manuel Sola Somoza,29,M,San Miguel,gsantana@nunez.net,2023-01-08,Básico
C1624,Encarnita Sola Casanova,20,F,San Isidro,guadalupe24@gmail.com,2022-04-25,Básico
C1625,Blanca Palomar Hervás,31,F,San Miguel,luis-miguelcosta@yahoo.com,2022-04-03,Silver
C1626,Baltasar Galo Bonet Fonseca,26,M,Jesús María,lorenzaquevedo@ferran.es,2024-05-02,Platinum
C1627,Jorge Marcos Álvarez,29,M,San Isidro,marianela28@guzman.es,2022-05-28,Básico
C1628,Conrado Bustos Novoa,22,M,La Molina,fjordan@gabaldon.com,2023-03-27,Platinum
C1629,Tere Palomo Martin,34,F,Miraflores,penalverhipolito@yahoo.com,2023-05-18,Gold
C1630,Trinidad Gervasio Dávila Narváez,26,M,Lince,ncalvet@vigil.es,2023-03-10,Platinum
C1631,Hermenegildo Ballesteros,24,M,San Miguel,jordanabarrios@hotmail.com,2024-03-14,Silver
C1632,Laura Ayllón Mateo,31,F,Comas,slarranaga@pedraza.es,2023-01-12,Gold
C1633,Eladio Serna Cobos,35,M,Miraflores,esmeralda27@pinto.es,2024-05-11,Básico
C1634,Gilberto Pozo,24,M,Lince,nuneztiburcio@gmail.com,2023-01-29,Gold
C1635,Vera Perera Torrent,19,F,Lince,cabanillascoral@granados.es,2024-06-06,Silver
C1636,Fidela del Villena,28,F,Miraflores,camiloiglesias@gmail.com,2023-02-07,Gold
C1637,Obdulia del Adán,18,F,San Miguel,jberenguer@teruel.com,2024-04-22,Silver
C1638,Luciana Quiroga Gelabert,22,F,Surquillo,ddalmau@morante-acuna.net,2022-06-14,Platinum
C1639,Jovita de Calvet,29,F,Pueblo Libre,molinerfelisa@hotmail.com,2022-02-04,Gold
C1640,Amor Donato Sala Verdejo,31,M,SJL,patricia97@lloret.com,2024-01-25,Platinum
C1641,Ale Carrera Quevedo,29,F,San Miguel,onofrehurtado@gmail.com,2024-04-19,Básico
C1642,Maximiano España-Almansa,24,M,Lince,blanespaco@rosell.es,2022-03-09,Gold
C1643,Eloísa Pineda-Rebollo,35,F,Comas,adora38@gmail.com,2024-04-12,Gold
C1644,Ema Serra Gabaldón,16,F,Pueblo Libre,cblanch@yahoo.com,2022-02-23,Silver
C1645,Laura Olimpia Medina Cisneros,20,F,Miraflores,qboix@hotmail.com,2023-02-15,Silver
C1646,Feliciana de Capdevila,26,F,San Borja,irenesegovia@hotmail.com,2022-03-26,Básico
C1647,Jose Carlos Rosell Miguel,23,M,Lince,rufina36@yahoo.com,2024-01-01,Silver
C1648,Marcela Somoza Bosch,26,F,SJL,qmacias@soto.com,2023-05-05,Silver
C1649,Itziar Caballero Prat,21,F,Callao,inigosarabia@yahoo.com,2023-08-31,Gold
C1650,Clarisa Abellán Gimeno,22,F,Surco,poncio42@marin.es,2023-03-01,Gold
C1651,Miguel Ángel Sosa Gallardo,28,M,San Miguel,sevillaclimaco@yahoo.com,2023-01-22,Silver
C1652,Eladio Santiago Manso,16,M,San Miguel,teodoracalzada@gmail.com,2023-07-26,Silver
C1653,Fabián Novoa-Nogués,30,M,San Isidro,hectorrodenas@gomez.com,2022-09-26,Silver
C1654,Maximino Saturnino Pozuelo Pacheco,28,M,San Borja,galbero@gmail.com,2023-03-16,Gold
C1655,Sergio Padilla-Menendez,18,M,Jesús María,jose14@solano.org,2022-06-24,Básico
C1656,Narciso Macias,32,M,Breña,aureliano58@chaves.es,2024-03-02,Platinum
C1657,Rocío Leandra Saldaña Bertrán,19,F,San Isidro,cristian62@gmail.com,2024-01-01,Silver
C1658,Lalo Losada Barranco,24,M,La Molina,haroldoreina@hotmail.com,2024-02-04,Platinum
C1659,Remedios Galindo Rivas,20,F,Breña,dalilabustamante@benitez.net,2024-05-26,Silver
C1660,Ciro Planas Abril,25,M,Comas,ale75@yahoo.com,2023-11-25,Silver
C1661,Raquel Rocamora Bartolomé,21,F,Breña,spuig@gmail.com,2024-03-22,Silver
C1662,Dani Miralles,25,M,La Molina,segoviajacinta@agullo.es,2022-08-30,Platinum
C1663,Geraldo Niño Azorin,27,M,San Borja,alehigueras@puerta.es,2023-12-02,Platinum
C1664,Leonardo Nevado Montenegro,16,M,SJL,zairajuarez@simo.org,2022-05-17,Gold
C1665,Lourdes Rosado Andres,22,F,Comas,karroyo@llobet.com,2023-01-28,Platinum
C1666,Julie Bustamante,18,F,Surco,dazorin@yahoo.com,2023-07-25,Básico
C1667,Simón Caparrós Ponce,26,M,San Miguel,cordobatania@yahoo.com,2022-08-29,Platinum
C1668,Tamara Arévalo Galvez,35,F,Callao,ismael44@bueno-cisneros.es,2024-04-01,Básico
C1669,Américo Lerma,24,M,Lince,jroyo@sancho.com,2023-09-27,Platinum
C1670,Ariadna Quero Cervantes,28,F,Callao,valencianoalmudena@heras-pineiro.net,2023-01-15,Silver
C1671,Cristóbal Arjona,34,M,Los Olivos,mcespedes@gmail.com,2022-09-24,Silver
C1672,Macarena Ugarte Rebollo,26,F,San Miguel,jose-mariibanez@codina.es,2023-04-25,Silver
C1673,Evaristo Macario Puerta Chico,26,M,Comas,bertocastejon@santana.com,2023-06-28,Platinum
C1674,Mariano Piña Arce,24,M,Surco,nicodemomedina@tejera-bernat.com,2022-11-17,Básico
C1675,Maxi Criado Tomé,31,M,Surquillo,pia74@hotmail.com,2024-05-04,Gold
C1676,Amparo Cervera Díez,29,F,La Molina,rmiguel@monreal-bosch.es,2024-06-16,Gold
C1677,Montserrat Acedo Gallego,32,F,Jesús María,pgoni@yahoo.com,2023-03-23,Silver
C1678,Estefanía Cárdenas Catalá,31,F,Pueblo Libre,maximianoosuna@moran.org,2022-06-04,Platinum
C1679,Lucho Iñiguez Guerrero,22,M,Los Olivos,elisajara@gmail.com,2022-02-25,Silver
C1680,Javi Sarabia Duarte,17,M,SJL,claudiorivas@ramis.es,2022-09-24,Silver
C1681,Candelas Arco-Herrera,29,F,Surco,amayacueto@hotmail.com,2023-05-22,Básico
C1682,Guiomar Casandra Olmedo Sarmiento,27,F,Comas,floresjaviera@acevedo.net,2023-07-29,Platinum
C1683,Bernardita Belda Palomo,31,F,Surco,lillodani@yahoo.com,2024-05-16,Silver
C1684,Benjamín Benet Ibañez,27,M,Surco,zpozo@penalver.org,2022-07-28,Gold
C1685,Joaquín Jerónimo Lladó Ayala,21,M,Comas,calderonariadna@elias-montenegro.com,2023-06-05,Gold
C1686,Espiridión Rovira Tello,34,M,Miraflores,anabel74@yahoo.com,2023-06-23,Silver
C1687,Abigaíl Vara Acosta,18,F,San Isidro,cayetana95@borja.es,2024-02-26,Platinum
C1688,Íñigo Torrens-Mata,26,M,Miraflores,albert80@gmail.com,2022-10-19,Básico
C1689,Reina González Villalonga,27,F,San Borja,juanacriado@hotmail.com,2022-04-19,Gold
C1690,Nicodemo del Moraleda,16,M,Surco,gustavovillaverde@gmail.com,2023-04-17,Platinum
C1691,Pía Blanes Casals,24,F,San Borja,npareja@lorenzo.net,2023-11-05,Básico
C1692,Ofelia de Antón,17,F,Callao,nereida69@gmail.com,2023-09-30,Platinum
C1693,Javiera Salazar Iborra,34,F,Los Olivos,qlosa@hotmail.com,2022-08-05,Básico
C1694,Ainara Macías Soto,26,F,Pueblo Libre,salud84@yahoo.com,2022-02-26,Básico
C1695,Maribel Duque Ayuso,18,F,Breña,nicodemoperalta@gomez-pou.es,2022-09-19,Silver
C1696,Elías Pavón Arjona,28,M,Surco,macarenaripoll@garmendia.org,2022-01-22,Silver
C1697,Bautista Darío Haro Rodriguez,28,M,Pueblo Libre,merche56@yahoo.com,2023-02-17,Gold
C1698,Toribio Soler Vazquez,19,M,La Molina,emelinaortuno@echeverria-benitez.es,2023-05-18,Platinum
C1699,Benita Vilanova Trillo,35,F,Los Olivos,csolano@hotmail.com,2023-01-03,Básico
C1700,Jovita Canales Amigó,32,F,San Isidro,oliverascurro@yahoo.com,2023-05-17,Platinum
C1701,Vera Barreda Pujol,31,F,La Molina,rluis@hotmail.com,2023-07-31,Platinum
C1702,José Luis del Recio,29,M,Pueblo Libre,rbarba@yahoo.com,2023-01-13,Silver
C1703,Lola Fábregas Mir,29,F,Surco,doroteahervas@yahoo.com,2022-02-11,Gold
C1704,Tomasa Piñeiro Capdevila,23,F,Callao,olimpia12@hotmail.com,2023-12-04,Silver
C1705,Anselma Losada Mármol,32,F,Callao,prudenciomartinez@yahoo.com,2023-10-25,Básico
C1706,Calixta Quevedo Morillo,30,F,Breña,smata@ordonez.com,2022-03-23,Platinum
C1707,Serafina del Hernandez,20,F,Los Olivos,ovalderrama@gmail.com,2023-12-02,Gold
C1708,Óscar Figueras Oller,32,M,Breña,herediamodesto@noguera.es,2022-10-30,Básico
C1709,Virgilio Valcárcel Heredia,17,M,Lince,paulinosebastian@tamayo.es,2022-04-21,Platinum
C1710,América Narcisa Quintero Gimeno,19,F,SJL,jcamara@hotmail.com,2023-11-08,Gold
C1711,Leyre Aragón Bellido,24,F,San Borja,ocerro@hotmail.com,2022-03-25,Básico
C1712,Porfirio Luís Pareja,30,M,Los Olivos,ema51@rivero.com,2024-03-16,Silver
C1713,Lourdes Vázquez,17,F,Surco,emontoya@hotmail.com,2023-03-03,Gold
C1714,Elodia Osuna Cañete,34,F,Comas,ponssandalio@yahoo.com,2023-04-11,Platinum
C1715,Febe Jerez-Hervia,26,F,San Miguel,dulcechaves@llado-lucas.com,2024-06-11,Silver
C1716,Luis Miguel Vergara Cárdenas,21,M,Surco,graciana17@yahoo.com,2024-02-04,Gold
C1717,Sebastian Lobato Arribas,29,M,Lince,valenciavalentin@yahoo.com,2022-01-19,Básico
C1718,Marita Zorrilla,19,F,Miraflores,nadia66@rosales.com,2022-06-25,Platinum
C1719,Maura Hoz-Angulo,28,F,Surquillo,obellido@gmail.com,2023-11-05,Platinum
C1720,Estela González Hervás,35,F,Surquillo,jordana38@arnaiz.org,2023-09-24,Gold
C1721,Regina Andres Zabala,25,F,Surco,rafaelalumbreras@torrent-beltran.com,2022-05-09,Silver
C1722,Leonardo del Malo,22,M,Surco,alexandra29@amo.com,2024-04-15,Básico
C1723,Amador Pons Bernat,16,M,San Isidro,evita12@herrero-chacon.org,2023-05-08,Silver
C1724,Salomón Guitart Mena,29,M,Surquillo,infantemar@yahoo.com,2023-10-04,Silver
C1725,Ambrosio Cleto Uría Garzón,25,M,Pueblo Libre,mireiarosell@hotmail.com,2023-04-20,Silver
C1726,Teodora Miralles Gilabert,29,F,Miraflores,ceferino01@yahoo.com,2022-04-30,Silver
C1727,Óscar Iglesia Carbonell,30,M,SJL,rosalinda30@canizares.es,2023-04-28,Básico
C1728,Octavia Andrade Lara,34,F,San Isidro,gracielapalacios@noriega.com,2022-07-26,Gold
C1729,Raquel Otero-Gallego,17,F,Jesús María,fortunypastor@yahoo.com,2022-01-09,Básico
C1730,Encarnacion Ballester Barba,29,F,Surquillo,zaidagallart@cobos-frutos.com,2023-05-23,Gold
C1731,Augusto Heredia Bueno,31,M,Breña,primitivoreyes@boada-ordonez.es,2023-05-13,Platinum
C1732,Moisés Gracia Cornejo,17,M,Lince,placidosierra@pi.com,2022-01-20,Platinum
C1733,Tania de Salas,33,F,Surco,bbaquero@yahoo.com,2022-10-02,Platinum
C1734,Estrella Jaume Rovira,19,F,SJL,qiniguez@cal-mendizabal.net,2023-09-30,Gold
C1735,Etelvina Bauzà Heredia,29,F,Miraflores,vvelez@valdes.org,2022-06-15,Gold
C1736,Teobaldo Bejarano Sacristán,31,M,Jesús María,narnaiz@quiroga.org,2023-03-25,Silver
C1737,Victor Manuel Arranz Álvarez,34,M,San Miguel,vtamayo@mendez.com,2023-12-03,Gold
C1738,Evita Alcaraz Fernández,20,F,San Miguel,bonillaagustina@gomila.net,2022-10-28,Platinum
C1739,Viviana Montalbán Arnal,27,F,Pueblo Libre,rolando44@pi.com,2023-04-29,Silver
C1740,Duilio Barrena Miguel,25,M,Comas,bertoprado@yahoo.com,2024-02-07,Básico
C1741,Cruz Cases Alberto,20,F,Los Olivos,isauraarevalo@catalan-iniguez.org,2022-07-24,Silver
C1742,Irma Cruz Barco,19,F,Pueblo Libre,ucabrero@fuster.es,2023-03-02,Platinum
C1743,Lucía Valenzuela Amigó,23,F,San Isidro,dominguezjoaquina@amores-prat.es,2023-07-25,Básico
C1744,Saturnino Morillo Luz,27,M,San Miguel,cesar69@yahoo.com,2022-09-25,Gold
C1745,José Antonio Palacio Catalán,21,M,Surquillo,gnebot@pelayo-castaneda.com,2024-05-30,Básico
C1746,Efraín Martinez Marti,26,M,Breña,tbarcelo@gmail.com,2022-04-27,Silver
C1747,Haroldo de Rojas,33,M,San Isidro,gonzalojuan-manuel@gmail.com,2023-05-14,Gold
C1748,Fortunata Blanch Talavera,27,F,Pueblo Libre,teofilo29@sanz.net,2022-02-17,Gold
C1749,Marino Antúnez-Barragán,32,M,San Borja,zairavalle@hotmail.com,2023-11-17,Básico
C1750,Eligio Arana,30,M,Pueblo Libre,vito52@machado.es,2023-04-14,Básico
C1751,Goyo Feliu Navas,35,M,San Borja,yolandacatalan@hotmail.com,2024-03-11,Básico
C1752,Samuel Vigil Correa,32,M,Surco,susanitaalsina@yahoo.com,2022-06-21,Básico
C1753,Gerónimo Revilla Almazán,27,M,Los Olivos,gallartprudencia@farre.com,2024-01-16,Gold
C1754,Olalla de Piñol,32,F,SJL,conesaseveriano@segarra.org,2024-01-21,Básico
C1755,Epifanio Maza,27,M,Jesús María,aferrera@yahoo.com,2024-04-18,Silver
C1756,Benigno Tudela Jaén,22,M,SJL,lvilla@gascon.es,2023-03-02,Básico
C1757,Jacobo Iglesia-Osuna,31,M,Jesús María,mauraarmas@gmail.com,2022-10-21,Silver
C1758,Rodrigo Bejarano-Zabala,24,M,Jesús María,caboeutropio@gmail.com,2024-01-03,Platinum
C1759,Fabiola Ocaña Baquero,23,F,Los Olivos,rodolfo87@hotmail.com,2024-02-11,Platinum
C1760,Olegario Zabala Flor,20,M,Pueblo Libre,luisa41@caro.com,2023-03-16,Platinum
C1761,Aitana Melero,30,F,Surquillo,ismael09@nevado.es,2023-06-13,Gold
C1762,Martín Pera Fuente,30,M,Los Olivos,melendeztecla@villalobos.com,2024-02-28,Básico
C1763,Samuel Hoyos-Mateu,18,M,Jesús María,canoelodia@yahoo.com,2022-11-19,Platinum
C1764,Domingo del Benet,29,M,Miraflores,nmarquez@cuesta.com,2023-02-07,Básico
C1765,Buenaventura Villa Reyes,34,M,Miraflores,franchgabriela@espanol-baena.es,2023-10-09,Gold
C1766,Marcela Lopez,28,F,San Miguel,velazquezfelicia@hotmail.com,2023-11-29,Gold
C1767,Nidia Reguera,27,F,Miraflores,ledesmagoyo@escalona.com,2024-04-26,Gold
C1768,Alcides Coloma Rivera,28,M,SJL,segismundopalomar@ariza.org,2023-10-22,Silver
C1769,Marta Cueto-Mateos,27,F,San Miguel,bribes@acosta-palomares.es,2024-04-11,Platinum
C1770,Marco Briones Luz,25,M,Surco,melisaaparicio@hotmail.com,2022-02-07,Gold
C1771,Yaiza del Salinas,20,F,Lince,serafina72@gmail.com,2023-07-08,Gold
C1772,Juan Francisco Redondo Tena,18,M,Lince,apolinar96@mayol.net,2023-07-20,Gold
C1773,Ema Carlos Polo,21,F,Miraflores,laraaviles@garcia.es,2022-01-29,Gold
C1774,Severiano Armas Diego,25,M,Comas,armando74@yahoo.com,2023-03-09,Básico
C1775,Quirino Jafet Pinilla Sosa,27,M,La Molina,zmancebo@delgado.net,2023-10-05,Gold
C1776,Cruz Araujo Mulet,17,M,Pueblo Libre,cocasusana@yahoo.com,2023-10-29,Básico
C1777,Custodia Calvet Pacheco,25,F,San Borja,goyoavila@bonet-garriga.net,2024-01-25,Básico
C1778,Bienvenida Peiró Gordillo,26,F,San Isidro,armandotoledo@arrieta.es,2024-04-04,Silver
C1779,Amada Salgado Segura,25,F,La Molina,paula95@cabeza.com,2023-11-14,Silver
C1780,María Manuela Dalmau Acero,32,F,Comas,saavedraramon@tome-pacheco.es,2022-09-11,Básico
C1781,Tatiana Ariza Franco,32,F,San Borja,portairene@castello.com,2022-07-17,Gold
C1782,Cristina Laguna Hierro,19,F,Los Olivos,manu79@recio.es,2023-12-30,Platinum
C1783,Elba Gomis,18,F,Surco,alemandario@bermejo-jimenez.es,2022-03-05,Platinum
C1784,Jafet Carmona,31,M,San Isidro,constanza03@codina.org,2023-04-02,Básico
C1785,Aroa Valenciano Perera,32,F,Breña,sescribano@larranaga.com,2023-08-26,Platinum
C1786,Isabel Perea Arjona,34,F,SJL,ignaciopons@hotmail.com,2023-10-14,Platinum
C1787,María Cristina Ibarra Carrión,31,F,Comas,nacioayuso@pereira.com,2023-03-03,Silver
C1788,Segismundo Dominguez Carvajal,32,M,Los Olivos,diegoluciano@cueto.es,2023-05-12,Platinum
C1789,Victoriano Carbajo,32,M,Surquillo,hernandorossello@hotmail.com,2023-06-26,Básico
C1790,Vito Clavero Garay,30,M,SJL,herbertoarcos@nieto.com,2022-02-03,Silver
C1791,Begoña Sotelo-Herranz,19,F,San Borja,francisco-javier02@cerdan.net,2024-05-22,Platinum
C1792,Francisco Javier Ortiz Aguiló,19,M,Jesús María,alejandroverdu@hotmail.com,2023-08-09,Gold
C1793,Tito Ramón Carrillo,32,M,Los Olivos,hipolito06@quevedo-valenciano.es,2022-05-01,Gold
C1794,Ani Dorita Iñiguez Benito,27,F,La Molina,qvalverde@gmail.com,2022-10-29,Platinum
C1795,Haroldo Llabrés Robledo,20,M,Los Olivos,amarilissaavedra@roig-lumbreras.com,2024-03-13,Platinum
C1796,Pastor Benitez-Pont,25,M,San Miguel,cardonajudith@baro.com,2022-10-18,Silver
C1797,Jose Luis Ayllón Salazar,31,M,Miraflores,tristan97@sala.org,2022-05-06,Gold
C1798,Ale Morante Nuñez,17,M,Breña,saezloreto@yahoo.com,2023-05-08,Gold
C1799,Ruperta Ojeda Gil,26,F,Pueblo Libre,graciana06@yahoo.com,2023-01-22,Platinum
C1800,Lisandro Sigfrido Quirós Ramos,20,M,Lince,adelardo89@briones.es,2023-10-14,Platinum
C1801,Graciana Corral,30,F,Los Olivos,rosurbano@hotmail.com,2024-06-06,Gold
C1802,Lino Arenas-Alcaraz,35,M,Callao,qsaenz@hotmail.com,2023-10-01,Platinum
C1803,Socorro Gomez Jordán,23,F,San Miguel,mbenavides@dieguez-sierra.com,2023-02-09,Gold
C1804,Mariano Carrión Hervás,30,M,Comas,agudocebrian@gmail.com,2022-10-12,Básico
C1805,Román Moreno-Alemán,16,M,San Borja,fuertesmaribel@gmail.com,2023-10-08,Gold
C1806,Isaías Barrera,33,M,Surco,candido20@taboada.es,2022-07-17,Básico
C1807,Álvaro Sainz Hierro,31,M,Lince,amanciomascaro@yahoo.com,2022-01-20,Básico
C1808,Hernán Oller Pujol,16,M,La Molina,gnaranjo@corbacho-almansa.es,2024-03-16,Silver
C1809,Hernán Marcos Solano,34,M,SJL,manuela96@batlle-gallo.com,2022-03-28,Gold
C1810,Paz Priego Cobo,34,F,Miraflores,haroadriana@duarte.es,2023-05-19,Básico
C1811,María Manuela Campos Arranz,29,F,Los Olivos,fbenitez@hotmail.com,2023-03-01,Básico
C1812,Jesusa de Mora,28,F,La Molina,victor16@vilanova.com,2022-04-04,Básico
C1813,Alonso Cortés Beltran,33,M,Los Olivos,leocadiamedina@gmail.com,2022-10-20,Silver
C1814,Pío Viñas Canet,24,M,Pueblo Libre,palomocelestino@rico-moraleda.net,2022-04-02,Silver
C1815,Amelia Borrás Arellano,29,F,Callao,titoblasco@hotmail.com,2022-06-23,Básico
C1816,Ani Salvà Garzón,21,F,Miraflores,narenas@acero-escudero.com,2024-01-01,Básico
C1817,Dulce Cueto Villalonga,28,F,Surco,herviarosalina@vina.com,2022-11-24,Silver
C1818,Judith Olivé Uría,26,F,La Molina,cmanuel@aleman.net,2023-01-20,Básico
C1819,Jonatan Agustín Exposito,22,M,San Isidro,pavongertrudis@lobo.org,2024-02-10,Silver
C1820,Ana Cabrera-Torrecilla,32,F,Pueblo Libre,vmugica@gmail.com,2023-06-01,Platinum
C1821,Jorge Planas Montserrat,24,M,Miraflores,galamanzanares@gmail.com,2022-11-22,Platinum
C1822,Amelia Lamas Gómez,18,F,SJL,mirandabernardo@gmail.com,2022-01-30,Platinum
C1823,Florencio Aguilar Espada,16,M,La Molina,avazquez@gmail.com,2023-07-22,Básico
C1824,Tomás Perelló Montesinos,33,M,Callao,aniluque@yahoo.com,2024-03-15,Silver
C1825,Paulina Paz,34,F,Breña,cecilio05@yahoo.com,2023-04-02,Básico
C1826,Fito Alonso Nebot Arana,20,M,Jesús María,hervasolegario@yahoo.com,2023-07-08,Silver
C1827,Norberto Quintero Lloret,33,M,Breña,ngalvez@catala.com,2023-07-23,Platinum
C1828,Prudencio Duarte,16,M,Surquillo,piborra@hotmail.com,2023-04-21,Gold
C1829,Pío Salazar Salazar,16,M,Miraflores,ignacioolivares@gmail.com,2023-05-09,Gold
C1830,Teodora Aguirre Río,28,F,Jesús María,alberolasilvia@yahoo.com,2024-05-12,Silver
C1831,Bárbara Llorens Hierro,17,F,Los Olivos,rosalia35@hotmail.com,2024-01-27,Básico
C1832,Julia Vicens Baeza,18,F,Breña,colladogracia@yahoo.com,2023-12-17,Básico
C1833,Reyes Naranjo Carballo,33,M,La Molina,sribas@yahoo.com,2024-06-18,Platinum
C1834,Moisés Pujol Buendía,35,M,Lince,rprats@pina.es,2024-04-01,Gold
C1835,Asunción de Espinosa,24,F,Pueblo Libre,reynapenalver@borrego.es,2023-12-26,Platinum
C1836,Narcisa Cepeda-Castillo,23,F,Callao,alegreadolfo@gmail.com,2022-11-26,Gold
C1837,Hilario Durán Marco,30,M,San Borja,ortunoelisa@gmail.com,2022-12-03,Básico
C1838,Adán Santamaría,16,M,San Borja,zcarranza@beltran-nunez.es,2023-05-03,Básico
C1839,Agapito Alonso Cañizares Roma,21,M,Breña,matevictorino@yahoo.com,2023-07-24,Platinum
C1840,Abril de Herrera,33,F,Surco,noriegarebeca@berrocal.com,2024-03-17,Básico
C1841,Tadeo Redondo Galindo,30,M,Callao,pelayo28@bayona.org,2022-05-07,Gold
C1842,Gisela Cañizares Botella,35,F,Jesús María,natalio12@hotmail.com,2023-02-01,Silver
C1843,Adán Espinosa Medina,19,M,SJL,guadalupetrujillo@gmail.com,2023-01-15,Silver
C1844,Feliciana Segarra Linares,16,F,San Isidro,barreralisandro@torre-mayo.com,2024-01-31,Básico
C1845,Ainara Torrents,27,F,San Isidro,pelaezleticia@hotmail.com,2022-04-03,Gold
C1846,Hernán Esteban Quero Gilabert,23,M,SJL,cabezasmartirio@yahoo.com,2023-01-07,Básico
C1847,Soraya Mulet Cano,31,F,San Miguel,lourdes62@yahoo.com,2023-12-22,Silver
C1848,Román Vicente Castro Marqués,22,M,Surquillo,valbuenalorena@hotmail.com,2023-10-16,Platinum
C1849,Chucho Tovar-Valero,24,M,San Borja,giltorrijos@caceres-terron.es,2023-05-28,Platinum
C1850,Cristian Gracia Manzano,33,M,San Isidro,hjulian@gmail.com,2023-11-07,Silver
C1851,Rico del Raya,34,M,Los Olivos,salesaurea@yahoo.com,2024-02-03,Básico
C1852,Clímaco de Carmona,24,M,San Miguel,franciscovega@casado-amador.com,2023-08-07,Silver
C1853,Amparo Marin Mora,22,F,Surquillo,alicia17@yahoo.com,2023-11-26,Básico
C1854,Natividad Aguilar Cabello,33,F,San Miguel,canovasileana@pareja-acuna.es,2023-04-10,Básico
C1855,Rosario Flor Campos,17,F,Surquillo,alba43@aguado.org,2022-11-27,Platinum
C1856,Trinidad Morera,24,F,Surco,vicentatamayo@alberto.com,2023-11-28,Platinum
C1857,Felicidad Alberola Portero,27,F,Lince,francisca47@ballesteros.net,2024-02-17,Básico
C1858,Andrés Felipe Mendez Luna,17,M,La Molina,edu54@gmail.com,2023-03-07,Platinum
C1859,María José de Tomé,16,F,Breña,pizarroantonia@mateu-calleja.com,2022-07-19,Gold
C1860,Cristian Victor Manuel Rius Fuster,34,M,Pueblo Libre,jose-franciscopina@yahoo.com,2022-01-26,Silver
C1861,María Teresa Ferreras,18,F,San Miguel,zoraida13@yahoo.com,2022-09-13,Silver
C1862,Gaspar Chema Pareja Salamanca,26,M,La Molina,ojedasalomon@valbuena-sarabia.es,2022-03-06,Básico
C1863,Noé Mas Bellido,31,M,Breña,albablanch@torralba.com,2024-04-07,Básico
C1864,Teresita Milagros Terrón Arco,24,F,San Isidro,iris60@gmail.com,2022-04-21,Platinum
C1865,José Luis Goicoechea Lasa,26,M,Surquillo,ksole@leiva-cases.com,2022-02-25,Gold
C1866,Leopoldo Jódar-Saura,18,M,Pueblo Libre,silvaantonia@vina.org,2023-09-07,Platinum
C1867,Rodrigo Viñas Sáez,30,M,San Borja,micaeladomenech@yahoo.com,2022-05-08,Básico
C1868,Gabriel Baños Calatayud,17,M,Breña,cruzrico@hotmail.com,2022-11-17,Básico
C1869,Camilo Barragán Coello,17,M,San Miguel,barrioevelia@escribano.org,2024-04-01,Platinum
C1870,Sabas Gelabert Colomer,25,M,San Borja,guillenevita@rosales.org,2023-10-04,Platinum
C1871,Jesús Osorio Garay,19,M,Callao,priegoalonso@yahoo.com,2022-02-27,Básico
C1872,Paloma Roura-Benet,28,F,Breña,serafinaenriquez@fuentes.es,2022-04-09,Platinum
C1873,Felix Arévalo Castelló,35,M,Pueblo Libre,cardenaspili@hotmail.com,2023-11-07,Básico
C1874,Ariel Pombo Cerdán,28,F,SJL,rbermudez@hotmail.com,2024-03-25,Platinum
C1875,Curro Benitez Batlle,26,M,Callao,otapia@carbo-duenas.net,2023-11-23,Básico
C1876,Ainara Giralt Rocha,32,F,Jesús María,fmateos@mercader.org,2023-08-25,Silver
C1877,Silvestre Amorós,19,M,Miraflores,bustamanteconcepcion@riba.es,2023-09-02,Básico
C1878,Hilario Toledo Peinado,34,M,Los Olivos,hdiez@yahoo.com,2023-10-15,Gold
C1879,Eloísa Pedrosa,29,F,SJL,sescolano@solana.es,2024-01-13,Platinum
C1880,Ezequiel Arsenio Escribano Taboada,23,M,Los Olivos,castellsoriana@hotmail.com,2024-03-27,Básico
C1881,Marco del Canals,20,M,La Molina,avega@hervia-caballero.com,2023-08-22,Platinum
C1882,Elena Hilda Ureña Saldaña,25,F,San Borja,montenegrojesus@yahoo.com,2023-07-09,Silver
C1883,Ernesto Zaragoza-Tormo,31,M,La Molina,gimenomorena@hotmail.com,2023-09-10,Gold
C1884,Yaiza Nicolás Tovar,27,F,Miraflores,elenacontreras@arino.net,2023-06-15,Silver
C1885,Adelardo Cisneros Mesa,23,M,Lince,olegario34@gmail.com,2024-04-18,Básico
C1886,Edelmira Vidal-Pablo,27,F,San Isidro,gonzaloportero@hotmail.com,2022-07-25,Silver
C1887,Conrado Azcona Soria,26,M,San Isidro,rcorral@hotmail.com,2023-11-15,Platinum
C1888,Flora Royo Oliver,35,F,Comas,wocana@tolosa.com,2022-12-06,Gold
C1889,Marisol Priego,29,F,Jesús María,oliviaarino@cobos-barrena.com,2022-06-16,Básico
C1890,Purificación Saturnina Castejón Sotelo,17,F,SJL,glaucomugica@sevilla.com,2022-08-13,Básico
C1891,Cristian Cirino Calatayud Camps,23,M,SJL,maria-manuela01@oliveras.es,2023-10-01,Silver
C1892,Anselmo de Peñalver,31,M,Comas,jcanellas@valles.com,2024-02-26,Gold
C1893,Leandra Franco Pinedo,22,F,Breña,marquezmaximiliano@vendrell-palomino.com,2022-07-08,Básico
C1894,Javiera Puente Pareja,16,F,Surco,fcolom@yahoo.com,2023-01-02,Básico
C1895,Artemio Pedraza Batalla,20,M,La Molina,vivianatormo@dominguez-olivera.es,2023-03-27,Silver
C1896,Gloria Alcalá-Serra,17,F,Miraflores,emelinaecheverria@yahoo.com,2022-07-23,Silver
C1897,Calixta Peña Roman,21,F,San Isidro,iroman@riquelme-fortuny.com,2022-09-26,Silver
C1898,María José Castejón Viñas,33,F,San Isidro,osunasilvio@yahoo.com,2022-07-02,Silver
C1899,Maxi de Aller,21,M,Surquillo,xsarmiento@gmail.com,2022-09-26,Básico
C1900,Felix Antúnez Pou,20,M,Breña,varelalola@feliu.org,2023-11-02,Básico
C1901,Delfina Ledesma-Amador,22,F,La Molina,vcabanas@hotmail.com,2023-04-13,Silver
C1902,Cristina Solsona-Carbonell,27,F,Callao,nogueiravictor@canete.org,2022-06-25,Platinum
C1903,Tiburcio Bermudez Sancho,19,M,Los Olivos,lvargas@hotmail.com,2022-05-14,Silver
C1904,Salomón Salvà Blazquez,33,M,Breña,zrosello@yahoo.com,2023-12-13,Gold
C1905,Cintia Álamo Palmer,35,F,Breña,tatianaharo@olive.net,2023-10-14,Silver
C1906,Ovidio Agustín-Canals,35,M,San Borja,ariel27@gomila.net,2022-07-13,Gold
C1907,Íñigo Mateo Rosado,26,M,San Isidro,teodoro59@gmail.com,2022-02-24,Gold
C1908,Tito Valbuena Coloma,32,M,San Borja,pagudo@yahoo.com,2023-05-16,Silver
C1909,Hector Jover Torre,31,M,Pueblo Libre,ncastilla@arranz.es,2023-11-11,Básico
C1910,Custodio Catalán Cazorla,32,M,Breña,reinaasensio@andres.es,2024-02-09,Gold
C1911,Apolonia Perales Baños,32,F,SJL,dafne81@yahoo.com,2022-07-03,Gold
C1912,Javiera Alonso,32,F,Comas,wgarrido@recio.net,2023-05-10,Platinum
C1913,Jordana Arana-Vazquez,24,F,San Borja,solebenigno@hotmail.com,2023-02-15,Básico
C1914,Heriberto Mendez Nicolau,23,M,San Miguel,angelino30@castilla-villalobos.com,2022-07-27,Platinum
C1915,Eduardo Salgado Román,28,M,San Isidro,penasbonifacio@montesinos.com,2022-11-10,Platinum
C1916,Aurora Crespi Juan,34,F,Los Olivos,santamariamaria-angeles@hotmail.com,2024-05-12,Gold
C1917,Belen de Mendoza,33,F,Surco,terecomas@urrutia.es,2022-05-18,Básico
C1918,Apolonia del Lopez,30,F,Lince,isabelgalvan@hotmail.com,2022-12-27,Silver
C1919,Ciríaco Manjón Múñiz,30,M,Lince,lara43@hotmail.com,2023-09-29,Gold
C1920,Flor Piñeiro Cano,30,F,SJL,parejabenito@bermudez.net,2023-03-19,Platinum
C1921,Estefanía Solís Salazar,31,F,Jesús María,agueda29@gmail.com,2022-10-07,Platinum
C1922,León Cordero,21,M,SJL,callejaezequiel@peral.net,2022-08-28,Gold
C1923,Hugo Saura Viñas,27,M,San Miguel,emelina35@adan-aguilera.es,2022-03-26,Gold
C1924,José Manuel Cueto Font,24,M,San Miguel,aarias@ortiz.es,2022-08-22,Básico
C1925,Samuel Osorio,18,M,Jesús María,ysantana@poza.es,2022-02-09,Silver
C1926,Catalina Llano Amo,22,F,Callao,juan-luis52@gmail.com,2022-12-04,Gold
C1927,Bárbara Martí,24,F,San Isidro,franciscabarbera@yahoo.com,2023-12-24,Silver
C1928,Evelia del Pons,16,F,Pueblo Libre,felipe32@cerezo.net,2022-11-03,Gold
C1929,Lina Cañete Angulo,28,F,Breña,fcalatayud@perea.es,2024-04-21,Básico
C1930,Liliana Fortunata Vega Mariño,32,F,Pueblo Libre,susanitarobles@hotmail.com,2022-06-02,Platinum
C1931,Ceferino Briones Campos,23,M,Comas,anselma41@pombo.com,2024-02-07,Silver
C1932,Matilde Cuenca Solano,23,F,Lince,edumartorell@hotmail.com,2023-08-25,Platinum
C1933,Ana Sofía Linares-Benavent,26,F,Pueblo Libre,ohervas@albero-egea.com,2022-03-29,Gold
C1934,Fernando Torralba Valle,29,M,Pueblo Libre,amoresjosefina@ortiz-acero.net,2023-12-16,Platinum
C1935,Rosario Isidoro Pazos Ocaña,30,M,SJL,juanagata@ayllon-caceres.net,2024-05-23,Básico
C1936,Mamen Teresita Alcázar Vega,20,F,San Borja,saavedracandido@guillen.net,2024-06-13,Silver
C1937,Rosenda Navarro-Pou,16,F,SJL,xbayo@gmail.com,2024-04-09,Gold
C1938,Gala de Puig,23,F,Breña,dimaslarrea@galvan.org,2023-03-12,Platinum
C1939,Fátima Coca Alcalá,26,F,San Borja,ualcolea@lucas.com,2022-01-24,Básico
C1940,Basilio del Pinto,20,M,Jesús María,victorianomateu@guzman-blanch.com,2023-08-05,Platinum
C1941,Rosalina Portillo-Sanabria,22,F,Breña,camilavara@hotmail.com,2022-03-07,Platinum
C1942,Alfredo Arenas-Riera,31,M,Surco,donosonazaret@hotmail.com,2022-12-03,Platinum
C1943,Mirta Parra Esteve,18,F,Los Olivos,amigoevaristo@herranz.es,2022-04-17,Silver
C1944,Fausto del Avilés,35,M,SJL,guillermo65@giron.es,2022-01-28,Silver
C1945,José Ángel Perez Caparrós,18,M,San Miguel,cvalle@contreras.com,2023-01-31,Gold
C1946,Rafa Sainz Daza,23,M,La Molina,violeta38@hotmail.com,2023-11-07,Básico
C1947,Maristela del Puerta,17,F,Jesús María,borrellmanuelita@hotmail.com,2023-06-15,Básico
C1948,Leandro Garzón-Rodriguez,26,M,Surquillo,mamen73@llano.org,2023-02-25,Platinum
C1949,Benjamín Frías Huguet,19,M,Los Olivos,alejandro99@yahoo.com,2023-07-04,Platinum
C1950,Ruth del Prado,18,F,Breña,germanramos@comas.es,2024-06-05,Silver
C1951,Loreto Girona,22,M,La Molina,bperera@gmail.com,2023-03-19,Platinum
C1952,Vicente Aguirre Cuadrado,35,M,San Borja,ananoriega@nunez.es,2022-11-14,Silver
C1953,Diana Rodrigo Antón,24,F,San Isidro,eligiogaya@dominguez-cespedes.com,2022-01-08,Silver
C1954,Débora Sola Novoa,18,F,Surquillo,donairecelia@yahoo.com,2023-02-13,Silver
C1955,Chelo Valero,34,F,San Miguel,griselda60@gmail.com,2023-05-18,Platinum
C1956,Rosenda Molins Busquets,34,F,Miraflores,srubio@gmail.com,2024-01-25,Básico
C1957,Débora de Andreu,30,F,Jesús María,aliciaroman@hotmail.com,2023-12-19,Gold
C1958,Ruth Olga Badía Araujo,35,F,Surquillo,fernandezluna@rey-lopez.com,2024-04-09,Silver
C1959,Dora Haydée España Luz,23,F,Los Olivos,fannygiralt@yahoo.com,2023-09-25,Platinum
C1960,Flora Losa Cantón,28,F,San Miguel,lobotadeo@correa-valera.com,2023-11-06,Silver
C1961,Eligio Viñas,28,M,Comas,ubueno@mariscal.es,2022-02-14,Silver
C1962,Fermín Rosario Caparrós Corominas,24,M,San Miguel,pratmodesta@yahoo.com,2023-10-06,Gold
C1963,Toño Mate Sanabria,22,M,San Miguel,azenethferrandiz@pedro.es,2023-05-21,Platinum
C1964,Héctor Cáceres,27,M,Surco,angelica10@alarcon.com,2024-02-13,Básico
C1965,Brígida Baena Uriarte,29,F,SJL,epifanioegea@zamora.com,2022-06-18,Gold
C1966,Fabricio Elorza-Benavente,32,M,Miraflores,harrieta@galiano-uribe.es,2023-04-19,Básico
C1967,Lope Álamo Mesa,30,M,Breña,saavedraernesto@gmail.com,2022-12-18,Platinum
C1968,Modesto Cazorla,28,M,Miraflores,crespiblanca@izaguirre.net,2022-01-11,Gold
C1969,Nicolás Larrea,20,M,Jesús María,wilfredorosado@gmail.com,2023-11-18,Platinum
C1970,Marisela Olivera Armas,30,F,Surco,vazquezencarnacion@gmail.com,2022-03-26,Silver
C1971,Anna Peral Gracia,20,F,SJL,adadialeocadia@hotmail.com,2024-04-20,Gold
C1972,Quirino Berto Amorós Talavera,21,M,Surquillo,reynaserna@hotmail.com,2022-01-19,Básico
C1973,Sabas Carvajal Piñeiro,25,M,Surco,epallares@hotmail.com,2023-07-02,Platinum
C1974,Curro Peña Huerta,18,M,Callao,aguedaberrocal@sedano.net,2024-02-21,Básico
C1975,Macarena Noriega Muro,20,F,SJL,montanafanny@yahoo.com,2023-01-02,Silver
C1976,Norberto Echevarría-Daza,17,M,San Miguel,ramonasolana@acedo-rosales.org,2023-11-23,Silver
C1977,Ema Guiomar Bayona Lloret,17,F,Surquillo,cozarbenjamin@gmail.com,2023-10-13,Básico
C1978,Mariana Riba Echevarría,25,F,SJL,torresandres@yahoo.com,2022-02-23,Básico
C1979,Jose Ramón Busquets-Cordero,28,M,Pueblo Libre,herminio38@lara.com,2022-07-26,Silver
C1980,Gema Prats Lasa,23,F,San Isidro,quiqueneira@sanjuan.es,2022-04-04,Básico
C1981,Visitación Octavia Olivera Fábregas,16,F,Miraflores,jeremiascalzada@galvez.es,2022-12-12,Silver
C1982,Alejo Vasco Cifuentes Cerro,23,M,San Miguel,nicolas31@alvarez.com,2022-04-09,Silver
C1983,Eleuterio Arnau,17,M,Breña,haparicio@yahoo.com,2023-06-09,Básico
C1984,Isa Salamanca,26,F,Lince,manola29@gmail.com,2023-10-04,Silver
C1985,Noé Bou Bauzà,33,M,Breña,kpenalver@gmail.com,2023-03-15,Básico
C1986,Gonzalo Ramírez Flor,22,M,Surco,lagocandelaria@palmer-albero.es,2023-01-01,Gold
C1987,Hugo Cueto Bayona,16,M,Breña,valdesmar@gmail.com,2023-11-01,Gold
C1988,Isaías Cirino Otero Pérez,28,M,San Isidro,sobrinobuenaventura@hotmail.com,2023-04-15,Silver
C1989,Horacio Guitart Gárate,24,M,Callao,fcuellar@yahoo.com,2023-10-01,Gold
C1990,Leopoldo Casado Carbajo,18,M,San Miguel,adalbertococa@arnal.es,2022-08-12,Platinum
C1991,Nidia Huerta-Cerezo,35,F,SJL,vivesmanola@bauza.es,2022-04-15,Silver
C1992,Olimpia Marqués Hervia,19,F,San Borja,cesar60@higueras-aznar.es,2022-11-29,Platinum
C1993,Rodolfo Arias Prat,26,M,Los Olivos,victor-manuellluch@medina.es,2023-10-13,Gold
C1994,Encarna Pablo Carpio,18,F,Jesús María,llobetezequiel@santos-pinol.com,2022-01-19,Platinum
C1995,Dalila Asensio Oliver,32,F,Callao,pereiramanuel@maestre.es,2024-01-30,Silver
C1996,Ismael Severino Torrents Cuadrado,23,M,Miraflores,alfonsoileana@hotmail.com,2023-09-24,Básico
C1997,María Teresa Vigil Alba,23,F,Comas,montserratnavarro@rius.net,2023-03-15,Silver
C1998,Baltasar Alfonso Iriarte,17,M,Los Olivos,bravoamador@villalonga-llamas.es,2023-01-19,Platinum
C1999,Oriana Ayuso Durán,22,F,Los Olivos,roseva-maria@gmail.com,2023-01-20,Silver
C2000,Pedro Miró Gabaldón,23,M,San Miguel,ritajove@escalona.com,2024-01-13,Platinum
C2001,Haydée Marquez Plaza,20,F,La Molina,wrosell@gomez.es,2022-11-22,Básico
C2002,María Luisa Coloma Valle,25,F,Pueblo Libre,canteromirta@cortes-casado.org,2022-01-25,Silver
C2003,Carmela Hernando Cerdá,26,F,San Isidro,telmotalavera@saez.es,2022-07-30,Básico
C2004,Porfirio Bas-Mendizábal,23,M,San Borja,sbenitez@yahoo.com,2024-06-12,Platinum
C2005,Lucía de Amores,21,F,SJL,eufemia19@hotmail.com,2023-10-07,Básico
C2006,Baltasar Bravo Ángel,31,M,Surco,cosmegiron@segui-robles.net,2022-07-17,Básico
C2007,Juan Iborra Fuster,22,M,Los Olivos,rosaliavina@prats-rincon.org,2022-04-04,Silver
C2008,Victor Manuel Bertrán Rivero,23,M,Lince,gustavoavila@gmail.com,2022-03-22,Platinum
C2009,Amarilis Talavera Acuña,25,F,Los Olivos,palegria@acero.com,2024-01-09,Silver
C2010,Lupe Feijoo Oliver,29,M,Los Olivos,rdaza@alarcon-figueroa.net,2023-09-13,Silver
C2011,Domitila Albero Aroca,25,F,San Borja,piedad46@casas-ruano.org,2023-04-05,Silver
C2012,Sabina Aparicio Monreal,31,F,Surco,cabezasglauco@rodrigo.net,2023-01-04,Platinum
C2013,Iris de Bárcena,21,F,SJL,maite83@chacon-blanes.com,2023-03-28,Platinum
C2014,Aura Ortiz Durán,20,F,Surquillo,vicenta90@iniguez-colom.com,2024-03-23,Platinum
C2015,Jordi Cerezo Colom,28,M,Breña,uescribano@gmail.com,2024-05-24,Básico
C2016,Vera de Muro,35,F,Lince,macarena34@mendez.es,2022-06-06,Silver
C2017,Octavia Domínguez-Lago,28,F,SJL,palomasalamanca@hotmail.com,2022-11-10,Platinum
C2018,Tomasa Cazorla-Rovira,28,F,Lince,agustina29@vizcaino.com,2023-09-13,Platinum
C2019,José Antonio Azorin Paz,26,M,Los Olivos,uvigil@barbero.com,2024-01-03,Platinum
C2020,Lorenzo Oliveras Oliveras,20,M,San Miguel,marcela75@catala-valverde.es,2022-07-14,Básico
C2021,Albano Catalá Haro,32,M,Comas,nilda23@hotmail.com,2024-01-13,Gold
C2022,Águeda Heras,28,F,San Miguel,leonardo61@parra.es,2023-03-02,Platinum
C2023,Encarnación Ana Velasco Galvez,28,F,SJL,jose46@hotmail.com,2022-11-12,Básico
C2024,Angelina Castellanos,17,F,San Miguel,djover@rios.com,2022-05-08,Platinum
C2025,Elías Saez Velasco,22,M,Pueblo Libre,zoraidaalberola@figuerola.com,2023-03-23,Gold
C2026,Imelda Toledo,32,F,Comas,nydiamascaro@gmail.com,2023-05-16,Gold
C2027,Fabián de Quesada,28,M,San Miguel,qbonilla@blanch.com,2023-03-11,Silver
C2028,Manolo Saavedra Baquero,31,M,Miraflores,sierraana-sofia@gual.net,2024-04-12,Gold
C2029,Luis Miguel Galván-Cobo,20,M,La Molina,galopastor@saldana-novoa.com,2023-09-12,Platinum
C2030,Régulo de Pizarro,24,M,San Isidro,vaquerosofia@rodrigo.com,2023-09-09,Silver
C2031,Miguel Ángel Carrera-Asensio,19,M,Pueblo Libre,edugallardo@urrutia.es,2022-04-05,Platinum
C2032,Rafaela Llamas-Folch,34,F,San Miguel,roperoeutropio@portillo.net,2022-03-24,Silver
C2033,Rosaura Saura Aroca,21,F,Surquillo,fernandoaramburu@hotmail.com,2023-03-14,Gold
C2034,Alejandra del Valera,32,F,Lince,cabrerajimena@hotmail.com,2023-11-06,Platinum
C2035,Gloria Garzón Manzanares,29,F,Pueblo Libre,jaenherminio@barrio-vicente.es,2024-06-16,Básico
C2036,Amor Pera Andreu,34,M,Pueblo Libre,francisco-javier55@hotmail.com,2024-03-27,Gold
C2037,Telmo Roda,24,M,Comas,febe49@hotmail.com,2022-08-03,Platinum
C2038,Paca Cuenca-Talavera,16,F,Los Olivos,ciriacosevillano@sierra.com,2024-04-15,Platinum
C2039,Celso Marí Merino,19,M,Surco,brios@montenegro-pinilla.es,2024-03-03,Platinum
C2040,Virginia Toledo Santana,25,F,Comas,pabloribera@monreal.org,2023-03-18,Silver
C2041,Sergio Valentín Peiró,27,M,Los Olivos,wmarques@gmail.com,2023-12-22,Silver
C2042,Goyo Piñeiro Guzmán,31,M,Los Olivos,bertranfederico@yahoo.com,2023-05-30,Básico
C2043,Yolanda Vicente Sobrino,34,F,Surquillo,antoniosantana@cabanas.com,2022-08-06,Silver
C2044,Albano Domínguez Posada,17,M,Comas,uroca@gmail.com,2022-07-07,Silver
C2045,Pilar Roldán Camps,29,F,SJL,roviracurro@collado-fajardo.es,2023-10-04,Básico
C2046,Jesús de Aguiló,18,M,La Molina,guadalupe30@hotmail.com,2022-03-29,Platinum
C2047,Aarón Cañete,24,M,Surco,ileanasegovia@llorens.es,2022-12-17,Básico
C2048,Germán Venceslás Chamorro Cañete,31,M,SJL,eugenio94@tamayo.com,2023-11-20,Básico
C2049,Duilio Arregui,17,M,La Molina,lermaarmida@quiros-cabrera.es,2024-02-09,Básico
C2050,Florentino Riquelme Gálvez,19,M,San Isidro,sanzolimpia@madrid-oliveras.org,2023-06-19,Básico
C2051,Sonia Cuadrado Andres,35,F,Lince,raimundoiglesias@yahoo.com,2024-02-19,Gold
C2052,Rocío Morera Olmo,31,F,Pueblo Libre,pizarroangeles@gmail.com,2022-12-12,Platinum
C2053,Jenny Requena,27,F,Callao,cocapascuala@berenguer-gallo.es,2022-12-18,Gold
C2054,Félix Múñiz Castillo,27,M,Callao,isabusquets@rosa.com,2023-02-13,Platinum
C2055,Gabriel de Espada,27,M,Surquillo,simoncortes@hotmail.com,2022-12-05,Básico
C2056,Celestino Llorens,30,M,Surquillo,urbanoarmengol@yahoo.com,2023-12-17,Platinum
C2057,Miguel Ruano Tomas,16,M,San Borja,rogelio78@bonet-ramos.es,2022-05-06,Gold
C2058,Isaías Franch Mateu,27,M,SJL,porteroadalberto@ugarte-vina.org,2023-09-26,Platinum
C2059,Manuelita Villegas Naranjo,22,F,Miraflores,tgabaldon@borrego-fiol.es,2023-10-16,Gold
C2060,Jose Luis Lastra Armas,27,M,Surquillo,rexposito@zamorano.es,2022-02-16,Gold
C2061,Lola Franch Torrents,23,F,San Borja,urbanodomingo@gilabert.net,2023-05-12,Platinum
C2062,Juan Bautista Tormo Adadia,27,M,Breña,dros@hotmail.com,2023-05-03,Básico
C2063,Ester Lobato Bermudez,25,F,San Borja,javierapizarro@sanabria.es,2022-07-19,Silver
C2064,Albert Fuente-Vaquero,20,M,SJL,cruzdora@paez.com,2024-03-26,Básico
C2065,Gertrudis Clemente Calleja,33,F,Surquillo,gaguirre@amo.com,2023-04-24,Silver
C2066,Beatriz Bernat Mata,19,F,SJL,rebollomaria-carmen@segovia-ariza.com,2023-11-10,Silver
C2067,Régulo Elías Izaguirre Bayo,22,M,Los Olivos,sosalupita@gmail.com,2024-02-11,Básico
C2068,Salvador Núñez Bermejo,29,M,Comas,eleuterio86@yahoo.com,2022-01-30,Silver
C2069,Melisa Casals Arana,28,F,Pueblo Libre,luis-miguel35@fabregas.es,2022-10-15,Silver
C2070,Guiomar Vaquero Montserrat,31,F,San Miguel,buenaventuraespanol@batalla.com,2023-11-18,Básico
C2071,Rosario Carranza Hernández,33,M,Callao,jose-antoniocarretero@tenorio.net,2024-01-13,Platinum
C2072,Xavier Páez-Águila,26,M,Surquillo,tflores@yahoo.com,2022-08-18,Básico
C2073,Silvia Vélez Lerma,28,F,San Miguel,saezjuan-francisco@casanova.es,2024-01-05,Platinum
C2074,Purificación Hernando Benitez,23,F,San Isidro,miguel-angeldominguez@gmail.com,2022-09-23,Básico
C2075,Patricia Comas Barros,18,F,Surco,noemi16@tena-iglesia.org,2022-04-02,Gold
C2076,Lino Pereira Anguita,19,M,San Borja,joel47@yahoo.com,2023-01-12,Silver
C2077,Maricruz Lladó Sevillano,28,F,San Borja,malodemetrio@hotmail.com,2024-01-25,Básico
C2078,María Dolores de Llabrés,17,F,San Borja,pacoquesada@reina-mena.es,2023-07-03,Silver
C2079,Carmina Blanca Herranz,29,F,Jesús María,angelina76@barcelo.es,2024-02-29,Gold
C2080,Aristides del Huerta,32,M,Callao,carenas@gmail.com,2023-09-09,Silver
C2081,Rico Cazorla Bellido,28,M,Miraflores,catalinabustamante@yahoo.com,2023-07-06,Platinum
C2082,Mirta Llorens Ramis,20,F,Surquillo,qcarballo@yahoo.com,2022-10-31,Silver
C2083,Paulina Bou Villar,30,F,Los Olivos,albertoelias@hotmail.com,2023-09-08,Gold
C2084,Tito Sanmiguel España,17,M,San Borja,bienvenida06@pina.com,2022-11-24,Gold
C2085,Tristán Carranza,24,M,Surquillo,silvestretaboada@gmail.com,2023-12-25,Platinum
C2086,Enrique Carlos-Córdoba,31,M,La Molina,ovidio03@gmail.com,2023-12-23,Platinum
C2087,Eladio Frías Garay,26,M,Los Olivos,vmarin@yahoo.com,2024-04-27,Silver
C2088,Celestino Olivares,17,M,San Miguel,ksanz@hotmail.com,2024-06-05,Silver
C2089,Blanca Cortés Ferrández,28,F,La Molina,aguedanebot@gmail.com,2024-04-14,Silver
C2090,Eutropio Vito Izaguirre Marín,33,M,Breña,aitanadalmau@cespedes-casares.org,2022-12-12,Platinum
C2091,Ariel Valenzuela,27,F,Pueblo Libre,bamores@batalla.net,2023-02-05,Platinum
C2092,Ismael Santana,32,M,Comas,jacinto92@gmail.com,2022-10-17,Gold
C2093,Tristán Rios Azcona,33,M,Breña,gllamas@benitez.es,2022-04-10,Silver
C2094,María Del Carmen de Cuesta,34,F,Surquillo,manuelabenitez@navarro.com,2024-04-04,Básico
C2095,Carina Macias Solana,30,F,Callao,rosalina48@gmail.com,2022-06-17,Silver
C2096,Emperatriz Casanova Rebollo,31,F,La Molina,escobararsenio@vall.com,2022-05-29,Silver
C2097,René Vilar Alegre,22,M,Comas,noagarate@santamaria.net,2023-10-29,Básico
C2098,Pacífica Rosalva Meléndez Olmedo,34,F,Surco,cbaron@gmail.com,2023-11-26,Silver
C2099,Felisa Cortina-Frías,29,F,Callao,melendezlucio@iniesta.es,2024-05-11,Silver
C2100,Lope Sales Palau,19,M,Jesús María,eleuterio43@rocha.es,2023-05-01,Silver
C2101,Poncio Rivero Suárez,19,M,Lince,emperatrizbaena@salas-garay.com,2023-10-28,Gold
C2102,Oriana Carreras,20,F,Callao,vasco26@cuevas-coll.com,2024-01-10,Platinum
C2103,Flavio Damián Godoy Cabezas,17,M,Surco,piopulido@yahoo.com,2022-09-04,Platinum
C2104,Casandra Lucila Hoyos Patiño,25,F,Comas,vcobos@aznar-torrents.com,2023-09-03,Silver
C2105,Alexandra Nieto Suarez,18,F,Pueblo Libre,guillermolobo@hotmail.com,2023-04-20,Platinum
C2106,Nereida Sanz Chaparro,30,F,Jesús María,ullobet@hotmail.com,2022-01-12,Básico
C2107,Elpidio Carballo,18,M,Surco,valcarcelainoa@yahoo.com,2023-05-16,Silver
C2108,Severiano Berenguer Benito,34,M,San Borja,pascual15@cazorla.com,2023-08-10,Platinum
C2109,Carmina Pazos Albero,19,F,Pueblo Libre,filomena55@gmail.com,2023-08-31,Silver
C2110,Amparo Rosselló Galán,31,F,Callao,eloisa02@alberola.com,2023-12-21,Platinum
C2111,Nuria Vélez Ferrera,34,F,Los Olivos,herranzadela@bayo.org,2022-04-12,Gold
C2112,Rico Puente Montserrat,33,M,Los Olivos,ibarrakike@gmail.com,2023-02-20,Básico
C2113,Esperanza Maldonado Bueno,33,F,Surquillo,alobo@seco.com,2023-07-04,Platinum
C2114,Zacarías Solsona Pi,32,M,Surquillo,mireia30@hotmail.com,2023-08-22,Básico
C2115,Heliodoro Federico Dominguez Cervantes,19,M,Los Olivos,luisangel@yahoo.com,2024-06-01,Silver
C2116,Damián Rios Pelayo,33,M,SJL,gasconamerico@bernad.es,2024-03-30,Gold
C2117,Juan Antonio Mohamed Amores Llorente,17,M,Los Olivos,cecilioescolano@marin-gimenez.es,2023-08-12,Silver
C2118,Toni Rivera Galán,18,M,Lince,jorgebarros@yahoo.com,2022-09-20,Básico
C2119,Cirino Gallardo Bolaños,19,M,Lince,luis28@yahoo.com,2022-11-02,Gold
C2120,Eusebio Lucena,29,M,Callao,araceli98@duran.es,2022-01-01,Silver
C2121,Isaura de Sanz,17,F,Lince,valbuenavaleria@hotmail.com,2024-03-12,Gold
C2122,Leticia Pons Cuenca,20,F,San Borja,basilionadal@camara-coca.es,2023-05-18,Gold
C2123,Nazaret Valero Rueda,35,F,Lince,melchorvargas@olivera.com,2023-06-07,Silver
C2124,Emigdio Cañete,17,M,San Isidro,mateujuan-pablo@domingo-bejarano.com,2022-02-07,Silver
C2125,Reinaldo Sanabria Rocha,25,M,Surquillo,alcantaraanabel@uria-salcedo.com,2024-05-02,Silver
C2126,Chuy Blanca Leal,35,M,Lince,qsanmiguel@guerrero.com,2022-08-10,Gold
C2127,Inmaculada Villaverde Bermudez,20,F,Comas,jesusrios@hotmail.com,2023-09-30,Platinum
C2128,Inocencio Corral Priego,33,M,La Molina,munizsusana@moya.org,2022-09-24,Platinum
C2129,Maxi Fulgencio Navarrete Tormo,28,M,SJL,lucas07@yahoo.com,2022-03-27,Gold
C2130,Julie Múñiz Oliver,20,F,Lince,znevado@gonzalez.es,2022-07-28,Básico
C2131,Itziar Águeda Coloma Belda,22,F,Comas,tarteaga@llorens.com,2023-01-17,Silver
C2132,Fabiola Villanueva Rivero,20,F,Jesús María,angelinacaceres@gmail.com,2024-03-17,Platinum
C2133,Melisa Miguel Valera,16,F,San Borja,pgirona@rossello.net,2022-09-11,Básico
C2134,Nélida Escribano Guillen,19,F,Lince,gutierrezciriaco@hotmail.com,2022-04-23,Platinum
C2135,Bruno Madrigal Sureda,26,M,Callao,cristobal21@albero.es,2022-04-02,Gold
C2136,Micaela Cisneros Agustí,24,F,Los Olivos,josefinaguillen@cabezas.com,2024-06-08,Silver
C2137,Selena Badía,16,F,Surco,mmercader@hotmail.com,2023-01-22,Silver
C2138,Eliana Novoa Abril,19,F,Pueblo Libre,dolorescabanillas@yahoo.com,2022-05-07,Silver
C2139,Graciela Carvajal Lucena,34,F,Surquillo,reinaldo22@yahoo.com,2024-04-06,Platinum
C2140,Melchor Vera-Jaén,32,M,Jesús María,florentino42@gmail.com,2023-12-19,Gold
C2141,Perlita Galán Acevedo,35,F,Surco,jennyvicente@hotmail.com,2022-02-19,Silver
C2142,Jessica Tudela Uribe,28,F,Los Olivos,salgadosoraya@hotmail.com,2022-12-20,Platinum
C2143,Dafne de Hurtado,34,F,Los Olivos,ahuertas@gmail.com,2022-09-23,Básico
C2144,Maximino Aroca Costa,20,M,Los Olivos,omerino@rius-marques.com,2023-01-23,Gold
C2145,Valerio Lozano Lastra,27,M,Comas,salasvictor-manuel@carmona-romero.es,2024-03-07,Silver
C2146,Evangelina Acedo Pombo,30,F,Los Olivos,gribas@palomares.com,2023-03-26,Gold
C2147,Fabiana Pineda Gabaldón,32,F,La Molina,dcadenas@gmail.com,2022-10-10,Platinum
C2148,Bernabé Barrena-Velasco,25,M,Callao,carpioadelardo@gmail.com,2024-05-28,Básico
C2149,Gisela Guerra Iglesias,29,F,Pueblo Libre,jordi51@frias.org,2022-11-17,Básico
C2150,Isidoro del Botella,18,M,Comas,puentecelestina@soler.org,2022-09-03,Básico
C2151,Sancho Buendía,34,M,Miraflores,lucilaalberto@yahoo.com,2022-03-28,Gold
C2152,Teófila Nicolau,16,F,Breña,expositoberto@hervia.es,2023-11-25,Silver
C2153,Águeda Mas,31,F,Lince,pbarco@otero.com,2023-12-03,Básico
C2154,Marita Elías Armengol,16,F,San Borja,rita82@hotmail.com,2022-07-14,Básico
C2155,Caridad Uriarte Figueroa,33,F,Comas,alcoleanelida@gmail.com,2022-12-20,Silver
C2156,Plácido Giménez Nuñez,35,M,SJL,bvicens@gmail.com,2022-06-22,Silver
C2157,Roque Montoya Gimeno,18,M,Jesús María,odalis70@hotmail.com,2024-05-09,Silver
C2158,Priscila Osorio Barrera,17,F,Breña,benignavillena@torralba.es,2023-05-23,Platinum
C2159,Bernardo Gelabert Pomares,27,M,Surco,vpinto@gmail.com,2022-12-13,Silver
C2160,Román Hurtado-Ferrando,25,M,La Molina,srios@huguet-manrique.es,2023-05-10,Gold
C2161,Leire Tamarit Crespi,22,F,Miraflores,fabio42@yahoo.com,2024-01-26,Platinum
C2162,Onofre Segura Viñas,25,M,San Miguel,estrellapatino@moran.com,2023-10-21,Básico
C2163,Manuelita Chacón Aguirre,35,F,Surquillo,duartegema@hotmail.com,2023-05-15,Básico
C2164,Flora Arribas,16,F,San Borja,kikeblasco@hotmail.com,2023-04-17,Gold
C2165,Trinidad Elías Colom,27,F,Surco,rico10@dalmau.org,2022-01-06,Gold
C2166,José Ángel Emigdio Castell Camps,28,M,Jesús María,xleiva@yahoo.com,2022-01-10,Básico
C2167,Eligia Palomino,31,F,San Isidro,eloy38@yahoo.com,2022-03-28,Silver
C2168,Constanza Piquer Canals,19,F,San Miguel,francisco-javiervillalba@gmail.com,2023-05-15,Básico
C2169,María Quintanilla,24,M,San Isidro,franciscolazaro@blanco.es,2023-04-27,Platinum
C2170,Eugenia Ricart Galan,25,F,Jesús María,hneira@montes.es,2023-03-15,Silver
C2171,Fortunata Dávila Prat,19,F,SJL,irios@gmail.com,2023-11-04,Platinum
C2172,Apolinar Villanueva-Cabo,20,M,Jesús María,ocampoy@yahoo.com,2024-02-05,Platinum
C2173,Valentín Pedraza Ferrando,27,M,San Miguel,eplanas@leon.es,2024-06-10,Silver
C2174,Florencio Ochoa Araujo,22,M,La Molina,evaristobarcelo@segui-rueda.com,2022-02-11,Silver
C2175,Amanda Alcántara Muro,29,F,Comas,anacletoagullo@tovar.com,2022-12-06,Básico
C2176,Juanito Llanos Benet,22,M,SJL,rmanjon@hotmail.com,2023-11-13,Gold
C2177,Jerónimo Florentino Gómez Alemany,29,M,SJL,yesicamateos@hotmail.com,2023-07-18,Platinum
C2178,Feliciano Perera Rocha,26,M,Pueblo Libre,marquezmaxima@antunez.com,2024-02-22,Platinum
C2179,Isabel Pedro Gisbert,20,F,Surco,haroldovilalta@pombo-granados.es,2022-04-21,Básico
C2180,Dionisio Julián,20,M,Jesús María,omartinez@angel.com,2023-05-28,Básico
C2181,Jose Carlos Montesinos Martín,17,M,Callao,mraya@yahoo.com,2024-04-29,Gold
C2182,Calixta Larrañaga Aragonés,35,F,Comas,sgallo@gisbert.com,2022-01-09,Platinum
C2183,Paca Madrid Viana,25,F,La Molina,antoniomadrid@hotmail.com,2023-05-13,Básico
C2184,Lorenza Iris Gisbert Donaire,23,F,San Borja,maria-teresahernandez@gmail.com,2022-06-06,Silver
C2185,Maximiliano Frías Perera,24,M,Pueblo Libre,fito06@hotmail.com,2022-04-28,Gold
C2186,Carmelo Prudencio Martinez Pomares,29,M,San Isidro,rosaliasantiago@nicolau-pombo.org,2023-05-01,Básico
C2187,Felipe Álvarez Roldan,22,M,Surquillo,valerioortiz@riquelme-alsina.org,2023-08-29,Silver
C2188,Francisco Río-Abella,19,M,Los Olivos,ccriado@gmail.com,2023-02-15,Básico
C2189,Apolonia Peñalver Salazar,22,F,San Miguel,baroodalis@sarabia.es,2022-05-30,Platinum
C2190,Xavier Rodriguez,35,M,San Isidro,zinfante@gmail.com,2022-04-04,Básico
C2191,Griselda Porras-Martinez,29,F,Lince,piaalvaro@montoya.com,2022-11-10,Silver
C2192,Aitor Diaz Canet,26,M,Breña,eloisarodenas@gmail.com,2023-05-06,Básico
C2193,Adelaida de Moreno,17,F,La Molina,cristian41@batlle.org,2022-04-23,Gold
C2194,Berta Pinto-Báez,24,F,Jesús María,maloroxana@balaguer.com,2023-12-30,Platinum
C2195,Valentín Rivero-Padilla,26,M,San Miguel,iborracesar@bou-sanchez.com,2022-02-18,Silver
C2196,Ramón Barco-Morales,16,M,Miraflores,amayarodriguez@hotmail.com,2023-11-08,Gold
C2197,Macario Vicente-Prat,25,M,SJL,ana-belen22@manso.org,2022-10-14,Básico
C2198,Malena Vallés Sarmiento,21,F,La Molina,aferrandiz@beltran.es,2023-05-19,Gold
C2199,Olga Eusebia Goñi Leal,25,F,Surco,mpuig@teruel-navarrete.com,2022-04-10,Básico
C2200,Goyo Cornelio Acosta Hervás,26,M,Jesús María,natanael85@yahoo.com,2024-01-30,Gold
C2201,Mireia Salgado-Alfaro,23,F,Callao,casalariadna@hotmail.com,2022-10-10,Silver
C2202,Nadia Castellanos Iniesta,18,F,San Miguel,fortunatasegarra@flor.org,2022-04-19,Silver
C2203,Herberto Revilla Gisbert,17,M,San Borja,sabasosorio@benet.com,2023-11-02,Silver
C2204,Valerio del Urrutia,30,M,San Miguel,baltasarferran@pelayo.es,2022-04-12,Básico
C2205,Tamara Reina Somoza Hernandez,25,F,Comas,qolivera@canales.com,2023-05-01,Silver
C2206,Albert Rueda Viñas,17,M,Los Olivos,molinaaitor@iniesta.com,2022-07-16,Platinum
C2207,Rita Arnal Royo,33,F,Jesús María,guiomarsolano@yahoo.com,2023-01-10,Platinum
C2208,Balduino Sastre,29,M,Surco,loreto02@malo.es,2023-05-10,Platinum
C2209,Vasco del Villalba,21,M,San Borja,tpatino@hotmail.com,2022-10-08,Silver
C2210,Celia Clemente Mayol,17,F,San Borja,chitaaznar@osorio.com,2022-03-04,Silver
C2211,Nieves Nereida Chacón Plana,31,F,Callao,sernasevero@gmail.com,2023-06-30,Básico
C2212,Virgilio Pintor,30,M,Pueblo Libre,alberomaria-cristina@yahoo.com,2023-06-06,Platinum
C2213,Benita Hurtado Montero,28,F,San Borja,zalfonso@benito.com,2022-10-06,Silver
C2214,Emilio Sebastián Angulo,16,M,Los Olivos,mpina@angulo.com,2023-08-09,Silver
C2215,Darío Bermúdez Ochoa,32,M,SJL,rmata@hotmail.com,2023-05-31,Gold
C2216,Alma Plaza Bonilla,23,F,La Molina,isauralamas@gmail.com,2023-12-27,Gold
C2217,Guillermo Suarez-Ballesteros,21,M,San Isidro,eloisacobos@coca.es,2022-02-16,Silver
C2218,Ricarda de Rosado,17,F,Callao,mgargallo@gmail.com,2022-06-01,Gold
C2219,Reinaldo Checa-Esparza,24,M,Surquillo,vergarajuan-manuel@gmail.com,2024-03-20,Básico
C2220,Urbano Garzón Alarcón,22,M,Lince,diazagustina@gmail.com,2022-04-29,Básico
C2221,Concepción Ugarte-Tolosa,35,F,Jesús María,piedad93@gmail.com,2022-11-29,Básico
C2222,Bibiana Cadenas Alcalá,20,F,Breña,ceferinojordan@yahoo.com,2023-09-19,Gold
C2223,Emelina Trujillo Nieto,17,F,Callao,dimas77@oliva-roman.org,2024-04-15,Básico
C2224,María José Cabezas Carlos,23,F,Comas,tiburcio01@mate-angulo.com,2022-10-14,Silver
C2225,Leyre Aragón Lloret,16,F,Lince,luisguadalupe@hotmail.com,2023-11-05,Básico
C2226,Dulce Alba Gómez Galán,24,F,Surquillo,beatrizsoler@yahoo.com,2023-10-04,Silver
C2227,Tomasa Tejera Segura,23,F,Jesús María,romulolara@peiro.com,2022-10-03,Silver
C2228,Maricruz Pagès-Uribe,20,F,SJL,matiaspalma@yahoo.com,2022-08-26,Platinum
C2229,Luna Brunilda Cervantes Mayoral,20,F,San Miguel,gllabres@pereira.es,2023-05-06,Básico
C2230,Viviana Alba Egea,21,F,SJL,slamas@hotmail.com,2022-07-09,Silver
C2231,Jose Angel Giralt Cerezo,34,M,SJL,arecio@canton.com,2024-01-17,Silver
C2232,Mariana Piquer,16,F,La Molina,teclacifuentes@cuevas.es,2022-06-16,Silver
C2233,Yésica Español Castrillo,35,F,San Isidro,amado17@gmail.com,2022-03-13,Silver
C2234,Edu Amigó Cabeza,29,M,San Isidro,dimas77@gmail.com,2023-04-11,Platinum
C2235,Benigno de Ferrero,32,M,Los Olivos,tolosajose-luis@yahoo.com,2024-01-15,Básico
C2236,Hernando Dueñas Requena,28,M,Breña,jose-manuel16@moran-juarez.com,2022-01-22,Básico
C2237,Isaac Humberto Arévalo Camacho,17,M,Los Olivos,wbonilla@arias.es,2022-09-12,Básico
C2238,Jimena Alvarado-Moreno,20,F,Callao,gaston81@tejero-hervia.es,2023-09-07,Básico
C2239,Eutimio Barba Morán,19,M,Lince,calixtosarmiento@toro.com,2024-01-24,Gold
C2240,Abilio Chema Figuerola Yuste,22,M,Los Olivos,adolforibas@prats-cazorla.es,2023-05-07,Platinum
C2241,Leopoldo Manzano-Ojeda,25,M,Jesús María,guadalupe06@carrion.com,2023-05-06,Silver
C2242,Guiomar Fernandez Bello,17,M,Lince,vanton@hotmail.com,2023-12-10,Gold
C2243,Eduardo Chico Sierra,16,M,Surquillo,juliansedano@yahoo.com,2022-02-15,Básico
C2244,Maricela Córdoba Lillo,19,F,Lince,kpereira@hotmail.com,2024-05-06,Platinum
C2245,Manolo Donaire-Terrón,16,M,San Miguel,ricartxiomara@gmail.com,2022-08-18,Básico
C2246,Hipólito Morales Espejo,29,M,Breña,roxanabellido@hotmail.com,2022-05-31,Gold
C2247,Eufemia Nicolau,23,F,San Miguel,ambrosio37@villanueva.org,2024-06-19,Platinum
C2248,Jonatan Castell Fajardo,31,M,Los Olivos,luisaagullo@gmail.com,2022-04-23,Silver
C2249,Ismael Leal Jordán,25,M,Jesús María,amorabellan@cabo.es,2022-03-20,Gold
C2250,Ceferino Larrea Arenas,27,M,San Miguel,becerramartin@navas-abascal.es,2022-03-28,Básico
C2251,Agapito Arana Bermudez,21,M,Breña,calisto68@gmail.com,2023-06-28,Gold
C2252,Onofre Ureña Padilla,29,M,Los Olivos,dporta@hotmail.com,2023-11-15,Gold
C2253,Ariadna Florinda Pons Cadenas,27,F,San Miguel,benignavalera@hotmail.com,2022-04-17,Gold
C2254,Encarnita Taboada Llamas,27,F,San Miguel,guiomar45@mas.com,2022-09-29,Básico
C2255,Ruy de Verdugo,20,M,Pueblo Libre,gallegozaida@lorenzo-garmendia.es,2023-11-03,Silver
C2256,Natividad Hortensia Cámara Benavides,20,F,Breña,ctorralba@baro.org,2023-04-03,Platinum
C2257,Ovidio Segarra Manzano,19,M,San Borja,candelariahuguet@gmail.com,2023-03-14,Gold
C2258,Marc Bas Cuervo,18,M,Jesús María,javiergallart@hotmail.com,2022-05-11,Silver
C2259,Viviana Nogués Méndez,27,F,Jesús María,jcampoy@hotmail.com,2023-05-22,Platinum
C2260,Cayetana Páez Gallart,29,F,San Borja,abel45@bertran.es,2024-03-23,Gold
C2261,Vidal Bou Álvaro,23,M,Breña,madadia@hotmail.com,2023-03-05,Platinum
C2262,Isa Hernández Sanz,33,F,Lince,xramos@chaparro.net,2024-04-21,Silver
C2263,Patricia Serrano Oliver,18,F,San Borja,juan-pabloduque@alcantara.es,2024-01-03,Platinum
C2264,Juan Francisco Catalá Moreno,18,M,San Isidro,taniaaguilo@hotmail.com,2023-01-06,Básico
C2265,Juan Carlos de Cepeda,16,M,Jesús María,mayoralcarlos@hotmail.com,2023-07-26,Platinum
C2266,Marcelo Blanca-Anguita,19,M,Miraflores,adelaidacriado@bosch-roca.es,2022-12-24,Gold
C2267,Macario Exposito Jara,25,M,SJL,tania14@saez.com,2022-05-28,Platinum
C2268,Luciano Cabello Serna,22,M,Surquillo,jose-antonio90@hotmail.com,2022-08-18,Básico
C2269,Tiburcio Leal Ochoa,19,M,Comas,sroma@gmail.com,2023-12-22,Silver
C2270,Carolina Begoña Alberto Herranz,16,F,Comas,osolsona@mendez.org,2023-03-11,Gold
C2271,Ruy Benavent Amigó,19,M,Callao,wcabrera@madrid-alba.org,2023-08-19,Básico
C2272,Victoria Barranco Osuna,35,F,Surquillo,guiomar86@gmail.com,2022-06-11,Básico
C2273,Lorenzo Sevilla Leal,27,M,Los Olivos,dolores75@gmail.com,2022-03-22,Silver
C2274,Román Gálvez-Nevado,16,M,San Borja,wcasares@cabrera-maza.com,2024-05-01,Platinum
C2275,Asdrubal Sosa Palma,21,M,SJL,ocalderon@hotmail.com,2024-02-01,Silver
C2276,Paca Ramis Soria,31,F,Breña,arnaizmateo@marco-somoza.com,2024-01-10,Gold
C2277,Celestina Marisa Guzman Prado,16,F,La Molina,comaspaz@hotmail.com,2022-04-24,Silver
C2278,Jose Antonio Serrano Rodríguez,17,M,San Borja,diezlucho@torrens.es,2024-02-09,Silver
C2279,Ruben Poncio Gallardo Iniesta,16,M,Breña,mballesteros@nogues-villalonga.net,2024-05-02,Platinum
C2280,Adora Moliner Cerro,33,F,Comas,cribas@rojas.es,2024-04-29,Gold
C2281,Ascensión Barberá Gallego,23,F,Breña,poncio44@corral.com,2022-06-10,Gold
C2282,Gonzalo Cipriano Alemán Baró,32,M,Breña,constanza20@yahoo.com,2022-05-09,Silver
C2283,Ale Medina Manuel,35,F,Miraflores,navarretejesusa@hotmail.com,2022-08-13,Platinum
C2284,Carlito Angelino Vazquez Sevillano,33,M,San Borja,perlita17@fonseca-serna.com,2024-05-11,Básico
C2285,Febe Amador Sanabria,31,F,Jesús María,aliciahidalgo@gmail.com,2023-10-31,Platinum
C2286,Amarilis Seco Alcántara,21,F,Miraflores,matildebarragan@figueroa.org,2024-04-02,Gold
C2287,Berta Goñi Millán,22,F,La Molina,severianovinas@ferrera.com,2022-04-22,Básico
C2288,Asdrubal Franch Pineda,27,M,San Borja,egalvan@yahoo.com,2024-03-08,Gold
C2289,Eloy del Girón,23,M,La Molina,guiomarjordan@ibanez.net,2022-06-16,Básico
C2290,Guillermo Colom,22,M,San Borja,ezequiel58@vall.com,2022-01-12,Gold
C2291,Eutropio Guerra Mármol,33,M,San Isidro,elisa39@andrade.com,2023-10-16,Básico
C2292,Amílcar Expósito Bernal,24,M,Surco,zcodina@gmail.com,2023-08-07,Básico
C2293,Maricela Ligia Cid Donaire,17,F,Miraflores,eleuteriorios@fabregat.net,2022-11-19,Básico
C2294,Celia Ballester,16,F,Jesús María,remedios68@valencia.com,2024-02-09,Gold
C2295,Tomasa Ángel Hervás,32,F,San Isidro,pcuenca@yahoo.com,2022-11-19,Platinum
C2296,Azahara Galindo Canet,20,F,Comas,vmachado@perales-sanz.com,2023-11-22,Básico
C2297,Agustina del Berrocal,29,F,San Miguel,donairevioleta@anton.net,2024-01-30,Básico
C2298,Sebastián Sáenz Tamarit,16,M,San Borja,cerdaalberto@barrera.es,2024-03-26,Platinum
C2299,Marta de Lerma,34,F,Surquillo,edelmiro41@gmail.com,2024-05-22,Básico
C2300,Ricarda Carrillo Santos,21,F,Los Olivos,cerdaevangelina@yahoo.com,2023-11-30,Platinum
C2301,Rosendo Bello Cantón,18,M,Comas,coellopalmira@hotmail.com,2022-08-26,Silver
C2302,Ernesto Mendizábal Cáceres,21,M,Lince,pradacristobal@carreno-julian.com,2023-06-13,Gold
C2303,Nicolasa del Cobo,20,F,Jesús María,aaronzamorano@gmail.com,2022-10-25,Gold
C2304,Pascuala Gargallo Cuenca,17,F,San Miguel,juan-carloscortes@piquer.es,2023-12-31,Platinum
C2305,Francisco Javier Rómulo Mayol Durán,22,M,San Borja,eloygimenez@piquer-rio.org,2023-09-14,Básico
C2306,Luis Ángel Mosquera-Martin,34,M,Callao,bcisneros@bermudez.es,2023-05-25,Básico
C2307,Narciso Manjón Balaguer,20,M,Pueblo Libre,nydiaabril@mugica.com,2024-06-10,Gold
C2308,Leopoldo Báez Viña,31,M,Surco,narcisobarrera@saldana.net,2023-04-11,Gold
C2309,Marciano Vilar Coca,25,M,Los Olivos,carlospareja@yahoo.com,2022-03-11,Gold
C2310,Ligia de Lamas,27,F,Surco,amatherminia@linares.org,2022-03-14,Silver
C2311,Georgina Segovia Crespi,24,F,SJL,lalo83@gmail.com,2022-09-20,Platinum
C2312,Toño Julián Carretero,19,M,San Borja,camilobayon@gmail.com,2023-05-15,Básico
C2313,Emiliana Juárez Lloret,25,F,Breña,pacapacheco@herrero-madrigal.com,2023-02-23,Silver
C2314,Inés Redondo Manzanares,27,F,Lince,maria-del-carmen49@garces.com,2024-05-15,Gold
C2315,Paloma Belda Vara,18,F,Callao,fazorin@gmail.com,2023-02-28,Platinum
C2316,Ofelia Amador Barón,17,F,San Borja,gregorio74@herrera.es,2023-10-22,Básico
C2317,Ramón de Hoz,33,M,Miraflores,nilo13@corral.com,2022-06-08,Básico
C2318,Marisa Otero,28,F,Los Olivos,dmarmol@hotmail.com,2023-08-07,Platinum
C2319,Ovidio del Leal,23,M,Breña,sauraleandro@araujo.com,2024-06-14,Platinum
C2320,Juan Manuel Miranda Segovia,27,M,SJL,dhigueras@isern-bauza.com,2023-04-25,Platinum
C2321,Herberto Marco Piquer,18,M,Los Olivos,luzfeliciana@gmail.com,2024-01-20,Básico
C2322,Fabiola Andrés Arroyo,29,F,San Isidro,fortunatavillaverde@yahoo.com,2023-02-16,Gold
C2323,Silvestre Estévez-Sebastián,26,M,Jesús María,olimpiaballesteros@gomila-nicolas.es,2023-09-11,Platinum
C2324,Epifanio Roura-Caro,31,M,Surco,andreaplaza@leon.es,2022-10-13,Platinum
C2325,Humberto Figueroa Ibañez,33,M,Los Olivos,maria-manuela38@hotmail.com,2023-04-27,Silver
C2326,Jorge de Iniesta,26,M,San Borja,mendozafortunata@escriva-lopez.es,2022-02-02,Platinum
C2327,Félix Alberola Ramirez,27,M,Pueblo Libre,bbosch@yahoo.com,2023-03-17,Platinum
C2328,Mario Nilo Mur Criado,17,M,San Isidro,anselma38@otero.com,2024-06-07,Básico
C2329,Pacífica Lorenzo,24,F,La Molina,valerohernandez@ojeda.es,2023-10-13,Silver
C2330,Albert Ugarte,20,M,Surco,maximinobanos@cuellar.net,2022-10-08,Platinum
C2331,Agapito Arcos,25,M,Surquillo,warranz@hotmail.com,2023-12-31,Platinum
C2332,Teresita Recio-Verdejo,32,F,San Isidro,godofredo17@yahoo.com,2023-11-17,Gold
C2333,Francisco Jose Marcos Samper,17,M,Surco,pratspepe@ocana.es,2023-03-15,Gold
C2334,Marina Torralba,21,F,San Isidro,jescobar@marin.com,2022-12-24,Platinum
C2335,Angelina de Escudero,31,F,Lince,oropero@hotmail.com,2023-12-07,Silver
C2336,Tamara Trini Carpio Sanchez,27,F,San Miguel,cristobaljara@hotmail.com,2023-12-11,Platinum
C2337,Amando Madrid,33,M,Pueblo Libre,fhuerta@hotmail.com,2023-09-04,Silver
C2338,Atilio Beltran Blasco,34,M,San Borja,carmelocompany@peral.es,2022-05-29,Gold
C2339,Leyre Mercedes Murcia Sarmiento,16,F,Los Olivos,montalbanlino@gmail.com,2023-04-15,Silver
C2340,Paca Perlita Coronado Hervás,26,F,Surco,mmoraleda@gmail.com,2024-03-22,Platinum
C2341,Amalia Arco Somoza,32,F,Comas,malenatoro@gmail.com,2022-01-04,Platinum
C2342,Armando de Nicolau,30,M,Callao,artemio26@yahoo.com,2023-08-16,Básico
C2343,Luis Ángel Yáñez-Codina,22,M,Comas,adriana81@yahoo.com,2022-07-12,Platinum
C2344,Marco Glauco Alarcón Calleja,35,M,Breña,lucho73@arana.com,2022-08-10,Gold
C2345,Adolfo Alcolea Abellán,22,M,Callao,ruypolo@gmail.com,2023-08-14,Básico
C2346,Reyna Amorós Aguirre,27,F,Miraflores,fernandezroxana@garcia.com,2022-11-06,Gold
C2347,Eugenio Pol Martín,31,M,Callao,irene06@gmail.com,2023-04-12,Platinum
C2348,Adora Prado Garay,27,F,Jesús María,ttena@gmail.com,2024-04-28,Platinum
C2349,Mercedes de Pedrero,19,F,San Miguel,marquezosvaldo@hotmail.com,2022-06-30,Platinum
C2350,Patricia Fuster Ferrándiz,27,F,Los Olivos,romeuhermenegildo@gmail.com,2023-07-21,Silver
C2351,Mariana Arrieta Villalonga,28,F,La Molina,teodoracazorla@gmail.com,2024-05-15,Platinum
C2352,Violeta Sáenz Barroso,35,F,San Miguel,cruzcustodio@egea.es,2024-05-27,Básico
C2353,Danilo Chaparro-Pomares,19,M,Surco,camila04@gmail.com,2023-10-28,Básico
C2354,Florinda Alcalá Andres,19,F,SJL,marcial06@segura.com,2024-02-07,Básico
C2355,Débora Feijoo Avilés,32,F,San Borja,eli71@pages.es,2024-04-05,Básico
C2356,Valeria Anabel Mate Somoza,29,F,San Isidro,lupe36@alarcon.es,2022-08-17,Platinum
C2357,Matilde Cabello-Tejada,19,F,San Isidro,carrenojuan-jose@colomer.es,2024-05-26,Platinum
C2358,Omar Durán Varela,27,M,Pueblo Libre,arturo37@hotmail.com,2023-04-21,Platinum
C2359,Leandra Moreno Jara,16,F,Jesús María,emunoz@montana.com,2024-03-11,Silver
C2360,Soledad de Antón,24,F,San Miguel,ruth55@gmail.com,2023-11-06,Gold
C2361,Emma América Anguita Llorente,29,F,Callao,opereira@quintero-castilla.es,2022-09-05,Básico
C2362,Íngrid Ramírez Aller,17,F,Miraflores,tatianacastilla@hotmail.com,2022-01-27,Silver
C2363,Elisabet de Montoya,32,F,Surquillo,rosario00@hotmail.com,2024-01-30,Gold
C2364,Angélica Vila Vives,21,F,San Borja,dvargas@yahoo.com,2023-03-17,Silver
C2365,Samanta Viñas-Bustos,22,F,San Borja,iverdu@hotmail.com,2023-10-22,Platinum
C2366,Ceferino de Aparicio,34,M,Breña,tolosaalvaro@carbo.es,2022-05-12,Platinum
C2367,Sabas Goicoechea Robledo,28,M,San Miguel,glaucobejarano@casals.com,2022-11-22,Silver
C2368,Primitiva Cabo Guerrero,23,F,Surco,malcazar@barco-nebot.org,2023-12-29,Silver
C2369,Jordán del Jimenez,34,M,Pueblo Libre,rhoyos@miguel.com,2023-02-06,Gold
C2370,Wálter Sáenz-Acedo,26,M,San Isidro,pepe60@melero.org,2022-04-06,Básico
C2371,Inocencio Huertas,29,M,Miraflores,pili46@hotmail.com,2023-10-06,Silver
C2372,Aarón Figuerola,35,M,Comas,patricio48@yahoo.com,2023-07-11,Básico
C2373,Rita Tormo-Cañellas,16,F,Comas,tejadadominga@pelayo.es,2024-01-22,Silver
C2374,Bienvenida Juanita Millán Vega,27,F,Los Olivos,hochoa@orozco.org,2022-09-03,Silver
C2375,María Cristina Tormo Diaz,22,F,Lince,vzabala@yahoo.com,2024-05-10,Silver
C2376,Zoraida Prado Gisbert,24,F,Callao,vilma40@mate.org,2022-02-22,Gold
C2377,Jose Manuel Neira Lobato,20,M,Callao,fcabeza@gmail.com,2022-01-24,Básico
C2378,Leonel Marco Sainz,30,M,San Miguel,xamor@hotmail.com,2023-09-03,Básico
C2379,Celestino Adrián Hernández Posada,20,M,La Molina,gil90@porta.es,2022-09-26,Silver
C2380,Joan Rosales Osorio,18,M,SJL,carminaseco@hotmail.com,2024-05-14,Gold
C2381,Luciano Santos Salazar,28,M,Surco,roxanaegea@gmail.com,2023-05-18,Básico
C2382,Ofelia Manso Bravo,18,F,SJL,sebastianfidel@figueroa.com,2023-10-03,Básico
C2383,Espiridión del Coloma,29,M,Breña,javiera89@yahoo.com,2022-11-18,Platinum
C2384,Rómulo Boix Ruiz,21,M,La Molina,vcastejon@alberto-mugica.com,2022-01-11,Silver
C2385,Fernando Máximo Escalona Llano,19,M,Jesús María,sabateredelmira@novoa.es,2022-12-22,Platinum
C2386,Maximiliano Villena,21,M,Lince,colomerplacido@hotmail.com,2024-01-30,Gold
C2387,Amando del Chacón,22,M,San Borja,patricio31@bello.es,2022-01-31,Básico
C2388,Esteban Isidro Bonet Polo,22,M,Surquillo,virgiliopaez@gmail.com,2023-01-09,Básico
C2389,Aitor Garcia Cervera,16,M,Jesús María,emilianodominguez@hotmail.com,2022-05-22,Silver
C2390,Gerardo Ureña,20,M,La Molina,severianobadia@morell-guzman.org,2022-10-08,Platinum
C2391,Jeremías Casemiro Poza Amor,18,M,Jesús María,mparedes@pomares.es,2023-12-27,Gold
C2392,Adela Ferrándiz Reig,31,F,Breña,nicanor77@vendrell-barrio.com,2023-06-09,Platinum
C2393,Juan Francisco Moliner Ureña,24,M,Los Olivos,sernanelida@gmail.com,2022-07-22,Gold
C2394,Begoña Quintana Andrade,19,F,San Borja,inigoborrell@yahoo.com,2024-03-23,Gold
C2395,Bartolomé Santana Aller,22,M,Comas,acevedomiguel@baena.com,2023-05-15,Platinum
C2396,Vilma Celia Izquierdo Andreu,29,F,San Borja,aurarodrigo@yahoo.com,2024-02-05,Gold
C2397,Teresita Baños Bautista,35,F,Surco,vidaljauregui@yahoo.com,2023-09-14,Platinum
C2398,Ainoa Clementina Serna Manuel,22,F,San Borja,chacondomitila@hotmail.com,2022-12-28,Gold
C2399,Heriberto Calderon Ortiz,30,M,Los Olivos,pprado@gabaldon-canete.es,2022-02-04,Gold
C2400,Tecla Llobet-Vélez,25,F,San Borja,uriajulia@hotmail.com,2024-04-26,Gold
C2401,Ruth Grau Pujadas,16,F,Surco,lilloconsuela@hotmail.com,2022-07-04,Gold
C2402,Dafne Pardo Morcillo,21,F,Jesús María,agustin30@penas-mendizabal.es,2022-09-09,Básico
C2403,Gabriel Zurita Ayllón,27,M,Jesús María,gertrudisvalentin@crespi.com,2022-05-29,Gold
C2404,Elpidio Sainz Salcedo,16,M,Jesús María,vanesa61@gomis-castellanos.es,2023-12-06,Básico
C2405,Marina Barranco,22,F,SJL,carrascopatricio@julian-urena.es,2023-08-05,Gold
C2406,Sosimo Valera Bauzà,33,M,Surco,maria48@hotmail.com,2023-01-30,Gold
C2407,Norberto Lumbreras Gutierrez,32,M,San Isidro,xmontserrat@hotmail.com,2022-04-16,Gold
C2408,Matías Planas Arnaiz,34,M,San Miguel,gilberto07@asenjo-barros.com,2023-10-24,Platinum
C2409,Rufina Pareja,26,F,Surquillo,jose-antonio36@hotmail.com,2022-11-24,Silver
C2410,Celso Saura Medina,17,M,Pueblo Libre,ynavas@yahoo.com,2023-05-21,Platinum
C2411,Luis Águila Alvarez,24,M,Breña,nazariomontes@huerta.net,2022-05-03,Básico
C2412,Araceli Ibáñez,21,F,San Borja,piquervicente@gutierrez-duenas.es,2022-12-01,Platinum
C2413,Juanito Molina Mayol,34,M,Miraflores,orocamora@acedo-quero.net,2022-10-19,Básico
C2414,Augusto Cruz Calvo,30,M,La Molina,casasalbano@camps.com,2022-05-15,Platinum
C2415,Gilberto Pont Verdugo,33,M,San Miguel,luzfernanda@yahoo.com,2023-06-25,Básico
C2416,Victoria Hervia Teruel,16,F,Surco,alvaradojuan-carlos@hotmail.com,2023-04-27,Básico
C2417,Andrea Catalá Infante,25,F,La Molina,eusebia28@hotmail.com,2022-11-21,Gold
C2418,Fernanda del Cantón,18,F,Lince,chitamartin@gmail.com,2024-03-04,Gold
C2419,Merche Palomar,35,F,Miraflores,lrosado@delgado-sevilla.org,2023-02-07,Gold
C2420,Ignacia Castejón Donaire,31,F,Surquillo,titodominguez@aviles-godoy.net,2023-10-19,Básico
C2421,Ileana Lorenza Alvarez Soria,35,F,Surco,valeriomerino@nebot-tejada.es,2022-01-30,Silver
C2422,Alfonso Jorge Amorós Milla,16,M,Los Olivos,tsanmiguel@mugica.com,2022-04-18,Gold
C2423,Visitación Mínguez-Tello,23,F,Los Olivos,reigremedios@osorio-canet.net,2022-04-01,Silver
C2424,Rita Diéguez Reyes,33,F,Miraflores,anacletoborras@gmail.com,2023-12-06,Básico
C2425,Amanda Amores Olivé,17,F,Surco,alevalle@hotmail.com,2022-02-19,Gold
C2426,Cruz Morillo,24,M,Jesús María,albavicenta@angulo-esteve.es,2023-12-06,Platinum
C2427,Febe Vendrell Porta,21,F,San Miguel,rozasbelen@hotmail.com,2022-05-22,Platinum
C2428,Florentino Jara Mas,20,M,Jesús María,ylujan@yahoo.com,2024-06-01,Silver
C2429,Trinidad Gámez Abril,30,F,Callao,rosario84@yahoo.com,2022-05-06,Silver
C2430,Maribel Pardo Juárez,31,F,La Molina,baezagerman@hotmail.com,2022-11-26,Platinum
C2431,Ciriaco Lucena Hoyos,18,M,La Molina,navasvirgilio@yahoo.com,2024-02-24,Gold
C2432,Clímaco Roca,27,M,Lince,llobetadriana@gmail.com,2024-05-05,Silver
C2433,Gastón del Rueda,18,M,Surco,valerio84@nogues.es,2023-05-22,Básico
C2434,Tito Valerio Gras Echevarría,16,M,Callao,nolivera@nunez.org,2022-08-10,Platinum
C2435,Ignacia Girón Ballester,22,F,SJL,arnaizveronica@llamas.com,2022-04-18,Gold
C2436,Trinidad Pomares Carballo,34,M,Pueblo Libre,rbermejo@gmail.com,2023-06-25,Gold
C2437,Ofelia Bravo-Cortés,30,F,Callao,vitocamps@yahoo.com,2022-06-07,Básico
C2438,Nacho Peiró Trillo,23,M,San Miguel,maria-manuela98@amoros.es,2023-01-08,Platinum
C2439,Soledad del Gutiérrez,35,F,Lince,noemitorres@hotmail.com,2022-07-27,Platinum
C2440,Edu Pinto Alcázar,18,M,La Molina,anitaalcalde@hotmail.com,2023-03-10,Silver
C2441,Gertrudis Barceló Vallejo,34,F,Callao,ramonazabala@zamora.es,2022-04-15,Silver
C2442,Mar Falcón Romero,19,F,Comas,azucenasaavedra@hotmail.com,2022-04-23,Silver
C2443,Flavio del Núñez,30,M,Los Olivos,mariselagrau@batlle-navarro.com,2022-10-01,Básico
C2444,Guiomar Losada-Soria,32,F,SJL,lsans@hotmail.com,2022-12-27,Gold
C2445,Reinaldo Nuñez Andres,33,M,Surco,ynino@haro.es,2022-12-29,Platinum
C2446,Bernardino Borrego Cordero,20,M,Breña,reyescontreras@gmail.com,2023-05-30,Platinum
C2447,Teófila Sans Aguiló,17,F,SJL,candelaria06@yahoo.com,2022-10-07,Gold
C2448,Abilio Galvez Ripoll,17,M,Callao,leon69@hotmail.com,2023-01-27,Platinum
C2449,Jacobo Valle Páez,25,M,San Isidro,baronherberto@hotmail.com,2023-02-17,Silver
C2450,Ileana Clementina Cervantes Palomino,32,F,San Borja,reinaldo29@cabello-jerez.com,2023-05-21,Platinum
C2451,Eugenio de Revilla,17,M,Callao,ialcantara@hierro.net,2022-09-12,Básico
C2452,Adolfo Pereira-Manjón,19,M,Miraflores,andressomoza@colom.es,2022-02-06,Gold
C2453,Berto Valverde Barco,18,M,Lince,xbarrera@alcantara-daza.es,2022-04-14,Gold
C2454,Edgardo Hoz,35,M,Comas,encarnacion08@amador.es,2024-01-04,Platinum
C2455,Marianela Tirado-Comas,28,F,Surco,ferreropancho@lorenzo-cisneros.com,2022-08-14,Gold
C2456,Salomé Valencia Ródenas,22,F,Los Olivos,contrerashumberto@berenguer.com,2024-03-15,Silver
C2457,Otilia Garcia-Nieto,25,F,Comas,lcarmona@seco.net,2023-09-03,Gold
C2458,Geraldo Calatayud Sans,19,M,Los Olivos,vivianazabaleta@escolano-fuentes.com,2023-05-31,Platinum
C2459,Rosaura Ferrera Donoso,23,F,Los Olivos,sevillabuenaventura@ballesteros-lumbreras.net,2022-11-19,Básico
C2460,Alfredo Pallarès Villalobos,21,M,Jesús María,andrearoca@gmail.com,2023-04-12,Silver
C2461,Patricio Gil Iriarte,31,M,Breña,carranzaalonso@campos.org,2022-12-09,Básico
C2462,Saturnino Córdoba Río,24,M,San Miguel,roldan54@gmail.com,2022-03-20,Silver
C2463,Felipe Lucas,35,M,Jesús María,fabiolaquintero@gmail.com,2023-05-01,Básico
C2464,Amalia Costa-Menéndez,23,F,SJL,toribioespejo@pazos-esteban.es,2022-04-23,Básico
C2465,Teo Armando Villar Herrero,34,M,Callao,julie81@gmail.com,2022-10-25,Silver
C2466,Atilio Marin Quintero,20,M,Pueblo Libre,fcosta@cabanas.es,2022-04-07,Básico
C2467,Prudencia Palomares Reyes,26,F,SJL,bhidalgo@aragon-hidalgo.com,2023-05-18,Gold
C2468,Pili de Bayona,31,F,La Molina,adela41@hotmail.com,2023-01-09,Platinum
C2469,Juan Mayol-Montaña,27,M,La Molina,carolinapinto@bernat.com,2023-12-29,Gold
C2470,Rafaela Alcaraz Muñoz,19,F,La Molina,cebrianalegre@gmail.com,2023-12-04,Básico
C2471,Elpidio Berrocal Sainz,29,M,Surquillo,lidiacerro@canovas.es,2022-08-14,Silver
C2472,América de Alfaro,31,F,Miraflores,ymonreal@gmail.com,2022-09-08,Platinum
C2473,Fortunata Ureña-Guillen,22,F,Comas,araceliaranda@yahoo.com,2022-04-02,Silver
C2474,Sofía del Vilar,19,F,La Molina,qmedina@yahoo.com,2024-06-17,Platinum
C2475,Maximiano Faustino Beltrán Perera,24,M,San Miguel,roquesolis@hotmail.com,2023-11-27,Gold
C2476,Trini Artigas,28,F,San Borja,pozuelonatividad@hotmail.com,2023-03-04,Gold
C2477,Lucía de Guzman,22,F,Miraflores,plaeloisa@benito.com,2023-08-17,Gold
C2478,Plácido Corominas-Busquets,29,M,Pueblo Libre,morenobenet@yahoo.com,2023-04-11,Gold
C2479,Nydia Solano,19,F,Miraflores,carmelopera@bueno.com,2023-05-26,Silver
C2480,Petrona del Jordán,20,F,Lince,gala20@yahoo.com,2022-10-24,Silver
C2481,Matilde Miralles Domínguez,31,F,La Molina,josefinareguera@baron-campo.com,2022-03-08,Gold
C2482,Abel Dominguez Barón,30,M,Miraflores,juanvalcarcel@hotmail.com,2022-08-11,Gold
C2483,Tadeo Soler Galván,17,M,SJL,earcos@jodar.es,2022-11-10,Básico
C2484,Xiomara Arana-Salmerón,27,F,Callao,morenoapolinar@pena-echevarria.es,2024-05-04,Básico
C2485,Ceferino Losada Camino,24,M,Los Olivos,leocadio25@plaza.es,2022-12-25,Gold
C2486,Bautista del Bautista,18,M,Comas,victorcalderon@pazos-guzman.es,2022-10-05,Silver
C2487,Domingo Codina-Puig,29,M,San Borja,juan-manuel32@yahoo.com,2022-03-24,Gold
C2488,Elías Luís Raya,17,M,SJL,amelia92@yahoo.com,2022-12-30,Silver
C2489,Remedios Alberto,29,F,Breña,carpiosaturnino@yahoo.com,2022-04-11,Gold
C2490,Irma Palomino,35,F,La Molina,veraalonso@posada-casas.es,2022-06-27,Platinum
C2491,Manu Salinas Aparicio,34,F,Los Olivos,hpera@perea.org,2023-12-01,Silver
C2492,Irma Montero Juan,20,F,Breña,blanca60@hotmail.com,2023-07-22,Silver
C2493,Perlita Fuente Alcalde,25,F,Surco,cperalta@palma.net,2022-11-01,Platinum
C2494,Jorge Arana Saura,28,M,Pueblo Libre,maximoginer@ballesteros.org,2024-06-15,Platinum
C2495,Trinidad Barragán,20,M,Lince,florespanol@hotmail.com,2023-03-29,Gold
C2496,Mariana Tomé-Clemente,30,F,Jesús María,afuentes@hierro.com,2023-03-14,Platinum
C2497,Ana Solís-Ortiz,29,F,SJL,eugenia99@gil.es,2022-01-29,Básico
C2498,Lucila Febe Manrique Río,18,F,Pueblo Libre,jvalencia@borras.com,2022-05-24,Gold
C2499,Pancho Celso Peñalver Gallego,34,M,Lince,espinosapalmira@angel.com,2023-01-18,Silver
C2500,Tecla Olivia Hervia Seco,17,F,Pueblo Libre,lpineda@yahoo.com,2024-05-15,Platinum
C2501,Baltasar de Perera,28,M,Callao,marinonieto@gmail.com,2022-01-07,Platinum
C2502,Fidela Urrutia Manuel,17,F,Surco,victorcuervo@gibert-sola.es,2022-02-26,Gold
C2503,Jordi de Alemany,26,M,San Borja,sarana@hotmail.com,2022-04-10,Gold
C2504,Camila Guerrero Garzón,26,F,Surquillo,jzorrilla@gmail.com,2022-03-04,Básico
C2505,Edmundo del Barriga,22,M,Lince,aguedapalomar@anton.org,2022-05-28,Platinum
C2506,Abraham Martin Pol,23,M,San Miguel,deboraescamilla@arroyo.com,2023-11-23,Silver
C2507,Calixta Yuste García,25,F,Comas,lorenzafrutos@hidalgo-santos.com,2022-01-07,Platinum
C2508,Martín Herminio Macias Ibáñez,19,M,Surco,oscarberenguer@cobo.com,2022-01-01,Silver
C2509,Gustavo Marin Cuervo,32,M,Surco,segarraemperatriz@aguado.es,2022-09-11,Silver
C2510,Alonso Diaz Urrutia,31,M,Miraflores,robertobaquero@lluch.es,2024-05-02,Platinum
C2511,Calista Aranda Sanmartín,17,F,San Miguel,pagesbenjamin@gimeno.org,2022-05-05,Gold
C2512,Mayte Cantón Hernando,31,F,Los Olivos,brigida34@rovira-torrents.net,2024-04-19,Silver
C2513,Julieta Soriano,35,F,Callao,montalbannacio@campoy.org,2023-03-26,Básico
C2514,Maricela Alcalá Lumbreras,20,F,Callao,juanacatala@sotelo-patino.com,2022-01-23,Silver
C2515,Rogelio Pombo Casas,23,M,Los Olivos,spatino@gmail.com,2023-06-08,Silver
C2516,Marcia Cueto-Cruz,31,F,La Molina,bernardinoesparza@hotmail.com,2022-10-24,Básico
C2517,Lupita Piñol Gallardo,27,F,Callao,brionesnicodemo@valderrama.es,2022-10-09,Platinum
C2518,Esmeralda Raya-Bustos,19,F,SJL,azaharapenas@gmail.com,2023-03-03,Platinum
C2519,Eladio Osorio Bosch,16,M,La Molina,vpi@cruz.com,2023-04-14,Básico
C2520,Saturnina Ortega Rosales,16,F,San Borja,mamen22@manuel.com,2022-11-07,Básico
C2521,Amalia Marcos Parejo,17,F,San Miguel,rosendo42@blanes.com,2022-12-30,Silver
C2522,Zoraida Vallés Roma,30,F,La Molina,salmeronraul@gmail.com,2022-01-10,Silver
C2523,Vanesa Asensio Robledo,32,F,Surquillo,ainoabartolome@yahoo.com,2024-05-31,Silver
C2524,Eligia Tur Cañizares,32,F,Breña,mcalzada@gmail.com,2023-06-10,Básico
C2525,Amador Plaza Figueras,20,M,Jesús María,galobenito@escribano.es,2023-11-03,Gold
C2526,Mónica Huerta Izaguirre,20,F,La Molina,ojaen@guillen-tamayo.com,2024-03-14,Gold
C2527,Maura Castejón Santamaría,18,F,San Miguel,isidorabravo@hotmail.com,2024-05-09,Platinum
C2528,Pascuala Berrocal Donoso,31,F,San Borja,cruz07@gmail.com,2023-11-06,Silver
C2529,Maura Vélez Barberá,20,F,Comas,ycalderon@gmail.com,2022-11-28,Gold
C2530,Charo Sevilla-Folch,18,F,Miraflores,gutierrezgalo@nadal-enriquez.com,2022-01-31,Silver
C2531,Rolando Valderrama Acero,19,M,Callao,alexandra92@giron.com,2022-04-19,Platinum
C2532,Leire Villa Frutos,26,F,Pueblo Libre,irene68@cabrera.es,2022-08-26,Silver
C2533,Isidro Viñas Mateos,21,M,Comas,fgimeno@gutierrez.es,2023-01-29,Platinum
C2534,Eusebio Carreras Gibert,17,M,San Borja,inigobenet@hotmail.com,2022-09-14,Básico
C2535,Pancho Casares Fajardo,18,M,SJL,imeldacabo@yahoo.com,2024-02-21,Gold
C2536,Esteban Marquez Campo,21,M,Jesús María,carmelo73@yahoo.com,2022-04-21,Platinum
C2537,Zaida Boix Estevez,20,F,Callao,cerezodani@hotmail.com,2023-08-11,Silver
C2538,Valerio Colomer Parra,24,M,SJL,lbarrio@frias.org,2023-03-25,Gold
C2539,Graciano Trinidad Vargas Mariscal,22,M,Comas,casasjose-angel@catala.net,2022-06-15,Platinum
C2540,Teo Lerma Manzano,18,M,San Borja,bustosraquel@gmail.com,2022-01-25,Básico
C2541,Aristides Mauricio Nogués Cózar,17,M,Pueblo Libre,almeidairene@hotmail.com,2022-05-24,Básico
C2542,Fortunata Ramírez,29,F,San Borja,ortizviviana@asenjo.com,2023-07-14,Básico
C2543,Lara Filomena Arce Escrivá,21,F,Callao,nuria60@cuellar.es,2024-01-18,Platinum
C2544,Damián Boix Carmona,22,M,San Borja,yolanda83@gmail.com,2024-04-27,Platinum
C2545,Margarita Palomo,27,F,San Borja,eustaquio77@yahoo.com,2023-07-27,Silver
C2546,Albano Roma Vicens,30,M,Breña,valemany@amador.es,2023-10-03,Platinum
C2547,Apolinar Palau Villalobos,34,M,Surco,pvalderrama@pino-alemany.net,2022-05-11,Gold
C2548,Juan Bautista del Verdugo,19,M,SJL,berto25@echeverria-leon.es,2022-08-25,Básico
C2549,Áurea Nélida Sureda Torrents,16,F,San Isidro,qcarro@carballo.net,2024-04-21,Gold
C2550,Lilia Mateo Gutierrez,28,F,Comas,prudencio82@yahoo.com,2023-01-02,Básico
C2551,Cebrián Crespo Borrego,25,M,Surco,xquerol@gmail.com,2023-07-02,Silver
C2552,María Manuela Rosa María Baquero Calderón,28,F,San Borja,pablo68@solsona-talavera.com,2022-02-28,Básico
C2553,Rebeca Adadia Román,24,F,Callao,sabina10@hotmail.com,2022-01-31,Básico
C2554,Marisa Agullo Puerta,29,F,La Molina,adadiafito@batalla-casares.net,2022-07-25,Gold
C2555,Virgilio Rubio-Llobet,20,M,San Isidro,camilagutierrez@hotmail.com,2023-07-15,Gold
C2556,Plinio Piña Calderón,23,M,SJL,peraltaelba@yahoo.com,2022-03-16,Básico
C2557,Francisca Pinedo-Yuste,18,F,Breña,opintor@yahoo.com,2023-09-05,Básico
C2558,Ligia de Tomas,20,F,La Molina,maritavalentin@domenech.com,2024-01-11,Básico
C2559,Sabas Ferrera-Torrecilla,17,M,SJL,jborrego@vigil.com,2023-06-04,Silver
C2560,Miriam Borrell,29,F,SJL,severinovaldes@cobos.com,2022-11-07,Silver
C2561,Raimundo de Morata,17,M,Miraflores,estevezleonardo@gmail.com,2024-03-03,Silver
C2562,María Manuela Borja Martorell,16,F,Lince,isabel91@hotmail.com,2023-05-09,Básico
C2563,Zoraida Nadal Santos,28,F,Comas,pepitamur@gmail.com,2022-05-09,Platinum
C2564,Carmela Salazar Badía,33,F,Los Olivos,wquevedo@catalan.es,2022-04-29,Platinum
C2565,Alejo Bárcena Palmer,35,M,San Miguel,jvidal@santana.es,2023-01-12,Gold
C2566,Mohamed Correa-Diego,26,M,Breña,esegarra@raya-coca.es,2022-03-01,Silver
C2567,Hector Hernández,18,M,San Borja,montserrat61@yahoo.com,2022-01-11,Silver
C2568,Manuelita Ramón Bertrán,33,F,San Borja,ffranch@yahoo.com,2022-02-16,Básico
C2569,Edgardo Lucena Gisbert,17,M,Surco,ritacatala@gmail.com,2022-02-28,Silver
C2570,Griselda Briones Fonseca,21,F,La Molina,leoncio86@yahoo.com,2022-02-14,Gold
C2571,Paca de Ojeda,35,F,Callao,zcatala@cabeza.com,2022-09-08,Gold
C2572,Ale Mosquera Alcaraz,35,M,Breña,anarodrigo@anguita.es,2023-05-06,Básico
C2573,Chema Barceló Vidal,18,M,La Molina,tbalaguer@gmail.com,2023-07-11,Silver
C2574,Manola Bárcena,27,F,San Miguel,tomasaagustin@egea.es,2024-05-29,Silver
C2575,Nicolasa Solís Anglada,25,F,Jesús María,gisela66@gmail.com,2024-03-09,Gold
C2576,Juan José Agudo Llobet,32,M,San Miguel,montserratvenceslas@gmail.com,2022-10-01,Gold
C2577,Bernabé Arce Fuente,17,M,Jesús María,jcifuentes@cruz.es,2023-02-25,Platinum
C2578,Valeria Vidal Zapata,18,F,San Isidro,estevezsevero@martinez.com,2022-05-21,Silver
C2579,Calixta León,33,F,San Isidro,manuelencarna@dieguez.org,2022-05-06,Gold
C2580,Teodosio Aroca Verdejo,17,M,San Isidro,xiomararamon@yahoo.com,2023-12-17,Platinum
C2581,Javiera Pardo Pablo,19,F,Miraflores,juanita49@gmail.com,2023-05-26,Básico
C2582,Abigaíl Montesinos Ibáñez,24,F,San Borja,vicensmarta@bueno-torres.es,2023-01-29,Gold
C2583,Ale Manso-Carbó,17,M,La Molina,clotilde24@gmail.com,2024-05-25,Platinum
C2584,María Dolores Belda Manrique,16,F,Surquillo,alvarocosta@hotmail.com,2023-01-27,Platinum
C2585,Encarna Gaya Toro,17,F,San Isidro,jborrego@yahoo.com,2022-07-30,Platinum
C2586,Ale Perea Pina,29,M,Lince,alonso57@hotmail.com,2022-02-23,Gold
C2587,Edu del Hervás,33,M,Pueblo Libre,ambar43@gmail.com,2022-12-23,Básico
C2588,Xiomara Ileana Hernández Capdevila,24,F,Pueblo Libre,bmartorell@ortega.com,2024-02-11,Silver
C2589,Juanito Eligio Vila Rosales,26,M,Comas,ximena45@hotmail.com,2024-04-29,Platinum
C2590,Maribel Iborra Tamayo,17,F,Pueblo Libre,mariaguillen@hotmail.com,2022-04-22,Platinum
C2591,Nydia Jordana Ugarte Águila,33,F,SJL,josealvarez@martinez-cardenas.es,2023-03-11,Gold
C2592,Óscar Montalbán,28,M,SJL,kortuno@hotmail.com,2024-02-03,Silver
C2593,Rómulo Mendez,16,M,La Molina,curro56@marquez.com,2024-03-29,Gold
C2594,Espiridión Patricio Cañizares Sanabria,23,M,Pueblo Libre,loreto36@manso.es,2023-07-10,Gold
C2595,Tamara Gallo Izquierdo,34,F,Breña,baezacecilia@yahoo.com,2022-02-09,Gold
C2596,Iris Vendrell-Perez,24,F,Callao,barcenamar@ruano-ferrandiz.es,2022-09-14,Básico
C2597,Remigio de Alemán,25,M,San Borja,mugicateodora@verdu-goicoechea.com,2023-11-08,Gold
C2598,Marta Ramos Sanjuan,21,F,SJL,rtorralba@hotmail.com,2023-04-19,Básico
C2599,Anna Montoya Querol,16,F,SJL,vayllon@adadia-godoy.org,2022-02-07,Gold
C2600,Aurelia Baena Valencia,33,F,San Isidro,fabricio47@torre.es,2023-02-23,Básico
C2601,Joel Poza Gómez,24,M,San Miguel,gamezsocorro@galvez.com,2023-09-17,Gold
C2602,Saturnino Corominas Madrigal,30,M,Los Olivos,carolina34@amores.es,2022-09-22,Gold
C2603,Coral Ainoa Manzanares Valderrama,31,F,Los Olivos,ambar49@lumbreras-bosch.com,2022-08-21,Silver
C2604,Herberto Farré,35,M,Callao,gcarvajal@vila-prado.es,2022-02-20,Silver
C2605,Borja de España,17,M,Los Olivos,norberto46@hotmail.com,2023-12-02,Platinum
C2606,Marisela Ribes Moliner,17,F,Lince,joaquin38@barroso.es,2024-01-05,Silver
C2607,Vinicio Garrido Cuevas,24,M,La Molina,ainara27@yahoo.com,2022-01-17,Gold
C2608,Flavio Casanova Duque,35,M,San Isidro,yleon@cordoba.com,2022-12-25,Básico
C2609,Cebrián Duilio Sabater Carmona,32,M,SJL,darino@hotmail.com,2022-04-26,Básico
C2610,Ezequiel Andreu Ríos,22,M,Jesús María,santostono@yahoo.com,2023-08-08,Gold
C2611,Abigaíl Custodia Malo Moreno,18,F,Callao,qgaliano@hotmail.com,2023-03-13,Gold
C2612,Marco Bernardino Parejo Marin,16,M,Jesús María,verdugoluz@gmail.com,2023-09-14,Gold
C2613,Merche Izquierdo Mur,29,F,San Miguel,pvicens@yahoo.com,2023-10-30,Gold
C2614,Graciana Cuervo Toledo,25,F,San Borja,capdevilateofila@guzman.com,2022-02-01,Silver
C2615,Inés de Varela,17,F,La Molina,kvazquez@hotmail.com,2022-06-03,Básico
C2616,Ramiro Salamanca Páez,35,M,San Isidro,pereraeugenia@yahoo.com,2024-04-07,Gold
C2617,Olga de Osorio,22,F,Breña,haroldosalinas@angulo.es,2024-04-30,Básico
C2618,Xavier Merino Peñalver,28,M,Pueblo Libre,maria-carmen26@hotmail.com,2023-10-27,Básico
C2619,Isaías Bru Pardo,23,M,San Borja,mercedes21@delgado-gibert.org,2023-05-31,Platinum
C2620,Régulo Ariza Olmo,32,M,Pueblo Libre,rodrigo47@yahoo.com,2022-02-22,Platinum
C2621,Mirta Fortuny Gallardo,26,F,La Molina,irisvillanueva@lucas.org,2022-07-19,Gold
C2622,Ruperto Ferrándiz-Ferreras,26,M,San Isidro,ivan80@sarabia.es,2024-03-29,Gold
C2623,Rufino Marin Balaguer,30,M,Jesús María,griseldagodoy@yahoo.com,2024-02-06,Básico
C2624,Hector Cerro-Báez,30,M,Comas,teodororius@trujillo.es,2023-02-24,Gold
C2625,Virgilio Baudelio Caro Soriano,27,M,Lince,ortegagustavo@hotmail.com,2023-06-02,Básico
C2626,Asunción Castillo,31,F,San Borja,renata10@yahoo.com,2022-08-24,Platinum
C2627,Nerea Mínguez Palomo,23,F,San Borja,wilfredochamorro@heredia-cuadrado.com,2024-04-27,Silver
C2628,Ruy Galán Enríquez,29,M,Callao,bruano@marmol.com,2023-08-22,Silver
C2629,Azeneth Amanda Paniagua Garzón,25,F,Jesús María,claraponce@vaquero.net,2022-11-18,Básico
C2630,Clímaco Serrano,29,M,Breña,bvicens@yahoo.com,2023-06-02,Silver
C2631,Chus Fuster Ros,22,F,San Miguel,gracielafabregas@gmail.com,2022-07-04,Platinum
C2632,Ignacio Durán,21,M,Surco,pacifica59@gomez.com,2023-03-05,Gold
C2633,Anastasia Padilla Vaquero,19,F,Los Olivos,tarce@yahoo.com,2024-06-09,Básico
C2634,Anunciación Marcela Ribes Llano,16,F,Comas,maxi23@abellan-muro.org,2022-06-20,Básico
C2635,Cándido Polo Tejera,32,M,Surquillo,gordillomarina@torre.es,2023-06-27,Platinum
C2636,Filomena Piquer Segovia,27,F,Los Olivos,amayaruano@guillen.com,2023-02-16,Silver
C2637,Bienvenida Murillo Orozco,19,F,Jesús María,albina13@aragon-segarra.org,2024-04-24,Gold
C2638,Leandro Calzada Aller,17,M,Surco,rufina60@gmail.com,2024-01-27,Gold
C2639,Candelaria Garay Campo,29,F,Callao,parejoarmando@fuertes.com,2023-04-06,Platinum
C2640,Febe Galvez Boix,31,F,Comas,gbenet@salamanca.com,2022-05-18,Silver
C2641,Fabián Toni Pou Peiró,20,M,San Miguel,cerveraasdrubal@gmail.com,2022-01-08,Gold
C2642,Tania Puga Corbacho,28,F,Jesús María,pintomaxima@mas.org,2023-03-26,Silver
C2643,Georgina Roig Roldan,19,F,San Isidro,manuelita61@luis.com,2022-11-01,Platinum
C2644,Marta Corbacho Matas,17,F,San Borja,lviana@rosell.com,2023-06-15,Platinum
C2645,Rebeca Vicens Solera,26,F,Breña,montserratcarmina@hotmail.com,2022-11-23,Silver
C2646,Ale Bernat Márquez,17,M,Surquillo,qsuarez@yahoo.com,2024-01-23,Silver
C2647,Estefanía Lozano Campos,32,F,La Molina,severinocabezas@millan.es,2023-08-12,Gold
C2648,José Varela-Borrás,27,M,La Molina,camilaasenjo@gmail.com,2022-06-19,Básico
C2649,Viviana Alonso Perera,24,F,SJL,rosalvacalvo@gmail.com,2023-03-26,Silver
C2650,Candelario del Chico,25,M,San Miguel,anastasia12@hotmail.com,2022-09-23,Básico
C2651,Marcelino Huertas Gilabert,24,M,Los Olivos,aureatorralba@talavera-iglesias.org,2022-04-09,Silver
C2652,Gastón Roura Mascaró,16,M,San Borja,kmiro@gmail.com,2022-02-10,Silver
C2653,Atilio Rodolfo Vizcaíno Alfonso,31,M,Surquillo,leonardopino@cervantes-benito.es,2024-04-22,Básico
C2654,Adoración Belen Gimeno Chaves,22,F,La Molina,nilda51@yahoo.com,2023-08-08,Platinum
C2655,Amparo Fanny Noriega Peinado,32,F,Los Olivos,iniguezmaxi@gomila-cervantes.net,2024-04-30,Platinum
C2656,Iris Vigil Bayón,19,F,Comas,jose-angel40@gmail.com,2023-12-25,Básico
C2657,Amanda Armengol Nuñez,29,F,SJL,reyesaguilera@yahoo.com,2022-09-27,Básico
C2658,Santiago Navarrete Benitez,24,M,Comas,victorinocomas@gmail.com,2023-11-16,Básico
C2659,Gala de Leon,18,F,Comas,alcides73@yahoo.com,2024-03-23,Silver
C2660,Alberto Escrivá Bejarano,26,M,Los Olivos,ericpedro@hotmail.com,2023-06-04,Gold
C2661,Socorro Paniagua Diaz,30,F,Callao,morenosalcedo@yahoo.com,2024-01-24,Básico
C2662,Julieta Marin-Gallart,17,F,Breña,angelicaalcala@hoz-alegre.net,2022-04-13,Gold
C2663,Alberto del Cózar,33,M,Callao,mayala@osorio.es,2024-05-07,Básico
C2664,Dionisio Gutierrez Nebot,23,M,Los Olivos,gsegura@soto.net,2023-08-24,Platinum
C2665,Marcelo Bayo Cañellas,22,M,La Molina,celestino26@yahoo.com,2023-04-27,Silver
C2666,Carmina Calvo Iniesta,21,F,Comas,guerrerooctavia@adan-peralta.es,2023-05-24,Gold
C2667,Anastasio Iker Gracia Vigil,22,M,Callao,ivalenciano@hotmail.com,2024-06-15,Básico
C2668,Óscar Espinosa Gomez,16,M,Breña,tmayoral@osuna-rubio.org,2022-03-10,Platinum
C2669,Adán Maza Pou,21,M,Miraflores,prossello@luis.com,2023-03-05,Gold
C2670,Pía Renata Isern Bermudez,34,F,San Isidro,ysalas@gmail.com,2023-10-16,Gold
C2671,Ester Bas Nevado,32,F,Callao,carlota44@yahoo.com,2022-07-04,Gold
C2672,Leopoldo Huguet-Priego,25,M,Callao,jsantamaria@hotmail.com,2023-05-12,Platinum
C2673,Haydée Arenas-Cadenas,35,F,Jesús María,lucenaselena@sarabia-borja.com,2023-07-11,Platinum
C2674,Abigaíl Vigil Aznar,19,F,San Isidro,tadeomarino@yahoo.com,2022-04-26,Gold
C2675,Violeta Figueroa Fernández,30,F,Jesús María,ignacionavarro@yahoo.com,2022-09-11,Platinum
C2676,Isidro Talavera Casanovas,21,M,SJL,beatriz43@gmail.com,2022-11-23,Básico
C2677,Azeneth del Vicente,28,F,Comas,bfeliu@yahoo.com,2022-05-12,Platinum
C2678,Maristela Álamo Priego,35,F,Breña,asdrubal83@gmail.com,2023-12-05,Silver
C2679,Fabio Desiderio Cáceres Millán,25,M,La Molina,rufinomarino@perera-ramirez.com,2023-06-04,Silver
C2680,Ainoa Alberto-Ropero,17,F,Lince,conrado83@gmail.com,2024-03-01,Gold
C2681,Nuria Aguilera Vicens,26,F,Breña,ppizarro@ocana.org,2023-02-05,Platinum
C2682,Araceli Pedrero Vallés,28,F,La Molina,trinidad78@rebollo.es,2022-02-25,Gold
C2683,Dorita Paniagua Fernandez,23,F,Jesús María,rabril@hotmail.com,2023-10-14,Básico
C2684,Ana Sofía Robledo Boada,30,F,Breña,arandaflorentino@gmail.com,2022-08-15,Silver
C2685,Amado Colomer Ruiz,19,M,San Borja,jordana50@hotmail.com,2023-09-18,Gold
C2686,Gerardo Jimenez Anaya,35,M,Lince,aznarciro@gmail.com,2022-01-21,Básico
C2687,África Tolosa Jove,18,F,Pueblo Libre,lizquierdo@yahoo.com,2023-12-23,Gold
C2688,Encarnacion Batalla Nicolás,33,F,Surco,verdejosamu@ortega.org,2023-11-02,Básico
C2689,Enrique Alcántara-Valenzuela,27,M,Lince,nilda51@gmail.com,2022-07-23,Silver
C2690,Olga Pozo,23,F,La Molina,nicolasa55@yahoo.com,2024-03-31,Silver
C2691,Encarna Peñalver,26,F,Breña,alosa@cozar-baro.com,2022-08-09,Silver
C2692,Dimas Teo Andres Sevilla,17,M,Surquillo,maria-dolorespacheco@yahoo.com,2022-01-21,Básico
C2693,Claudia Somoza Toro,31,F,Miraflores,rufinasandoval@berrocal.org,2022-06-10,Gold
C2694,Hortensia Febe Mata Maza,16,F,San Isidro,goliveras@hotmail.com,2023-10-09,Silver
C2695,Norberto Cerdá Martín,24,M,Comas,fabiolucena@gmail.com,2022-05-07,Platinum
C2696,María Cristina de Castro,20,F,Surquillo,tredondo@yuste.com,2024-01-29,Gold
C2697,Conrado Doménech Río,18,M,Surco,jeremiasribas@hotmail.com,2023-06-01,Platinum
C2698,Celso Edgardo Benito Vilalta,16,M,Comas,calamo@hotmail.com,2024-04-30,Silver
C2699,Lope Tomas Vaquero,34,M,Pueblo Libre,diazabel@yahoo.com,2023-02-05,Silver
C2700,Celestina Aller Roselló,26,F,Breña,ainarasalinas@tejera.es,2023-06-09,Básico
C2701,Daniela de Nieto,24,F,SJL,ricardoseco@hotmail.com,2022-07-27,Básico
C2702,Celia Ariza Mariscal,34,F,SJL,ernesto09@yahoo.com,2023-01-21,Gold
C2703,Ámbar Díaz Ferrera,18,F,San Isidro,amorarjona@hotmail.com,2023-02-21,Gold
C2704,América Zabaleta Ricart,25,F,San Miguel,malena91@yahoo.com,2023-12-21,Silver
C2705,Perla de Carreras,16,F,SJL,torrefernando@hotmail.com,2024-01-16,Platinum
C2706,Maricela Galán-Rosales,33,F,Comas,javiera44@yahoo.com,2022-04-21,Platinum
C2707,Buenaventura Fortuny Campillo,34,M,Miraflores,baezoctavia@gmail.com,2023-02-11,Silver
C2708,Florina Galván,27,F,SJL,hsuarez@velazquez-yanez.org,2023-07-31,Básico
C2709,Diana de Redondo,26,F,Los Olivos,matias76@yahoo.com,2024-04-09,Básico
C2710,Patricio José Manuel Bayón Juan,33,M,Los Olivos,oaramburu@talavera-bayon.es,2022-08-01,Platinum
C2711,Glauco Chucho Zapata Reig,18,M,Los Olivos,tperez@tenorio-gallego.com,2023-02-17,Platinum
C2712,Eugenio Oliva Quintanilla,17,M,Pueblo Libre,nechevarria@gmail.com,2023-05-21,Gold
C2713,Emma Doménech,25,F,Comas,ngelabert@hotmail.com,2022-12-12,Silver
C2714,Gonzalo Lloret-Rocha,26,M,Comas,yaiza43@benavent-calderon.com,2023-08-02,Platinum
C2715,León Maza-Amaya,24,M,Comas,oliveraadan@hotmail.com,2022-08-03,Platinum
C2716,Brunilda Ramis Gimenez,26,F,Callao,ppablo@flor.es,2022-08-30,Gold
C2717,Fortunata Marqués Valero,31,F,Lince,faragon@hotmail.com,2023-07-23,Básico
C2718,Esteban Mir Diéguez,29,M,Comas,kizquierdo@hotmail.com,2022-03-21,Platinum
C2719,Juan Vargas,16,M,Los Olivos,zcordoba@checa-acevedo.net,2023-06-17,Básico
C2720,Mohamed Olivares Gallego,22,M,SJL,sevillaelvira@esparza.com,2024-06-09,Básico
C2721,Bernardo Palmer,29,M,SJL,cresporosalia@verdugo.net,2022-06-24,Platinum
C2722,Fernando Fonseca Chaves,33,M,Breña,andresmilla@hotmail.com,2023-02-13,Básico
C2723,Luz Rico Esteve,19,F,Breña,tomas15@yahoo.com,2022-10-29,Gold
C2724,Florina Nadia Arcos Montero,35,F,San Miguel,ricardodomingo@toledo.com,2023-01-16,Silver
C2725,Raimundo Chaves Belda,25,M,Lince,dalilamancebo@blazquez.com,2023-12-03,Silver
C2726,Remedios del Fiol,32,F,San Borja,rufina12@requena.com,2022-09-15,Platinum
C2727,Julia Peñalver,22,F,San Miguel,montoyayaiza@rivero-casas.com,2022-12-05,Silver
C2728,Juan José Mayol Ferrándiz,32,M,Comas,aureliohernandez@palomar-salom.com,2024-04-29,Platinum
C2729,Vicente del Pizarro,26,M,Breña,juanita72@gmail.com,2022-07-03,Silver
C2730,Alondra Padilla Salcedo,18,F,Miraflores,consuelo06@miguel.com,2022-11-16,Silver
C2731,Cirino Jara,19,M,Lince,moranmanola@villaverde.net,2023-04-15,Gold
C2732,Heliodoro Saura Solé,17,M,San Borja,cipriano03@hotmail.com,2023-04-25,Silver
C2733,Jose Ramón Fonseca,27,M,Callao,maura34@mateu.es,2023-07-27,Silver
C2734,Narcisa Muro,16,F,San Miguel,nicolaucintia@rio.es,2022-07-17,Gold
C2735,Dafne Salas Gual,29,F,San Borja,herviagilberto@gmail.com,2024-01-17,Gold
C2736,Amanda del Narváez,35,F,Pueblo Libre,lmontesinos@hotmail.com,2023-02-17,Gold
C2737,Anastasio Montoya Bernal,18,M,San Borja,julie13@yahoo.com,2022-06-06,Básico
C2738,Simón Macías-Daza,24,M,Los Olivos,rosellobernardita@gmail.com,2022-09-27,Básico
C2739,Demetrio Paco Nicolau Paz,32,M,San Borja,alfonsovirgilio@hotmail.com,2023-10-23,Platinum
C2740,Ágata Busquets Anguita,34,F,Pueblo Libre,mar90@yahoo.com,2024-05-23,Gold
C2741,Maricruz Martinez Espejo,22,F,Los Olivos,cazorin@hotmail.com,2022-01-03,Silver
C2742,Asdrubal Valenzuela Noriega,18,M,San Miguel,jordan55@bautista.es,2024-04-02,Silver
C2743,Bautista Cabeza Campo,21,M,SJL,qvalverde@miralles.es,2024-06-14,Básico
C2744,Evangelina Bermejo Coca,18,F,San Miguel,rzaragoza@dieguez-benitez.es,2022-02-23,Silver
C2745,Candelas Belmonte,29,F,Callao,amelia65@yahoo.com,2023-04-29,Gold
C2746,Águeda de Lasa,32,F,Pueblo Libre,querolnestor@gmail.com,2022-05-01,Silver
C2747,Tere Botella Vila,28,F,Pueblo Libre,palmira18@amigo.org,2023-01-30,Platinum
C2748,Obdulia Garcia Mercader,25,F,Surquillo,lunamendoza@canals.es,2023-06-19,Gold
C2749,Che Llamas Guzman,35,M,Surquillo,galmeida@gmail.com,2022-08-08,Silver
C2750,Emilia Palomo,20,F,Surquillo,huertasalmudena@arana.org,2023-03-24,Platinum
C2751,Perlita María José Ibañez Juliá,24,F,Callao,tluque@vera.org,2022-05-04,Platinum
C2752,Eugenia Márquez Mora,21,F,Miraflores,rcarreras@gmail.com,2024-06-05,Gold
C2753,Débora Piquer Valero,27,F,Comas,eleuterio75@llanos.org,2023-03-11,Silver
C2754,Hilario Losa Cardona,28,M,Jesús María,dgiralt@quintero.es,2022-07-03,Básico
C2755,Nacho Rodríguez Rosales,30,M,Jesús María,alamoflavio@cardenas-carrillo.es,2023-06-23,Silver
C2756,Rufino Martin Elías Solsona,34,M,La Molina,matilde12@castilla.com,2022-12-03,Básico
C2757,Elena Ana Sofía Nogueira Santamaria,24,F,Lince,magdalenaecheverria@hotmail.com,2022-01-14,Gold
C2758,Domingo Benavent Romero,24,M,Callao,navarretejudith@hotmail.com,2023-05-06,Platinum
C2759,Hugo Carballo-Castelló,24,M,La Molina,huertasnerea@pont.com,2023-10-03,Básico
C2760,Manolo Espinosa Cisneros,31,M,San Borja,obduliaamat@castells.es,2023-10-10,Platinum
C2761,Flavia Huertas Vázquez,21,F,SJL,luis98@mata-goni.com,2024-02-07,Básico
C2762,Jenaro Pinto Tovar,27,M,Miraflores,calistonavas@herrera.com,2023-09-20,Silver
C2763,Hector Barba-Clavero,20,M,Surco,aliagasamu@isern-palomino.com,2023-03-06,Básico
C2764,Isaías Pardo Oller,30,M,Callao,smanrique@gmail.com,2023-12-29,Básico
C2765,Zoraida Valle Jimenez,19,F,Surquillo,mariano00@suarez-palma.es,2023-07-12,Gold
C2766,Cosme Alegre Olmo,35,M,Comas,hegea@yahoo.com,2022-01-18,Gold
C2767,Etelvina Roldan Barros,21,F,San Miguel,petronaclemente@yahoo.com,2023-08-24,Gold
C2768,Claudio Mir Pujadas,28,M,Breña,pinoazahara@gmail.com,2024-05-07,Básico
C2769,Flavio Arnau,22,M,Surquillo,robertotrillo@yahoo.com,2024-02-19,Silver
C2770,Lola del Boada,18,F,Los Olivos,apoloniaoliver@gmail.com,2023-03-31,Básico
C2771,Laura Ureña Puga,35,F,San Isidro,pascuala40@gmail.com,2023-12-07,Platinum
C2772,Saturnino Camino Osuna,16,M,La Molina,cpina@hotmail.com,2022-10-08,Gold
C2773,Jordán del Suárez,26,M,SJL,remigiodiaz@yahoo.com,2023-08-05,Básico
C2774,Serafina Canet Trujillo,18,F,Surco,trinidadmachado@hotmail.com,2022-04-03,Silver
C2775,José Antonio Catalán-Vélez,21,M,Jesús María,fulgencio25@hotmail.com,2023-08-29,Básico
C2776,Augusto Cobo Alberdi,16,M,San Isidro,pizarroemilio@yahoo.com,2023-10-16,Gold
C2777,Jordana Matas Vall,18,F,San Miguel,santosalemany@yahoo.com,2024-01-12,Silver
C2778,Alondra Medina Saez,22,F,Comas,roldanamanda@llorente.es,2024-02-13,Silver
C2779,Griselda Lasa Llobet,17,F,Breña,porrasalbert@balaguer-salazar.es,2023-12-24,Gold
C2780,Marcos Batalla Amador,24,M,Los Olivos,sara15@tellez.org,2023-08-02,Gold
C2781,Lara Amat,23,F,Surquillo,manolo31@hotmail.com,2022-07-12,Gold
C2782,Cayetano Desiderio Barón Roig,21,M,La Molina,jcanals@yahoo.com,2022-09-23,Platinum
C2783,Vera Olmedo Durán,18,F,SJL,csoto@hotmail.com,2022-12-30,Gold
C2784,Bernarda Martin Villalba,32,F,SJL,anselmaborrego@gmail.com,2024-04-29,Silver
C2785,Marino del Valle,34,M,Breña,tadeo94@yahoo.com,2022-06-09,Silver
C2786,Elvira Morell Lara,27,F,Callao,jaguilera@ramon.es,2024-04-10,Gold
C2787,Jenaro de Cabanillas,26,M,Comas,estevemaximiliano@gmail.com,2023-05-31,Gold
C2788,Marcos Cabrera Barragán,32,M,Pueblo Libre,lorenzaleon@arregui.es,2022-08-04,Gold
C2789,Martín Pujol Fuster,30,M,La Molina,hsevillano@hotmail.com,2022-02-02,Básico
C2790,Roberto Olivera Cano,31,M,Los Olivos,dionisio58@vinas-vilanova.com,2023-04-24,Gold
C2791,Xiomara Lara Ferreras,34,F,Breña,faustoalarcon@peiro-gilabert.es,2023-11-06,Básico
C2792,Fernanda del Porta,19,F,Callao,wberenguer@murcia.net,2023-01-03,Básico
C2793,Primitivo de Milla,29,M,SJL,ssegarra@gmail.com,2022-12-09,Gold
C2794,Marco de Adadia,21,M,San Miguel,tdonaire@gmail.com,2023-01-02,Gold
C2795,Jacinto Marcos Amor,30,M,Lince,obdulia66@hotmail.com,2022-07-10,Básico
C2796,Roberta Ros Alfaro,35,F,SJL,bpascual@vazquez-seco.es,2023-08-31,Platinum
C2797,Elvira Moreno Soto,31,F,Surquillo,alarconlucas@gmail.com,2022-09-07,Gold
C2798,Obdulia Cepeda Iglesias,35,F,Jesús María,cidgema@moreno-cepeda.com,2023-05-10,Platinum
C2799,Gema Barrios Olivera,17,F,San Miguel,paulinabautista@yahoo.com,2024-06-17,Silver
C2800,Jose Angel Márquez Patiño,29,M,Breña,enavas@carlos.es,2024-03-03,Gold
C2801,Tania Tolosa,34,F,Miraflores,luis-miguelchacon@roman.com,2022-06-17,Silver
C2802,Azeneth Bárcena Galán,35,F,Comas,pio88@carreras.es,2023-06-21,Silver
C2803,Adelardo Armas Casas,20,M,Callao,mauricio43@acuna-barrera.com,2022-12-08,Básico
C2804,Ibán Pedrosa Verdú,25,M,Pueblo Libre,iborradelia@lobo.com,2024-02-24,Silver
C2805,Fátima Gaya Chacón,30,F,Breña,peralregina@farre.es,2022-06-19,Platinum
C2806,Feliciano Morán Coll,20,M,San Isidro,jose-franciscobenito@espinosa.com,2022-06-26,Gold
C2807,Íngrid de Flor,18,F,Los Olivos,nquiroga@tovar.es,2022-08-30,Silver
C2808,Visitación Luz Gonzalez Benet,18,F,Comas,cornejotania@martin.com,2022-09-08,Silver
C2809,Loida Chamorro Solera,16,F,SJL,upalacio@yahoo.com,2022-06-13,Gold
C2810,Sandalio Bruno Viana Ibáñez,31,M,Lince,xbatlle@hotmail.com,2023-12-05,Platinum
C2811,Leopoldo Armas Lamas,31,M,Callao,valleseusebia@gmail.com,2023-01-21,Platinum
C2812,León Cruz Osuna,19,M,Breña,ibanezcarina@escribano.es,2022-05-12,Gold
C2813,Lucio Lluch Cal,28,M,Pueblo Libre,heliodoromanjon@ruano-caballero.net,2022-12-01,Gold
C2814,Bernardita Recio Serra,35,F,Breña,amadordafne@belda.com,2023-07-01,Básico
C2815,Lupe Morell-Lerma,31,F,Callao,saturnino98@yahoo.com,2024-01-29,Básico
C2816,Cristóbal Coca Carbó,35,M,Los Olivos,mcasanovas@gmail.com,2024-02-26,Silver
C2817,Isa Tomé Palomares,27,F,Jesús María,ugarriga@antunez-cozar.net,2023-05-29,Básico
C2818,Anselma Rodriguez Vall,18,F,Callao,romapaula@yahoo.com,2022-08-24,Silver
C2819,Azucena Vazquez Montesinos,22,F,Miraflores,ricardocarrera@yahoo.com,2022-08-05,Gold
C2820,Vilma Bosch Belmonte,18,F,Jesús María,jeronimo44@yahoo.com,2023-01-29,Silver
C2821,Hortensia Chaves Barreda,20,F,La Molina,aurea48@espejo.es,2022-11-15,Platinum
C2822,Lola de Escalona,17,F,La Molina,eutimiobarbera@hotmail.com,2023-03-08,Silver
C2823,Albert Alemany Leal,28,M,Callao,aliciaolive@gmail.com,2023-06-14,Básico
C2824,Luna de Tudela,18,F,Jesús María,cmendoza@hotmail.com,2023-12-04,Básico
C2825,Martina Cánovas-Ledesma,16,F,Los Olivos,menendezeligia@cabrera.com,2022-11-23,Silver
C2826,Selena Perera,30,F,Miraflores,artemiomartin@carballo.es,2023-05-13,Platinum
C2827,Carlota Pozo Bosch,17,F,La Molina,grasotilia@gmail.com,2023-03-12,Gold
C2828,Óscar Murillo Ferrero,35,M,Pueblo Libre,lolalopez@hotmail.com,2024-04-01,Platinum
C2829,Candelas Cabrero-Martín,31,F,Comas,eloisaesparza@bayo.com,2022-12-10,Gold
C2830,Espiridión Carbó Lastra,21,M,Breña,saldanalara@yahoo.com,2023-06-29,Platinum
C2831,Josué Nicolás Buendía Real,20,M,Miraflores,jose-antonio20@gmail.com,2022-12-12,Gold
C2832,Rolando del Alfaro,32,M,Surquillo,gomezgoyo@baquero.com,2023-09-22,Platinum
C2833,Leonor Riba Correa,17,F,SJL,jose-ignacio60@hotmail.com,2022-10-16,Básico
C2834,Jonatan Miguel,31,M,SJL,pablo10@guardiola.net,2023-01-11,Básico
C2835,Ariel del Canales,24,F,Breña,sjurado@gmail.com,2022-12-12,Gold
C2836,Apolinar Caparrós Andreu,33,M,La Molina,scarballo@vilalta-mendez.es,2022-07-03,Gold
C2837,Almudena Valenzuela Lamas,29,F,Miraflores,silvioalvarado@mugica.es,2023-04-03,Gold
C2838,Hilda Remedios Hervia Iborra,17,F,San Borja,tripoll@hotmail.com,2022-04-25,Gold
C2839,Ulises Mora Garcia,33,M,Comas,ismaelarnau@dominguez.es,2023-02-10,Silver
C2840,Severiano Omar Conesa Gabaldón,18,M,Lince,consuelo66@ortiz.es,2022-04-07,Silver
C2841,Telmo Moliner Llorente,31,M,Breña,hvigil@yahoo.com,2022-10-09,Gold
C2842,Azucena Mercedes Arévalo Aragonés,35,F,San Isidro,igaya@ropero.com,2024-04-25,Platinum
C2843,Felix Cantero Camino,18,M,Jesús María,inmaculadaelias@gmail.com,2023-01-17,Básico
C2844,Moisés Marí Matas,35,M,Comas,bermudezjose-luis@gmail.com,2023-10-16,Básico
C2845,Emma Barreda Moraleda,32,F,Comas,juliangordillo@tejero.com,2022-03-22,Gold
C2846,Haydée Esteve Beltran,29,F,Breña,abrahamotero@figueroa.es,2022-01-23,Silver
C2847,Graciana Mateo López,18,F,Surquillo,aitanasanmiguel@hotmail.com,2023-03-20,Básico
C2848,Benjamín del Conesa,34,M,La Molina,vallejomamen@yahoo.com,2022-11-07,Silver
C2849,María Anacleto Mármol Díez,27,M,San Borja,melchorguerrero@gmail.com,2023-04-30,Silver
C2850,Laura Rojas Juliá,24,F,Comas,acarreno@hotmail.com,2023-12-07,Silver
C2851,Dafne Paniagua Bermudez,32,F,Callao,dabril@benavente-galan.org,2022-02-16,Platinum
C2852,Aureliano Sierra Caparrós,25,M,La Molina,rodolfo30@pujadas-vall.net,2022-01-06,Platinum
C2853,Jorge Juan Carlos Cordero Torrecilla,16,M,Pueblo Libre,armengolsebastian@gmail.com,2023-03-01,Silver
C2854,Maricela Palacio Terrón,24,F,SJL,clementinavalencia@gmail.com,2023-09-06,Gold
C2855,Dan Sosa Gomez,23,M,San Isidro,candelas10@hotmail.com,2022-01-19,Gold
C2856,Abraham Simó Cisneros,18,M,San Borja,hervasfilomena@gmail.com,2022-10-22,Platinum
C2857,Perlita Pavón,35,F,Jesús María,antoniogisbert@contreras.com,2023-07-09,Platinum
C2858,María Manuela Reina Ramirez,33,F,Miraflores,jose-luis35@carro.org,2022-12-18,Gold
C2859,Valentina Alejandra Lerma Valderrama,27,F,Surquillo,csureda@alemany.es,2023-04-01,Silver
C2860,Áurea de Díaz,31,F,San Isidro,zarce@yahoo.com,2023-06-30,Silver
C2861,Priscila Parra Moliner,24,F,Breña,rolando43@yahoo.com,2022-02-03,Básico
C2862,Griselda Malo Barceló,33,F,Jesús María,feliciana35@benavente.net,2022-03-27,Silver
C2863,Irene de Porta,25,F,La Molina,celestino85@sarmiento-barco.net,2024-02-08,Gold
C2864,Lara Dora Novoa Espejo,30,F,Miraflores,umillan@yahoo.com,2022-06-09,Silver
C2865,Amelia Martina Lara Guijarro,34,F,Breña,hernandogeorgina@hotmail.com,2023-03-02,Básico
C2866,María Teresa de Ródenas,33,F,Comas,necheverria@gmail.com,2023-05-18,Silver
C2867,Pascuala Sala Requena,33,F,Los Olivos,amanciomateu@hotmail.com,2023-01-23,Básico
C2868,Lucio Mayoral Villalobos,28,M,San Isidro,berenguerdan@gmail.com,2022-08-05,Básico
C2869,Nicolasa Salomé Redondo Hoyos,21,F,Surquillo,judithpedrosa@aguirre-conesa.net,2022-06-12,Platinum
C2870,Alba Carranza Artigas,27,F,Pueblo Libre,amanciobenito@araujo.es,2022-08-11,Platinum
C2871,Crescencia del Maza,26,F,Pueblo Libre,candelas56@urrutia.com,2023-01-07,Básico
C2872,Áurea Salgado Canales,32,F,Lince,nereidaparedes@yahoo.com,2023-06-30,Platinum
C2873,Tadeo Pedrero Reina,28,M,SJL,arielandres@gmail.com,2024-02-14,Platinum
C2874,Loreto Jimena Sánchez Pina,30,F,Los Olivos,chaconmar@corbacho.com,2024-06-13,Silver
C2875,Consuelo Muro-Bru,25,F,Miraflores,elena79@hotmail.com,2023-06-30,Gold
C2876,Liliana del Guzmán,21,F,Callao,ignacio41@rincon-gibert.com,2022-04-11,Platinum
C2877,Pilar Cervera-Gomez,29,F,Breña,rafa97@gmail.com,2022-07-13,Básico
C2878,Ángel Rosado,20,M,San Borja,baronveronica@yahoo.com,2023-09-27,Básico
C2879,Olimpia Cerdán Fuente,16,F,Jesús María,casasevita@pintor.es,2023-09-17,Silver
C2880,Josué Cabañas Pozo,34,M,Callao,salvadorcamacho@gmail.com,2023-04-29,Básico
C2881,Cruz Cuéllar Acevedo,16,F,Comas,ahoyos@hotmail.com,2023-09-08,Platinum
C2882,Leopoldo Valentín Vallejo,21,M,SJL,zaida73@canete.es,2023-01-13,Silver
C2883,Gerardo Prieto Cano,31,M,San Miguel,teodoro21@yahoo.com,2023-12-31,Silver
C2884,Selena Mayoral-Múgica,20,F,La Molina,teobaldo51@gmail.com,2022-03-08,Básico
C2885,Celso del Montesinos,34,M,SJL,acunapili@hotmail.com,2023-04-16,Silver
C2886,Manu Campoy Revilla,23,F,Pueblo Libre,itziar11@botella-aviles.net,2022-07-01,Platinum
C2887,Francisco Valcárcel Lozano,35,M,Surquillo,palarcon@duarte.es,2022-12-06,Silver
C2888,Fausto Alcázar Carrera,30,M,Comas,clementina40@hotmail.com,2022-03-13,Básico
C2889,Benigno del Ropero,29,M,Surquillo,florindabaena@crespi.es,2023-06-17,Platinum
C2890,Luisina Prudencia Belmonte Torrecilla,18,F,Pueblo Libre,oamigo@melendez.es,2023-03-04,Gold
C2891,Julián Agustí Lobo,35,M,Callao,uaragones@yahoo.com,2023-07-01,Básico
C2892,Rebeca Quirós Chico,31,F,Surquillo,josefa06@pelayo-pinedo.com,2024-01-14,Básico
C2893,Fanny Mena Morata,28,F,Surquillo,hnogues@cortina.com,2024-04-22,Básico
C2894,Felicia Méndez Benavente,28,F,Comas,iriartealbina@yahoo.com,2023-06-08,Platinum
C2895,Primitiva Clemente-Benitez,19,F,Surco,amigoflor@tolosa.net,2022-05-30,Gold
C2896,Plácido Pons Calderon,21,M,Jesús María,danielatejera@aliaga.com,2023-02-27,Gold
C2897,Nilo Amat Mariño,23,M,Pueblo Libre,ybru@clavero.org,2023-05-10,Silver
C2898,Araceli Cintia Roldan Ferrero,19,F,Jesús María,sebastian22@hotmail.com,2023-10-20,Básico
C2899,Dulce Sabater Alcaraz,31,F,Pueblo Libre,manjonchus@paredes.com,2022-09-08,Gold
C2900,Pascuala Sala Villalba,25,F,Comas,zamoranorafael@moya-borja.com,2023-04-01,Gold
C2901,Odalys Piña Bueno,24,F,San Borja,conradomadrid@lastra-narvaez.net,2022-10-09,Básico
C2902,Plácido Miralles Montaña,20,M,Lince,jeremias88@nogues-valencia.net,2022-10-23,Básico
C2903,Juan de Heredia,27,M,San Borja,concepcion38@aviles-conde.es,2023-01-07,Gold
C2904,Lara Ferrera Solera,21,F,San Borja,alegriamacario@hotmail.com,2023-10-12,Gold
C2905,Ángeles Carbajo,30,F,Callao,rogelio15@yahoo.com,2022-10-29,Silver
C2906,Abilio Borrás Macías,20,M,San Borja,gibertfermin@yahoo.com,2022-10-27,Platinum
C2907,Delia Niño Benito,23,F,Miraflores,elbataboada@hotmail.com,2024-05-21,Silver
C2908,Oriana Mata Peralta,20,F,San Borja,artemioestrada@gmail.com,2022-01-13,Gold
C2909,Octavia Oliva,32,F,Comas,antonioarnal@canton-torrecilla.org,2024-06-10,Platinum
C2910,Merche Pagès Frías,35,F,San Miguel,vascomuro@adan.com,2022-06-24,Gold
C2911,Jordán Garcés-Yuste,34,M,Surquillo,rriera@yahoo.com,2023-05-29,Gold
C2912,Elisabet Valverde Beltran,28,F,Surquillo,vicentaolmo@gmail.com,2023-05-12,Silver
C2913,Luisina Talavera-Goñi,21,F,SJL,isa22@rozas.com,2023-01-24,Básico
C2914,Aarón Durán Sancho,26,M,San Isidro,carlota48@aguila.es,2022-11-13,Silver
C2915,Timoteo Gallardo Mas,20,M,La Molina,teresa86@velez.com,2023-09-16,Básico
C2916,Haroldo del Cerdá,27,M,SJL,scisneros@naranjo.com,2023-04-16,Básico
C2917,Jacobo Palma,22,M,Jesús María,lilia98@gmail.com,2023-11-12,Básico
C2918,Josefa Manrique Clemente,19,F,Jesús María,borja88@sobrino.com,2023-06-04,Básico
C2919,Roxana Cerdán Jódar,33,F,Lince,albert11@feijoo.es,2024-05-16,Básico
C2920,Jorge Borrás Gabaldón,30,M,San Borja,emelinaescribano@zurita-tovar.es,2023-06-20,Silver
C2921,Alfredo Fuentes Azorin,24,M,Pueblo Libre,fortunyamador@yahoo.com,2024-01-28,Silver
C2922,Rufino Bernabé Montalbán Solano,23,M,Comas,roxana29@iborra.com,2024-01-05,Platinum
C2923,Eusebio Alcalde-Porcel,17,M,San Borja,zruiz@higueras-tejero.com,2022-09-30,Gold
C2924,Dani Sierra-Esteban,22,M,Comas,salomearrieta@yahoo.com,2024-04-30,Básico
C2925,Eric Narváez Guardiola,32,M,La Molina,joaquinamo@pina-cuervo.es,2022-03-04,Silver
C2926,Moreno Téllez Madrid,23,M,San Borja,rierabasilio@barros-santana.es,2024-02-19,Platinum
C2927,Dionisia del Planas,19,F,Lince,saenzdavid@hotmail.com,2024-03-11,Básico
C2928,Salud Rosa Nieto,18,F,San Isidro,bertrangoyo@hotmail.com,2023-05-05,Básico
C2929,Calista Chico-Lobato,18,F,SJL,palaucristobal@gmail.com,2022-07-22,Básico
C2930,Francisco Javier Natanael Simó Alcalde,35,M,SJL,ileanasantiago@laguna.com,2022-11-04,Básico
C2931,Leonor Caparrós Quero,19,F,Comas,vallreinaldo@sandoval.com,2023-03-30,Silver
C2932,Milagros de Cobo,16,F,La Molina,caparrosgabriela@hotmail.com,2024-02-12,Platinum
C2933,Iris de Morales,31,F,Callao,icaballero@gmail.com,2022-06-30,Gold
C2934,Rosaura Carro Lara,32,F,La Molina,rafaelmartinez@berenguer-batlle.com,2023-10-23,Gold
C2935,Haydée Bermúdez Carreño,33,F,San Isidro,primitivo58@hotmail.com,2022-12-16,Gold
C2936,Jovita Carballo Alcalde,30,F,Surco,moraleseduardo@pineda.com,2024-02-14,Silver
C2937,Natividad Rozas Delgado,16,F,Jesús María,pepitourena@gmail.com,2023-06-06,Platinum
C2938,Berta Estrella Soto Sanabria,21,F,Los Olivos,sofia31@hotmail.com,2022-03-09,Platinum
C2939,Hortensia Lopez Álvaro,19,F,San Miguel,narcisochamorro@gmail.com,2024-06-01,Platinum
C2940,Emma Nevado Alfonso,33,F,Surquillo,ggomila@sanmartin-soler.com,2022-07-07,Silver
C2941,Hugo de Saura,23,M,San Isidro,adela12@hotmail.com,2022-11-11,Gold
C2942,Febe Vigil Rivero,32,F,SJL,leonorpalacios@herrero-moles.com,2022-04-16,Gold
C2943,Lisandro Alvarado,34,M,Callao,leyre82@gmail.com,2022-06-08,Gold
C2944,Pastor Diez Diéguez,22,M,Pueblo Libre,xlanda@yahoo.com,2023-02-10,Silver
C2945,Marco Garcés Cornejo,35,M,Callao,vosuna@blasco.es,2022-06-10,Gold
C2946,Isidora Talavera Cabeza,35,F,Pueblo Libre,maximianomarin@abellan.com,2023-03-03,Gold
C2947,Severo del Torre,24,M,SJL,xferrero@vega-alba.com,2024-05-26,Gold
C2948,Vilma del Antúnez,20,F,La Molina,juan-franciscoalemany@torres.com,2022-12-08,Gold
C2949,Leonor Pardo-Padilla,30,F,La Molina,samantagascon@hotmail.com,2023-03-12,Platinum
C2950,Leire Oliva Cervera,16,F,Pueblo Libre,pastorazurita@gargallo.net,2023-02-18,Básico
C2951,Clarisa Almagro-Pinto,27,F,Callao,raguila@carmona-velez.org,2024-04-04,Silver
C2952,Mirta Gárate Delgado,24,F,Miraflores,heraclio28@barco.net,2024-04-18,Silver
C2953,Javier de Pizarro,24,M,La Molina,mcarballo@botella-muro.es,2024-05-02,Gold
C2954,Alberto Cifuentes Porcel,26,M,Breña,andres-felipe05@gmail.com,2024-03-20,Platinum
C2955,Eloísa Barrio Seco,33,F,Lince,catalaanunciacion@marcos.es,2024-01-27,Silver
C2956,Nazaret Morata Corominas,35,M,Lince,carranzageorgina@hotmail.com,2023-03-27,Gold
C2957,Fabián Ariño-Andrés,18,M,San Isidro,febecaceres@redondo-marmol.com,2022-06-14,Gold
C2958,Blanca Vicente Figueras,34,F,SJL,martinleal@gmail.com,2022-02-17,Platinum
C2959,Águeda Torrents Palomo,23,F,La Molina,hervasmodesto@tapia-valverde.es,2023-09-14,Platinum
C2960,Ovidio Diaz Montoya,19,M,Miraflores,yguijarro@gmail.com,2023-10-17,Gold
C2961,Elba Roldan Páez,33,F,Jesús María,calbernarda@pou.es,2023-03-25,Gold
C2962,Miguel Ángel Amat Guitart,31,M,Los Olivos,natalioroda@bermejo-zabala.es,2024-02-07,Básico
C2963,Jesusa Tomasa Molina Abril,29,F,Surquillo,juan-josemonreal@aguilo.com,2022-06-05,Silver
C2964,Gala Osuna,34,F,San Isidro,amor54@fuster.com,2023-07-30,Básico
C2965,Saturnina Pineda Gisbert,23,F,Jesús María,sasensio@pulido.es,2023-08-10,Gold
C2966,Aránzazu Gabaldón Benitez,16,F,Los Olivos,fuertesleocadia@yahoo.com,2024-03-01,Básico
C2967,Cloe de Campoy,27,F,San Miguel,chema98@puente.es,2024-03-02,Platinum
C2968,Baudelio Espejo Sevilla,21,M,Jesús María,geronimo09@benet.com,2023-04-25,Silver
C2969,Maura Ferrández Arenas,27,F,Jesús María,kikerozas@mir.net,2022-07-23,Gold
C2970,Vilma Hernandez-Iborra,35,F,Comas,piedad64@duran-garcia.com,2022-01-24,Silver
C2971,Renato Gutierrez-Samper,29,M,Breña,barbamilagros@sans-amor.es,2023-02-10,Platinum
C2972,Juan Pablo Moreno Barco,32,M,Miraflores,kalmazan@casares.com,2023-06-09,Gold
C2973,Segismundo Vigil Casas,34,M,Breña,maxinavarrete@olmedo.es,2022-02-02,Gold
C2974,Rosa María Yuste Elorza,25,F,San Borja,duilio49@yahoo.com,2022-12-08,Básico
C2975,Alejandro Ropero Casanovas,34,M,Surco,saezjulio-cesar@rodenas-cespedes.net,2023-07-26,Básico
C2976,Sebastian Herrero,32,M,Surquillo,haydee01@jaume.net,2024-05-21,Básico
C2977,Natalia Palomares Maza,35,F,Callao,castellanosplinio@solsona.com,2022-07-15,Básico
C2978,Isabel Gomila Arregui,24,F,SJL,eligia41@pomares.es,2023-04-08,Silver
C2979,Benigna del Amador,18,F,Los Olivos,marcelohuguet@gmail.com,2023-10-26,Gold
C2980,Aránzazu Miriam Perez Tejero,32,F,Pueblo Libre,uadadia@yahoo.com,2023-12-11,Platinum
C2981,Horacio Boix Arco,28,M,San Borja,juan-carlos06@hotmail.com,2022-10-28,Básico
C2982,Sarita Aitana Carretero Trujillo,16,F,Miraflores,agustinmarcelo@mur.com,2022-08-19,Gold
C2983,Caridad Peral-Alonso,20,F,La Molina,arcemaristela@requena.es,2024-05-26,Silver
C2984,Apolonia Cerdán-Barreda,33,F,SJL,jose-angeliglesia@yahoo.com,2023-11-01,Silver
C2985,Azahar Tenorio Bonilla,34,F,Los Olivos,olimpiabatalla@hotmail.com,2022-07-13,Silver
C2986,Lázaro Rozas Flores,25,M,Los Olivos,ssola@hotmail.com,2022-04-14,Básico
C2987,Angelino Criado Valenciano,20,M,Lince,florenciaquiros@giner.es,2022-12-23,Básico
C2988,Encarnación Sandoval Martin,26,F,San Miguel,xmulet@robles.es,2022-08-24,Silver
C2989,Marco del Morán,25,M,Los Olivos,vroura@hotmail.com,2023-03-11,Gold
C2990,Apolinar Otero Lobato,22,M,Pueblo Libre,azconacustodia@hotmail.com,2022-12-30,Básico
C2991,Eusebio Ros,30,M,Surco,basilio87@rios-ros.com,2024-05-04,Platinum
C2992,Amancio Cases Lopez,30,M,Surquillo,daniel13@gmail.com,2024-02-01,Silver
C2993,Encarnacion del Antón,17,F,SJL,bvilla@mora.es,2023-03-26,Platinum
C2994,Mohamed Mariscal Castañeda,22,M,Pueblo Libre,sainzgerardo@hotmail.com,2023-01-25,Básico
C2995,José Manuel Ariza Landa,21,M,Lince,kcarbajo@gmail.com,2023-08-16,Básico
C2996,Fortunato Hervia,22,M,Surco,pozueloelias@gmail.com,2023-05-16,Gold
C2997,Áurea Cano-Ropero,29,F,San Isidro,jonatan08@gmail.com,2022-08-04,Básico
C2998,Alondra del Berrocal,31,F,La Molina,rafaela99@gmail.com,2023-06-05,Básico
C2999,Macaria Cabrera Hernández,16,F,Miraflores,orianasevilla@tellez.org,2023-01-25,Platinum
C3000,Amaya Morera Velázquez,19,F,Jesús María,upera@pascual.es,2023-01-05,Gold
C3001,Raúl Landa Rivera,29,M,Surquillo,rgomis@perello-velez.net,2023-10-30,Gold
C3002,Emigdio Jáuregui Soriano,18,M,Callao,parejojimena@yahoo.com,2023-10-22,Platinum
C3003,Flavia Morán Lucena,16,F,La Molina,odalys74@hotmail.com,2024-01-18,Gold
C3004,Desiderio Clavero Elorza,20,M,Surquillo,tomasadrian@acevedo-codina.net,2022-09-12,Silver
C3005,Ibán Niño Cuesta,20,M,Lince,hrivera@gmail.com,2022-06-09,Silver
C3006,Roberta Miguel Guerra,17,F,Miraflores,diana10@gmail.com,2023-09-03,Silver
C3007,Jessica Malo Novoa,27,F,San Borja,mascarodolores@gmail.com,2023-03-01,Silver
C3008,Tania Reguera Blasco,21,F,Los Olivos,paulinorincon@hotmail.com,2023-06-16,Silver
C3009,Juan Francisco Torre,27,M,San Miguel,aureliajimenez@salamanca.es,2022-04-23,Silver
C3010,Alfredo Gallego-Hernando,31,M,San Isidro,camposanibal@yahoo.com,2022-11-10,Platinum
C3011,Pastora Olivia Noguera Coronado,24,F,San Borja,felix35@hotmail.com,2022-11-25,Básico
C3012,Francisco Jose Taboada Luján,26,M,Miraflores,vasco83@tovar-daza.com,2023-04-27,Básico
C3013,Severino de Martín,29,M,Miraflores,encarna15@sanmiguel.com,2023-07-07,Platinum
C3014,Cruz de Acero,21,M,Surco,glinares@exposito.es,2022-01-16,Gold
C3015,Jose Luis Moreno Moliner Hierro,18,M,Breña,feijooviviana@portillo.es,2022-03-09,Básico
C3016,Petrona Valera Casanovas,30,F,Breña,salud21@hotmail.com,2024-05-26,Platinum
C3017,Che Sola Solana,35,M,Pueblo Libre,rafael49@calleja.org,2023-10-15,Básico
C3018,Renata Barrera Solera,31,F,SJL,jafetmascaro@pazos-lasa.net,2022-09-21,Silver
C3019,Luciana Maristela Tapia Batalla,33,F,Jesús María,xcervera@lobo.net,2023-09-21,Básico
C3020,Mamen Alcolea Company,31,F,Comas,rubenpera@serra.es,2024-05-01,Silver
C3021,Lucho Bas-Pineda,23,M,Lince,csegovia@azcona-sosa.org,2022-05-13,Silver
C3022,Moreno Quintanilla Coloma,18,M,Comas,cmorera@gonzalez.net,2022-04-08,Platinum
C3023,Encarnación de Lozano,35,F,Surco,nmarco@hotmail.com,2022-09-13,Silver
C3024,Irma Diez Azorin,21,F,Comas,xmaza@yahoo.com,2023-11-07,Gold
C3025,Olga Pacheco Beltrán,30,F,Callao,pmacias@mateo-milla.es,2023-08-28,Gold
C3026,Jerónimo Carrillo Nevado,26,M,Breña,dominguezmaximiano@elorza.com,2023-01-19,Silver
C3027,Calixto del Rius,28,M,Callao,juliehigueras@llorens.es,2022-02-19,Silver
C3028,Silvio del Menendez,16,M,Los Olivos,alsinaanselma@yahoo.com,2023-10-12,Básico
C3029,Seve de Calleja,21,M,Breña,ibanezalmudena@barrios.es,2022-11-27,Básico
C3030,Calista Anguita Noguera,31,F,Surquillo,basiliocisneros@yahoo.com,2022-12-19,Silver
C3031,Marisol Herrero Vázquez,30,F,San Isidro,sigfrido84@yahoo.com,2023-04-10,Gold
C3032,América del Bustos,19,F,Comas,rozasabril@hotmail.com,2022-10-14,Gold
C3033,Isabela Valls,21,F,La Molina,hmontes@sanjuan.es,2022-12-16,Platinum
C3034,Priscila Quiroga Elías,19,F,Callao,higlesias@jaume.com,2024-05-26,Gold
C3035,Maricela Marcos Rosales,18,F,Pueblo Libre,umacias@yahoo.com,2023-01-10,Platinum
C3036,Adán Montaña Córdoba,33,M,Los Olivos,llopisluis-miguel@chaparro.es,2022-04-07,Silver
C3037,Rosalva Tur Adán,19,F,Surco,francisco-javier75@hotmail.com,2023-07-18,Gold
C3038,Roldán de Lerma,27,M,La Molina,rodenaslourdes@mateu-benitez.es,2023-04-09,Platinum
C3039,Javi Borrego Barreda,32,M,Los Olivos,samperalfredo@gmail.com,2023-02-12,Silver
C3040,Gerónimo Samuel Llorens Castelló,23,M,Pueblo Libre,dcano@sierra-acosta.org,2022-01-18,Silver
C3041,Feliciana Mariño-Mendizábal,32,F,San Borja,salmeronfaustino@yahoo.com,2024-03-09,Silver
C3042,Alejandro Quintero Vizcaíno,33,M,Jesús María,milagrosortiz@gonzalez.org,2023-07-07,Silver
C3043,Federico Tapia Arnal,27,M,Los Olivos,espejomaximiano@moles.com,2022-04-13,Silver
C3044,Maximino Sevillano Vila,20,M,Lince,macaria21@gmail.com,2023-09-17,Platinum
C3045,Baltasar Alcides Escobar Sandoval,24,M,Miraflores,cjauregui@hotmail.com,2023-02-15,Gold
C3046,Gertrudis Azorin Villaverde,32,F,Breña,judithbello@corbacho-osuna.com,2023-05-03,Platinum
C3047,Etelvina Valbuena Acuña,20,F,Comas,banton@gmail.com,2022-11-04,Básico
C3048,Elías Uría Salamanca,24,M,Comas,agullosantos@gmail.com,2023-07-24,Gold
C3049,Hugo Coello Serra,35,M,San Borja,aceroselena@anglada-bellido.com,2022-03-10,Básico
C3050,Vicenta Tamarit Palau,20,F,Los Olivos,moralespascual@granados-campoy.com,2023-05-08,Silver
C3051,Marciano Ojeda Herranz,28,M,Pueblo Libre,salamancaricardo@garriga-falcon.org,2022-06-13,Platinum
C3052,Isidora Virginia Aragón Cuervo,34,F,San Isidro,izaguirreleandra@lopez.net,2022-09-12,Gold
C3053,Samuel Aguilar Azcona,23,M,La Molina,carmelopuente@yahoo.com,2022-05-24,Platinum
C3054,Félix Marcelino Durán Lastra,34,M,Callao,abrahambaena@gmail.com,2022-06-05,Silver
C3055,Lucía Jordán Toledo,20,F,Callao,alfredo36@yahoo.com,2022-10-10,Gold
C3056,Chucho Hierro,19,M,Lince,quirogaestefania@yahoo.com,2022-11-15,Básico
C3057,Lilia Benavides Verdú,23,F,Callao,dgiron@hotmail.com,2023-03-25,Gold
C3058,Pascual Quintero Carmona,33,M,Comas,morenaiglesias@hotmail.com,2023-09-17,Platinum
C3059,Norberto de España,18,M,San Miguel,consuelavazquez@hotmail.com,2024-02-12,Gold
C3060,Inmaculada Arévalo Corbacho,17,F,Breña,catalanleticia@yahoo.com,2024-05-08,Gold
C3061,Plácido Joaquín Ortiz Alarcón,30,M,Breña,jsaldana@saavedra.com,2023-08-23,Silver
C3062,Dolores Bustos Planas,25,F,San Isidro,jose-antonioaparicio@yahoo.com,2023-06-20,Básico
C3063,Emigdio Garcia Vazquez,35,M,San Borja,aurelio11@leon-gibert.es,2024-06-04,Gold
C3064,Reyes Pío Mir Rodríguez,31,M,Surquillo,valentin90@gmail.com,2023-12-20,Platinum
C3065,Valentina de Molina,17,F,Callao,sorianoreynaldo@bolanos.com,2022-04-18,Gold
C3066,Ruperta María Jesús Aller Solera,24,F,Callao,paulinoblasco@yahoo.com,2023-06-05,Gold
C3067,Adela Tecla Carreras Pedraza,24,F,Jesús María,jovita22@yuste-belda.es,2022-03-27,Básico
C3068,Francisco Jose Castelló Robles,31,M,San Isidro,cebrian47@simo-carbajo.net,2023-08-23,Platinum
C3069,Pancho Izaguirre Boix,34,M,Breña,colljose-maria@sotelo.com,2023-11-13,Gold
C3070,Silvio Palmer Posada,31,M,Lince,pinillaroman@yahoo.com,2023-09-14,Platinum
C3071,Catalina Cuadrado Burgos,17,F,San Borja,clementina91@cabezas.es,2022-04-21,Básico
C3072,Leonel Antón-Barco,19,M,Pueblo Libre,ljove@patino.com,2022-09-02,Gold
C3073,Encarnación Tomé,28,F,Comas,esmeraldamalo@casado.es,2024-02-02,Básico
C3074,Reyes Talavera Gómez,30,F,Surquillo,mariramon@yahoo.com,2023-04-17,Básico
C3075,Elisabet Paredes-Aguilera,29,F,Callao,galvanrafael@yahoo.com,2022-01-27,Silver
C3076,Calixto Carrión Báez,16,M,Callao,cpeinado@machado.net,2022-12-03,Básico
C3077,Fortunata de Sandoval,29,F,Pueblo Libre,sancho99@yahoo.com,2022-01-30,Platinum
C3078,Benigna Mateos Bautista,27,F,Surquillo,santanaalcides@gmail.com,2023-12-01,Gold
C3079,Samanta Garcés Amorós,23,F,La Molina,herreradolores@yahoo.com,2023-04-02,Básico
C3080,Estefanía Aroca Tudela,30,F,Comas,anita78@carpio.com,2023-10-13,Gold
C3081,Emigdio Solsona Palma,22,M,Lince,nicolasacozar@hotmail.com,2024-02-29,Gold
C3082,Roxana del Galiano,27,F,Pueblo Libre,josefa05@jerez.es,2024-04-15,Silver
C3083,Gracia de Tapia,18,F,Jesús María,ramiropina@hotmail.com,2022-12-27,Silver
C3084,Perlita del Prado,25,F,Surco,echeverriaismael@yahoo.com,2024-01-10,Básico
C3085,Adoración de Mulet,26,F,San Borja,enriquelago@hotmail.com,2023-05-25,Silver
C3086,María Pilar Tomé Calatayud,22,F,La Molina,fidel28@lumbreras-arino.es,2024-05-26,Platinum
C3087,Jovita Tolosa Meléndez,26,F,Pueblo Libre,lucia38@penas-ropero.es,2023-03-25,Gold
C3088,Vinicio de Alvarado,21,M,Jesús María,rebolloapolinar@pelaez.es,2022-01-17,Básico
C3089,Jerónimo Rovira Martinez,34,M,La Molina,rubenfonseca@gmail.com,2023-06-03,Gold
C3090,Juanito Polo Grande,28,M,San Borja,morerarosendo@gmail.com,2023-12-14,Básico
C3091,Baudelio Cases Crespo,18,M,Surco,jcalderon@hotmail.com,2023-12-30,Platinum
C3092,Chita Criado Escribano,20,F,Comas,sabas92@iborra.com,2022-12-15,Gold
C3093,Maribel Pablo Rebollo,20,F,San Miguel,kcanet@gmail.com,2023-01-30,Básico
C3094,Adriana Judith Guillén Milla,35,F,San Borja,emiliosanjuan@aguilo.com,2022-03-26,Gold
C3095,Calixto Gras Calvet,30,M,Surquillo,seve22@gmail.com,2022-02-11,Silver
C3096,Custodio Barrera Sanz,24,M,Miraflores,elisabetportero@gmail.com,2023-05-22,Silver
C3097,Cipriano Valenzuela Polo,23,M,San Miguel,zsoto@aguado.com,2022-08-20,Platinum
C3098,Moreno Agullo Esparza,20,M,Miraflores,bellidonatividad@nadal.org,2022-10-31,Silver
C3099,Fortunato Carbó Pomares,35,M,SJL,maximino67@porras-lopez.com,2024-05-08,Platinum
C3100,Florencia Elba Rodriguez Páez,33,F,Lince,ines51@yahoo.com,2023-08-05,Silver
C3101,Pía Busquets Ayala,21,F,Surquillo,collaurelio@pulido.es,2023-06-16,Platinum
C3102,Alicia Varela Barrera,24,F,Comas,poncio32@leon.es,2024-03-26,Gold
C3103,Brunilda Salvador Cuesta,29,F,Jesús María,sosafeliciana@yahoo.com,2023-01-09,Silver
C3104,Leticia Navarrete Fuster,33,F,Jesús María,osvaldo88@riquelme.es,2022-03-20,Silver
C3105,Olalla Ibañez Portillo,23,F,Pueblo Libre,trinidad30@casals.com,2023-07-06,Silver
C3106,Herberto Cornejo Balaguer,32,M,Comas,valentinacamps@santiago.net,2023-05-03,Gold
C3107,Jafet Hervia Escamilla,35,M,San Isidro,castanedaedgardo@gmail.com,2024-01-08,Gold
C3108,Cirino Riquelme-Vara,30,M,La Molina,micaela18@yahoo.com,2023-08-12,Básico
C3109,Javiera Higueras Baquero,35,F,SJL,adora38@garay.com,2023-05-25,Platinum
C3110,Abel Arjona Manso,21,M,Miraflores,mvazquez@noriega.com,2023-07-28,Platinum
C3111,Jose Francisco Plaza Fuertes,27,M,SJL,wverdugo@cabo.com,2024-06-07,Silver
C3112,Baudelio Trillo-Angulo,27,M,Surco,martinfelisa@hotmail.com,2024-01-07,Gold
C3113,Noelia del Pont,16,F,Comas,remediosmontana@pou.net,2023-09-05,Platinum
C3114,Victoria Rodrigo Pol,20,F,Breña,glauco93@casares-valls.es,2022-08-09,Platinum
C3115,Aurelia Poza Silva,33,F,Comas,estherdelgado@yahoo.com,2023-11-22,Gold
C3116,María Cristina Ángel Baeza,23,F,San Borja,fuentesantonio@yahoo.com,2024-03-28,Platinum
C3117,Tristán Lago Tapia,33,M,Callao,renatasastre@gmail.com,2023-08-24,Gold
C3118,Erasmo Acero Nogués,35,M,Miraflores,tgomez@yahoo.com,2023-12-31,Gold
C3119,Ángel Melero,18,M,San Borja,viniciocrespo@gmail.com,2022-03-07,Platinum
C3120,Carlito Perea Enríquez,22,M,San Isidro,hector94@domenech.com,2023-09-08,Silver
C3121,José María Cortes Armas,16,M,Callao,arocarosa@torrijos.org,2023-05-22,Básico
C3122,Vanesa Quintana Santana,18,F,Surco,diego37@urena.com,2023-02-18,Platinum
C3123,Adelia Martín-Elorza,28,F,Comas,friaseva@yahoo.com,2023-05-01,Silver
C3124,Rosa Andreu,21,F,Surco,vicenteguillen@villegas.com,2022-11-15,Gold
C3125,Duilio Berto Orozco González,29,M,San Miguel,pastora12@gmail.com,2022-09-16,Platinum
C3126,Galo Gerónimo Lobo Aguilera,21,M,La Molina,inesayuso@yahoo.com,2023-02-16,Silver
C3127,Silvio Arias España,27,M,Callao,jenaropinol@gmail.com,2023-10-11,Básico
C3128,Evita Ortega Osuna,30,F,Pueblo Libre,ligiasalazar@dominguez.es,2022-04-07,Gold
C3129,Rufino Clemente Guardia,35,M,Miraflores,tpablo@ferrando.com,2023-07-25,Básico
C3130,Reyes Vargas Chamorro,19,F,Los Olivos,valeriaagusti@bosch-borja.net,2022-01-02,Básico
C3131,Máximo Elpidio Ferreras Jerez,26,M,Breña,aroma@yahoo.com,2022-11-10,Básico
C3132,Manuela Cerezo Alberola,18,F,Los Olivos,herreraeliana@yahoo.com,2022-07-13,Platinum
C3133,Martín Roldán-Cases,33,M,San Isidro,salvadorcarmen@perez.net,2022-12-20,Básico
C3134,Iván Folch Capdevila,35,M,Jesús María,rieragala@muro.es,2023-08-11,Silver
C3135,Cayetana Olmedo Jiménez,21,F,Lince,vquiroga@verdejo.es,2022-06-02,Platinum
C3136,Ezequiel Guerra Samper,35,M,Miraflores,tecla50@estrada.net,2023-07-05,Básico
C3137,Renata Comas Gras,25,F,Surco,moralesnacio@yahoo.com,2022-12-24,Silver
C3138,Rosendo del Castejón,19,M,SJL,albert38@hotmail.com,2022-07-17,Silver
C3139,Xiomara Barba Fabra,30,F,San Miguel,consuela91@melero-blanca.org,2023-11-06,Platinum
C3140,Juanita Font Guillen,19,F,Callao,emilia57@gascon.es,2023-07-22,Básico
C3141,Matilde Álamo,23,F,Jesús María,bolanospepe@hotmail.com,2022-05-25,Silver
C3142,Josefina Valls Frías,22,F,Pueblo Libre,redondodimas@rovira.com,2023-02-18,Básico
C3143,Morena Niño Chacón,17,F,San Miguel,francisco-javier67@zaragoza.org,2023-05-07,Básico
C3144,Jose Francisco Muro Criado,26,M,San Miguel,egaliano@galan.org,2023-06-24,Platinum
C3145,Florencio Maldonado Torres,25,M,Jesús María,ofelia04@laguna.es,2022-05-19,Platinum
C3146,Donato Soler Borrás,25,M,Callao,eusebioroman@penalver-arnau.net,2023-03-13,Platinum
C3147,Josefa Carrera Murcia,28,F,Surco,alfredo62@gmail.com,2023-05-18,Básico
C3148,Joaquina Pedraza Sanchez,19,F,Jesús María,dolores58@hotmail.com,2023-07-29,Platinum
C3149,Roxana Córdoba-Azcona,25,F,SJL,fernandezcalixto@aparicio-nicolau.com,2024-03-16,Gold
C3150,Lino Alcolea Gomez,32,M,Surquillo,severino84@yahoo.com,2022-02-12,Silver
C3151,Cirino Montero-Cruz,25,M,San Miguel,animonreal@aguila.net,2023-08-25,Silver
C3152,María Teresa de Montalbán,17,F,Lince,camila90@gmail.com,2022-01-29,Básico
C3153,Bibiana Garmendia Perales,28,F,San Isidro,imelda39@cuenca.es,2022-12-27,Básico
C3154,Natividad Mateos Toledo,32,F,Lince,gironaligia@hotmail.com,2024-05-19,Silver
C3155,Emiliana Flor Naranjo,17,F,San Miguel,moratacristian@gmail.com,2022-08-08,Básico
C3156,Elvira Izaguirre Bermudez,21,F,San Miguel,lupe64@yahoo.com,2022-08-15,Gold
C3157,Victor Manuel Blasco Zorrilla,22,M,SJL,lledobernardita@yahoo.com,2022-07-31,Básico
C3158,Fermín del Rojas,28,M,San Isidro,inmaculadaherrera@hotmail.com,2023-12-07,Básico
C3159,Oriana Pedrero Llamas,16,F,San Miguel,hmarin@arino.es,2022-09-04,Gold
C3160,Vasco Pou Diez,28,M,Surquillo,amandoalvaro@salva.com,2022-08-22,Gold
C3161,Edelmira Galvez Exposito,17,F,Los Olivos,bernardaasensio@arenas.net,2022-05-26,Silver
C3162,Amarilis Rodriguez,29,F,Callao,wramis@anglada.es,2023-08-08,Gold
C3163,Maxi Rios Cerdá,24,M,Breña,pradarocio@gmail.com,2023-12-08,Básico
C3164,Evelia Felicia Olmedo Saavedra,29,F,Breña,molinagervasio@gmail.com,2022-10-12,Silver
C3165,Purificación Niño Zamora,24,F,San Borja,ktaboada@castrillo.es,2022-01-11,Platinum
C3166,Curro Arranz Ávila,30,M,Los Olivos,benignaescudero@ocana-ramis.com,2023-11-10,Silver
C3167,Gilberto Ochoa Luís,19,M,Surco,abenavent@ballesteros-briones.es,2022-06-12,Platinum
C3168,Francisco Javier Royo-Zaragoza,21,M,Lince,reinagallego@hervia-martinez.com,2022-12-02,Silver
C3169,Máxima de Lledó,28,F,La Molina,bertranvirgilio@yahoo.com,2023-07-04,Gold
C3170,Maribel Gómez Beltrán,34,F,La Molina,roigalondra@carlos-rico.net,2022-04-22,Básico
C3171,América de Zapata,22,F,Surco,imelda71@gmail.com,2023-07-23,Platinum
C3172,Hilario Bernad Quiroga,20,M,Lince,sanchezelias@gmail.com,2022-02-06,Platinum
C3173,Azucena Diaz Madrid,19,F,Surco,pastora13@pinilla-arino.net,2022-08-23,Básico
C3174,Amaya Monreal Hernández,21,F,Surco,americo89@nicolas.net,2024-02-20,Básico
C3175,Donato Rodriguez Ortuño,29,M,San Borja,parejadelia@cuevas.com,2023-01-15,Platinum
C3176,Cipriano Peña,30,M,San Borja,clotilde16@gmail.com,2024-02-27,Básico
C3177,Luis Miguel Campillo Heras,22,M,Comas,espejoartemio@monreal.com,2022-11-22,Básico
C3178,Pancho Hoz,20,M,Jesús María,amandapinedo@gmail.com,2024-05-30,Gold
C3179,Donato Grau Mayoral,27,M,SJL,corraldiego@gmail.com,2022-07-25,Básico
C3180,Samanta Ríos Morell,28,F,Los Olivos,alvaradoiker@molina.com,2022-10-26,Básico
C3181,Eduardo de Pla,21,M,Callao,armida28@naranjo.es,2022-07-19,Gold
C3182,Gloria Cisneros Luís,16,F,Surquillo,bienvenida60@pascual.net,2023-03-28,Básico
C3183,Cipriano José Antonio Salamanca Fernandez,35,M,Lince,angelabilbao@pazos.com,2022-10-22,Silver
C3184,Leopoldo Alegria Donoso,33,M,Jesús María,lalcantara@tolosa.net,2022-02-28,Básico
C3185,Heraclio Solís Llopis,29,M,Lince,hoyospascuala@bas-benavides.es,2023-07-02,Básico
C3186,Benito de Azorin,26,M,Jesús María,quirinobaro@hotmail.com,2022-02-09,Silver
C3187,Urbano del Cañete,23,M,Miraflores,elbasainz@hotmail.com,2023-01-26,Básico
C3188,Pastor Cabo Montesinos,28,M,Pueblo Libre,pili78@hotmail.com,2023-08-04,Básico
C3189,Reyes Benítez Cáceres,17,M,San Borja,lorena05@pinol.es,2023-07-13,Básico
C3190,Cristian Ortega Mínguez,31,M,San Miguel,vallcebrian@valero.org,2023-08-09,Platinum
C3191,Manu Guillén Navarrete,35,F,Breña,buendiasaturnina@vilar-coloma.com,2023-04-06,Silver
C3192,Miguela Tamayo Pina,35,F,La Molina,agapitosolis@casares.es,2022-12-20,Platinum
C3193,Marisa Olivia Blázquez Gabaldón,20,F,SJL,patriciaadan@gmail.com,2023-07-04,Gold
C3194,Fabricio Domínguez Rios,20,M,La Molina,qarroyo@ruano.org,2023-10-15,Silver
C3195,Rocío Camila Prada Barragán,24,F,San Miguel,virginiabenavente@hotmail.com,2022-06-14,Gold
C3196,Alex del Benito,29,M,Pueblo Libre,mosquerairis@yahoo.com,2022-11-04,Silver
C3197,Gabino Eliseo Prado Cerdá,30,M,Breña,uabad@hotmail.com,2023-12-29,Silver
C3198,Merche Reina Mármol Calvet,20,F,Surquillo,pombotomas@yahoo.com,2023-10-04,Gold
C3199,Fausto Ariza Perez,28,M,Breña,francisco-josemalo@romero-buendia.es,2023-03-04,Platinum
C3200,Verónica Pons Lumbreras,30,F,Breña,ribaetelvina@yahoo.com,2023-04-20,Gold
C3201,Fabiola Moreno Cabanillas,26,F,Callao,rosalinda47@gmail.com,2023-02-13,Silver
C3202,Tadeo Palomares Duque,23,M,San Isidro,demetrio41@gmail.com,2023-12-31,Silver
C3203,Joaquín Martínez Roldán,35,M,Jesús María,nietoagueda@yahoo.com,2023-04-20,Platinum
C3204,Sabina del Otero,25,F,San Isidro,hsierra@pou.com,2023-02-07,Silver
C3205,Dorita Vaquero Benitez,19,F,Lince,amaliatamarit@yahoo.com,2023-10-30,Platinum
C3206,Narcisa Carmona Font,35,F,Breña,francisco-jose26@lujan.com,2022-02-22,Silver
C3207,Modesto Serra Santos,26,M,Lince,clemente14@cano-rodriguez.com,2022-06-10,Platinum
C3208,Imelda Abad,21,F,SJL,jose-angelmenendez@gmail.com,2022-01-25,Silver
C3209,Ale Vera Ariño,34,F,Callao,marisol13@hotmail.com,2022-06-26,Gold
C3210,Pablo Cabanillas Carlos,28,M,San Borja,eligio71@segarra-nebot.es,2024-03-11,Silver
C3211,Lalo Torre Blázquez,29,M,Jesús María,jsevilla@gmail.com,2023-04-25,Silver
C3212,Martin Rincón-Pujol,31,M,Jesús María,carmina01@villalba.es,2023-09-18,Básico
C3213,Juan Luis Pintor Armas,18,M,Surco,urrutiamerche@nieto-bustos.com,2022-01-22,Básico
C3214,Loreto Ureña Alfaro,26,M,Surquillo,sampercleto@villalobos-rios.es,2022-04-03,Gold
C3215,Alondra Valle León,22,F,Comas,clamas@donaire-bayona.es,2022-06-04,Silver
C3216,Candela Tejada-Martín,18,F,Jesús María,velascovictorino@aragones.net,2023-10-01,Gold
C3217,Virginia Romeu,31,F,Jesús María,fcortina@hotmail.com,2023-12-22,Silver
C3218,Paola Pineda-Berenguer,25,F,Surco,benaventamado@hotmail.com,2024-04-01,Silver
C3219,Edgardo Baquero Sánchez,21,M,Breña,arcoeugenio@benavides.net,2022-05-02,Platinum
C3220,Hernán Nicolás-Gutiérrez,33,M,Lince,victoria15@agullo.es,2023-10-06,Platinum
C3221,Adelina Olmedo Cid,23,F,Surco,carmelocaballero@yahoo.com,2023-11-11,Silver
C3222,Amparo Cañete-Sancho,19,F,Pueblo Libre,anita50@gmail.com,2022-02-10,Silver
C3223,Pía Roldán,31,F,Breña,tvalenciano@arrieta.es,2023-05-04,Silver
C3224,Pastor Barros Valle,34,M,Comas,norbertomenendez@corbacho.org,2024-04-17,Gold
C3225,Estefanía Mármol García,34,F,San Borja,bpizarro@yahoo.com,2022-07-06,Platinum
C3226,Lupe Rovira,31,M,Callao,folchascension@galvez.es,2023-08-04,Gold
C3227,Judith Taboada Salvà,18,F,San Miguel,cruzguadalupe@yahoo.com,2023-01-14,Básico
C3228,Víctor Cazorla-Abella,20,M,San Borja,leonardo03@valenciano.org,2022-11-04,Platinum
C3229,Leonel Garriga Dueñas,19,M,San Miguel,frutosmarianela@casanova.es,2024-03-20,Silver
C3230,Bernardita de Puig,25,F,Comas,tgarcia@nino-ponce.net,2024-03-22,Básico
C3231,Florina Blanca,35,F,Pueblo Libre,vvall@hotmail.com,2023-05-22,Básico
C3232,Brígida Arregui Larrañaga,21,F,Jesús María,gguzman@hotmail.com,2024-05-21,Gold
C3233,Ramiro Torres Vélez,32,M,La Molina,nandoarco@hotmail.com,2023-06-17,Básico
C3234,Leonor Dueñas Montalbán,26,F,San Miguel,wmaza@barco.org,2022-06-20,Básico
C3235,Leocadio Mendoza Fiol,25,M,La Molina,horacio33@gmail.com,2023-04-05,Platinum
C3236,Cruz de Borrego,17,F,La Molina,penalverhortensia@luna-lozano.com,2024-02-07,Platinum
C3237,Régulo Sanmartín Guzmán,26,M,Lince,rosaliapadilla@perales.es,2022-02-02,Silver
C3238,Rolando Joan Huerta Villena,34,M,Miraflores,ilosa@calvo.org,2022-11-06,Platinum
C3239,Manolo Guitart Gimenez,31,M,Breña,aferrandiz@valenzuela.es,2023-02-02,Básico
C3240,Leandra Puente,28,F,Jesús María,sroig@pintor-arroyo.com,2023-01-11,Platinum
C3241,Lidia Redondo Cuenca,26,F,Los Olivos,javigarrido@villanueva-lucas.es,2022-12-21,Gold
C3242,Alfredo Robledo,31,M,La Molina,lucia08@gmail.com,2022-10-01,Básico
C3243,Azeneth Arregui Sans,18,F,Pueblo Libre,lidia08@alonso-gimenez.es,2023-11-14,Gold
C3244,Augusto Marín,16,M,Pueblo Libre,herrerosigfrido@yahoo.com,2022-05-12,Básico
C3245,Aníbal Pinedo Maestre,18,M,Los Olivos,maximoluque@gmail.com,2023-01-18,Básico
C3246,Jose Angel Escrivá,34,M,Pueblo Libre,juanitafont@gmail.com,2022-08-31,Básico
C3247,Jafet del Gutiérrez,16,M,Comas,romeuheriberto@santiago.com,2022-01-14,Gold
C3248,Juan Carlos Palmer Amat,20,M,San Borja,sevillaantonia@hotmail.com,2023-10-04,Platinum
C3249,Piedad Joaquina Larrea Antúnez,19,F,San Borja,nadia37@lamas.es,2022-05-05,Básico
C3250,Guiomar Borrell Lumbreras,22,M,San Miguel,ferrandizamando@hotmail.com,2024-02-03,Básico
C3251,Loreto del Galvez,18,M,Comas,inigosantana@domingo.es,2022-04-04,Básico
C3252,Isa Ramona Albero Jiménez,23,F,San Isidro,miriamvilla@hotmail.com,2022-02-21,Básico
C3253,Maxi del Estrada,26,F,Callao,emelina13@gmail.com,2023-06-27,Silver
C3254,Rocío Ágata Casals Abella,22,F,Comas,bellosergio@alamo.net,2023-05-23,Silver
C3255,Carmela Ortega Parejo,25,F,Comas,zcid@yahoo.com,2023-11-24,Básico
C3256,Ainara Chamorro,21,F,Lince,zamador@benavente-arias.com,2022-01-07,Básico
C3257,Alex Jaume Miralles,22,M,La Molina,rodrigoherminio@gmail.com,2022-05-28,Silver
C3258,Arsenio Alcántara Villegas,18,M,San Isidro,juarezabraham@carmona.com,2022-07-11,Gold
C3259,Zacarías Armas Boada,21,M,Breña,hmarco@yahoo.com,2023-10-13,Gold
C3260,Haydée Rios-Cantón,32,F,Callao,querolramona@peiro.es,2022-10-20,Silver
C3261,Alma Carbonell,24,F,Surquillo,teofilojaume@mancebo.es,2022-12-20,Silver
C3262,Rodrigo Zurita-Quintero,24,M,La Molina,yfrutos@ballester.org,2024-02-12,Silver
C3263,Che Nacio Puerta Olivé,17,M,Surco,albano93@gmail.com,2023-05-21,Gold
C3264,Lorenzo Pereira Guardia,35,M,Pueblo Libre,tcortes@gmail.com,2024-04-17,Platinum
C3265,Fabián Pereira Perez,30,M,Miraflores,larreaamor@gmail.com,2024-02-02,Básico
C3266,Teresa Calvo,34,F,Pueblo Libre,elodia20@seco.net,2023-01-06,Básico
C3267,Jennifer Antúnez Moraleda,26,F,SJL,bertrangenoveva@pla.es,2023-01-02,Platinum
C3268,Manuelita Torralba Valls,31,F,La Molina,campillomargarita@hotmail.com,2024-02-21,Platinum
C3269,Bienvenida Izquierdo Aliaga,33,F,Comas,palmiraarteaga@figuerola-sandoval.com,2022-07-14,Silver
C3270,Andrés Felipe Carrión Martinez,17,M,Comas,walvaro@arteaga.com,2022-12-28,Platinum
C3271,Maricruz Trillo Esteban,30,F,Jesús María,fulgenciofrias@cisneros-cabo.net,2024-03-26,Platinum
C3272,Miriam Angulo Ros,30,F,SJL,epifanio15@villegas.com,2022-06-06,Silver
C3273,Maura Salazar Guijarro,29,F,Miraflores,riveroblas@yahoo.com,2024-06-13,Silver
C3274,Susana Ferrer,28,F,Surquillo,benetencarnacion@angel.es,2023-10-10,Silver
C3275,Felipa Fuertes Abascal,27,F,Miraflores,andresolmo@hoyos.net,2023-03-21,Silver
C3276,Amílcar Merino Segarra,34,M,Los Olivos,florenciagallo@zamorano.net,2022-08-11,Básico
C3277,Maximiliano Cano Calvo,28,M,SJL,cjodar@valencia.org,2022-06-03,Gold
C3278,Zaida Izaguirre Montesinos,22,F,Miraflores,humberto32@gmail.com,2023-05-25,Platinum
C3279,Teófilo Grande,25,M,Surquillo,maribel94@calleja.es,2024-05-24,Gold
C3280,Mariano Donaire Mateos,22,M,SJL,jose-luis39@gmail.com,2023-09-14,Platinum
C3281,Rufina Andrea Cervantes Bru,29,F,Surquillo,andres12@rosales.com,2022-06-13,Platinum
C3282,Emiliano de Hoyos,27,M,Surco,julio27@cabo.net,2022-03-10,Gold
C3283,Fátima del Crespo,35,F,La Molina,jpalomo@gmail.com,2022-05-25,Silver
C3284,Aurelia Guardia Pina,22,F,Breña,seguraanita@yahoo.com,2023-05-18,Básico
C3285,Ligia Collado Carbonell,21,F,Jesús María,bhuertas@yahoo.com,2023-10-08,Gold
C3286,Alba Pallarès Valverde,35,F,Surco,scatala@quesada.es,2023-09-06,Silver
C3287,Visitación Camacho-Cabañas,26,F,Comas,ariadnapinedo@ferrero.org,2023-01-18,Silver
C3288,Luna Campo Solera,34,F,SJL,tibanez@rodenas-ramis.com,2022-03-06,Básico
C3289,Cristina del Vega,27,F,Breña,luquemarcial@calatayud.com,2022-09-10,Silver
C3290,Carolina Taboada Bayón,23,F,San Miguel,clementepalma@hotmail.com,2024-06-11,Gold
C3291,Berta Lorenzo-Cepeda,24,F,Lince,carranzaruperto@correa.org,2022-12-15,Gold
C3292,Venceslás Carbó Valbuena,20,M,Jesús María,nelidasegovia@acero-muro.com,2024-03-11,Silver
C3293,Urbano Carvajal Moraleda,23,M,SJL,tatianasanabria@hotmail.com,2023-07-31,Platinum
C3294,Miguel Ángel Avilés,26,M,Lince,albamacarena@gmail.com,2022-04-08,Platinum
C3295,Borja Bonilla Camps,35,M,Jesús María,castellomaria-belen@gmail.com,2022-03-25,Platinum
C3296,Maribel Jordá Carreño,35,F,San Miguel,wquero@cuevas.es,2024-01-16,Gold
C3297,David Cabezas-Escudero,30,M,Breña,tcobos@saldana.es,2024-03-07,Silver
C3298,Caridad Badía-Cárdenas,20,F,Jesús María,herberto39@hotmail.com,2024-05-18,Básico
C3299,Isa Carnero Nebot,23,F,San Isidro,chus84@yahoo.com,2023-10-11,Básico
C3300,Felicia del Olmo,27,F,Surquillo,wortuno@yahoo.com,2023-09-28,Platinum
C3301,Armando Girona Botella,24,M,Jesús María,lilianagranados@arteaga-mayol.es,2023-05-12,Gold
C3302,Nicolás Tenorio Jara,22,M,San Miguel,grandecintia@caceres-cordero.es,2023-09-04,Básico
C3303,Eulalia Gabaldón Escribano,17,F,Comas,rbatalla@mari.com,2022-07-19,Gold
C3304,Clemente Oller-Redondo,28,M,Breña,dperea@hotmail.com,2023-12-19,Básico
C3305,Albina Gomis,24,F,San Isidro,domingoremigio@hotmail.com,2022-05-28,Gold
C3306,Édgar Riba Peralta,16,M,Callao,acamps@yahoo.com,2023-10-22,Platinum
C3307,Alfonso Cáceres Casals,27,M,SJL,mollzacarias@gmail.com,2024-03-05,Silver
C3308,Inés Gutiérrez Camps,28,F,Lince,ariadna89@yahoo.com,2022-06-10,Platinum
C3309,Amparo Cepeda Campos,19,F,San Miguel,asdrubalrozas@torralba-posada.es,2022-10-08,Platinum
C3310,Constanza Talavera Zapata,22,F,Comas,macarena37@echeverria.es,2023-09-14,Platinum
C3311,Chus Albero Córdoba,21,F,San Borja,alba82@isern.com,2022-05-12,Gold
C3312,Lisandro Valdés Andrade,19,M,Miraflores,galanluciana@hotmail.com,2024-06-07,Gold
C3313,Lilia Hernando Uribe,27,F,Los Olivos,lagunaotilia@yahoo.com,2022-11-19,Platinum
C3314,Seve Galo Lobo Noriega,29,M,Callao,bernabeagudo@yahoo.com,2022-11-28,Platinum
C3315,Sabas Enrique Novoa Antón,26,M,San Borja,mpozuelo@yahoo.com,2024-05-06,Básico
C3316,Gloria Reguera-Vaquero,26,F,San Borja,xdominguez@hotmail.com,2024-02-14,Básico
C3317,Jacinto Baños Anaya,20,M,SJL,zporras@gimenez.net,2022-03-07,Básico
C3318,Valerio Artigas-Almazán,20,M,Surco,anselma70@alcala.com,2023-06-20,Silver
C3319,Yago Folch,18,M,Pueblo Libre,encarnitaferrandiz@garate.com,2023-01-04,Gold
C3320,Chita del Salom,18,F,Breña,fortunatoarcos@zapata.es,2022-12-18,Básico
C3321,Gloria Arrieta Matas,28,F,Lince,juan-carlosmoles@carballo.com,2022-03-05,Platinum
C3322,Úrsula Salas Olmo,20,F,Lince,venceslasleiva@solis.org,2024-04-22,Básico
C3323,Prudencio Blasco,30,M,Los Olivos,bayonagriselda@hotmail.com,2022-04-29,Gold
C3324,Jafet Roma Pou,23,M,Miraflores,gbaron@hierro.es,2023-10-23,Básico
C3325,Juan Carlos del Rivera,23,M,SJL,xbellido@hotmail.com,2022-02-13,Básico
C3326,Gil Pepe Tamayo Alcalde,23,M,Los Olivos,lauraparejo@morata-alvaro.org,2024-06-10,Silver
C3327,Consuela Hervia-Peláez,26,F,Breña,paraujo@tolosa.org,2024-02-14,Platinum
C3328,Custodio Robledo,32,M,Pueblo Libre,cornelioferreras@bautista.es,2022-10-24,Platinum
C3329,Ceferino Galván-Aguiló,29,M,Lince,jose-luis29@hotmail.com,2022-03-11,Básico
C3330,Fulgencio Abella Coloma,34,M,Miraflores,apolinar32@yahoo.com,2022-08-02,Silver
C3331,Amalia Valle Lago,16,F,Jesús María,ovidio73@gmail.com,2023-12-20,Básico
C3332,Corona del Salinas,32,F,San Miguel,pedrolopez@yahoo.com,2024-04-28,Silver
C3333,Lara Alonso-Ferreras,22,F,Los Olivos,abermudez@company-toro.net,2023-07-04,Básico
C3334,Chita Valcárcel Páez,24,F,Lince,lloretinmaculada@giralt.es,2023-01-19,Platinum
C3335,Danilo Mateo Sureda,22,M,Pueblo Libre,apoloniarey@pi-santamaria.net,2023-09-15,Gold
C3336,Estrella Gallo Barreda,22,F,Jesús María,reyesiborra@llobet.com,2022-09-24,Platinum
C3337,Jonatan Boix,25,M,SJL,belenmuro@gmail.com,2022-01-30,Platinum
C3338,Maribel Toro,22,F,Los Olivos,btorralba@galvez.es,2022-04-26,Básico
C3339,Catalina de Barrio,19,F,Comas,utorrent@hotmail.com,2024-06-14,Silver
C3340,Reynaldo Sosa,34,M,Comas,saldanaisidoro@yahoo.com,2024-02-05,Gold
C3341,Benito Herminio Osuna Planas,34,M,Surquillo,ascensionpellicer@acero.org,2022-11-07,Gold
C3342,Yéssica Fuertes,17,F,Callao,cristian80@gmail.com,2023-10-04,Silver
C3343,Ángela Portero Correa,22,F,Lince,rodrigoraquel@gmail.com,2022-01-25,Gold
C3344,Tito Viana Echeverría,22,M,Surquillo,wgrau@gmail.com,2022-07-05,Gold
C3345,Andrés Felipe Recio Boix,31,M,Comas,mariaserrano@yahoo.com,2023-02-02,Gold
C3346,Soraya Céspedes,28,F,San Borja,luisinavigil@gmail.com,2024-02-11,Silver
C3347,María Fernanda Exposito,31,F,Lince,arrietamaria@osorio.com,2023-09-04,Gold
C3348,Daniel Cabezas-Llabrés,18,M,San Borja,soledadcrespo@gmail.com,2022-04-20,Básico
C3349,Clemente Fonseca Otero,35,M,Miraflores,cobohernan@llorens.es,2024-05-27,Básico
C3350,Rosario Torrent Orozco,16,F,La Molina,bibarra@yahoo.com,2023-04-01,Platinum
C3351,Andrés Fabián Tamarit Gutierrez,19,M,Miraflores,nieves43@santos.net,2023-01-12,Silver
C3352,Amaro Carretero Taboada,29,M,Comas,carina13@sans.com,2024-06-16,Gold
C3353,Amor Terrón Azcona,24,M,Breña,qroma@gmail.com,2023-11-01,Básico
C3354,Nidia de Valera,17,F,San Miguel,edelmiraprieto@yahoo.com,2022-05-03,Gold
C3355,Natalio Calvo Español,24,M,SJL,joaquinapages@gmail.com,2024-03-30,Silver
C3356,Teobaldo Campillo,16,M,San Miguel,maiterobledo@hotmail.com,2023-05-03,Silver
C3357,Porfirio Batlle,19,M,Surco,jmontes@yahoo.com,2024-01-13,Silver
C3358,Obdulia de Feijoo,34,F,Comas,pgabaldon@gmail.com,2023-07-25,Gold
C3359,Febe Alfaro Gelabert,16,F,Comas,maximiliano37@cerda-serra.com,2023-07-31,Platinum
C3360,Tito Solé-Valencia,20,M,San Isidro,mendizabalelias@godoy-francisco.com,2022-03-08,Platinum
C3361,Teodora Valverde Nogueira,16,F,Miraflores,soleraherminio@rivas-paredes.org,2023-05-25,Platinum
C3362,Anastasia Yaiza Aparicio Esparza,29,F,Los Olivos,peirotatiana@blazquez-araujo.com,2022-01-14,Básico
C3363,Pánfilo Mayo,24,M,Comas,teobaldo70@ledesma.com,2022-10-16,Platinum
C3364,Trinidad Antúnez Mosquera,24,M,Miraflores,diezeliana@hotmail.com,2023-11-19,Gold
C3365,Francisco Jose Abril Viña,23,M,Comas,corbachorocio@verdejo.es,2023-04-04,Básico
C3366,Rodolfo Cid,34,M,Surquillo,abraham07@dalmau-palacio.net,2024-05-27,Platinum
C3367,Maristela Rosa Villegas Leiva,23,F,Comas,mlorenzo@palmer.net,2024-05-18,Básico
C3368,Charo Casanova Izquierdo,27,F,Surco,anayaloreto@gmail.com,2023-09-05,Gold
C3369,Salud Calvet Sainz,31,F,Lince,evalderrama@hotmail.com,2022-06-17,Gold
C3370,Hilda Carmina Rueda Cantón,33,F,Lince,zherrera@hotmail.com,2022-05-30,Gold
C3371,Natalia Peinado Echevarría,29,F,Los Olivos,leonormugica@hotmail.com,2023-08-18,Platinum
C3372,Delfina Camila Villar Alcázar,30,F,Jesús María,asdrubalsans@hotmail.com,2024-02-25,Gold
C3373,Marino Castejón Fuertes,31,M,Callao,aramburuolga@esteban-camino.net,2023-07-10,Platinum
C3374,Gala Emilia Almagro Ocaña,29,F,Surco,xiomaracardenas@gmail.com,2023-09-09,Gold
C3375,Erasmo Valbuena Tomé,26,M,San Miguel,vsans@mas-codina.es,2023-01-03,Platinum
C3376,Reyna Aller Agustín,33,F,Surquillo,jose-carlosjulia@dominguez.es,2023-11-28,Silver
C3377,Agapito Acedo Blanco,26,M,Lince,mohamedcabrero@hotmail.com,2024-05-30,Silver
C3378,Irene Larrea Romero,33,F,Callao,qcastells@yahoo.com,2024-05-01,Silver
C3379,Adalberto Garzón-Gallego,22,M,Surquillo,jordanamolina@alarcon.com,2023-12-11,Platinum
C3380,Olegario Tejera Canet,29,M,San Miguel,clarisa25@serra.org,2022-04-25,Básico
C3381,Dani Lumbreras Maestre,34,M,Miraflores,bauzalazaro@hotmail.com,2022-09-18,Silver
C3382,Abilio Múñiz Flores,26,M,SJL,tomas57@hotmail.com,2022-04-30,Gold
C3383,Celestina del Solano,33,F,San Miguel,zalberola@gabaldon.org,2023-02-09,Platinum
C3384,Dionisio Marcos,34,M,Jesús María,filomenavidal@acevedo.org,2024-02-07,Platinum
C3385,Albert de Pablo,23,M,Callao,manolo97@beltran.com,2023-10-22,Platinum
C3386,Olegario Nogués-Jordán,22,M,Comas,raulsevilla@oliver.net,2022-01-01,Básico
C3387,Xiomara Maestre Pomares,20,F,San Miguel,igomez@gmail.com,2022-03-15,Gold
C3388,Silvio Giralt Vázquez,28,M,La Molina,rherrera@escalona.es,2024-04-25,Silver
C3389,Yago Armengol Mayoral,22,M,Miraflores,marnau@hotmail.com,2022-01-17,Básico
C3390,Nélida Busquets Giner,19,F,San Isidro,maricruz57@manuel.com,2022-07-10,Básico
C3391,Domingo Bilbao Albero,24,M,SJL,zoraidavilla@hotmail.com,2022-05-02,Platinum
C3392,Máxima Gargallo Viñas,28,F,Miraflores,suarezpatricio@gmail.com,2023-12-16,Gold
C3393,Nieves Ferrer-Vall,28,F,Jesús María,hferrer@hotmail.com,2022-08-02,Gold
C3394,Julieta Manuel Valero,35,F,San Borja,palmalisandro@yahoo.com,2023-05-05,Básico
C3395,Rufina Flor Borrego Sales,17,F,SJL,jenniferpinol@yanez.net,2022-11-24,Gold
C3396,Calisto Diaz,24,M,Comas,rcastrillo@roig-casas.com,2023-04-30,Platinum
C3397,Jose Luis Cámara Bermudez,29,M,Comas,xgallart@yahoo.com,2023-08-25,Gold
C3398,Tomasa Román Frías,16,F,Breña,camilofranch@gmail.com,2022-02-09,Platinum
C3399,Mauricio Jover Millán,31,M,La Molina,grandeadelaida@hotmail.com,2023-07-11,Básico
C3400,Espiridión Gargallo Tejada,23,M,Comas,gisela59@escamilla-avila.es,2024-04-30,Básico
C3401,Claudia de Vera,28,F,Comas,herminiotorrent@yahoo.com,2022-12-12,Silver
C3402,Francisca Amador Fajardo,17,F,Jesús María,hozcarmela@pelaez-bustamante.com,2022-11-14,Platinum
C3403,Telmo Viña Lluch,35,M,Breña,esteveeusebio@diez.net,2022-04-08,Básico
C3404,Cornelio Medina,34,M,Surquillo,rioshilda@gmail.com,2023-11-23,Básico
C3405,Mar Domínguez Torrent,18,F,Lince,maribel88@hotmail.com,2022-07-05,Platinum
C3406,Áurea Vilar Sebastián,34,F,Breña,emperatriz31@reig.net,2024-03-31,Básico
C3407,Vera Itziar Borrego Casal,34,F,Surco,martiriozamorano@hotmail.com,2023-12-16,Platinum
C3408,Carlos Barranco Caballero,30,M,La Molina,nachocampos@lillo-fabregat.org,2024-05-24,Silver
C3409,Hernando Canet Zamora,25,M,San Borja,heraclio82@hotmail.com,2022-12-06,Platinum
C3410,Jerónimo Arévalo Arroyo,20,M,Surquillo,tsandoval@adadia-ferrera.com,2022-03-20,Silver
C3411,Lola Olmo Carbajo,31,F,San Isidro,lgordillo@carrion.com,2022-01-06,Platinum
C3412,Jose Angel Pizarro Caballero,28,M,Miraflores,albertoiglesia@hotmail.com,2022-11-06,Silver
C3413,Sabas de Escrivá,26,M,Surquillo,eparedes@hotmail.com,2023-12-01,Platinum
C3414,Mario Bauzà Cepeda,30,M,Pueblo Libre,salesgriselda@aroca.net,2023-12-19,Básico
C3415,Augusto Valbuena,21,M,Los Olivos,emmamarino@sole.net,2022-05-16,Básico
C3416,Consuela Arcelia Dávila Bonilla,31,F,Jesús María,gsalva@hotmail.com,2024-03-24,Platinum
C3417,Régulo del Guillén,32,M,San Miguel,arrietaana-belen@querol-pena.net,2023-12-12,Gold
C3418,Sigfrido Ávila Navarrete,29,M,SJL,azurita@yahoo.com,2022-02-04,Gold
C3419,Samanta Arrieta,33,F,Comas,vcastells@elorza.es,2023-03-09,Básico
C3420,Eloy Amancio Luque Pardo,18,M,La Molina,lucia53@yahoo.com,2024-06-17,Gold
C3421,Silvia Angulo Balaguer,28,F,Lince,mercedespineda@hotmail.com,2022-09-07,Silver
C3422,Florentino Blanca Mas,16,M,Los Olivos,gil59@gmail.com,2022-03-30,Silver
C3423,Alfredo Casanovas,30,M,Callao,doroteatormo@yahoo.com,2023-07-14,Gold
C3424,Eulalia Infante Tapia,31,F,Surco,leandro53@lobato.com,2024-03-19,Silver
C3425,Luciana Yáñez-Amor,19,F,Lince,carvajaltere@hotmail.com,2022-02-10,Silver
C3426,Alcides Nicolás Esparza,20,M,La Molina,paulinocanizares@hotmail.com,2022-05-17,Platinum
C3427,Albert Velasco Osorio,27,M,Miraflores,trinidadsebastian@campo.net,2023-06-07,Básico
C3428,Cayetano Ribes Tejera,32,M,Callao,yfonseca@gmail.com,2022-09-30,Básico
C3429,Ligia Delia Garzón Romeu,20,F,Jesús María,isabelacanet@munoz-casares.es,2022-09-07,Platinum
C3430,Balduino Verdugo Segovia,22,M,Callao,regueraberta@hotmail.com,2023-05-02,Platinum
C3431,Flora Morillo Cervantes,22,F,Surco,lino14@gmail.com,2022-06-26,Platinum
C3432,Luciano Nicolau Juliá,20,M,Callao,bdelgado@aragon.es,2022-05-11,Silver
C3433,Haroldo de Puig,31,M,Lince,pbarba@gmail.com,2022-03-16,Silver
C3434,Edu Chamorro Rodriguez,29,M,Surquillo,danilorius@alvaro.com,2023-10-03,Gold
C3435,Abilio Tenorio Álvarez,24,M,Breña,chemaabascal@leiva.com,2022-03-03,Platinum
C3436,Dani del Amigó,26,M,Pueblo Libre,clarisa70@hotmail.com,2023-02-09,Básico
C3437,Severino Cid Millán,27,M,Breña,fpuig@hotmail.com,2023-04-06,Silver
C3438,Pastor Mariscal Fabra,31,M,San Borja,inadal@cuenca.org,2024-03-20,Platinum
C3439,Tomás Rómulo Sanchez Patiño,23,M,San Borja,ytorre@hotmail.com,2023-06-18,Gold
C3440,Felipa Macias Anguita,18,F,Breña,severiano66@gmail.com,2023-09-07,Básico
C3441,María Pilar Teruel Sainz,18,F,Lince,ignaciacobos@yahoo.com,2022-03-28,Silver
C3442,Sosimo Pozo-Garzón,27,M,La Molina,tballesteros@gmail.com,2023-02-07,Gold
C3443,Edelmira Merino Pla,26,F,La Molina,sgoicoechea@bermudez-galiano.es,2024-05-06,Gold
C3444,Victoria Barrera Badía,31,F,Lince,vnovoa@gmail.com,2023-05-15,Platinum
C3445,Primitivo Lozano,31,M,Jesús María,jose-antoniosantamaria@hotmail.com,2022-04-04,Platinum
C3446,Nieves Toledo,33,F,Lince,bernabe19@diez.com,2023-09-24,Básico
C3447,Violeta Díez-Jaume,24,F,San Miguel,guillensaturnino@llopis.org,2022-10-05,Gold
C3448,Moisés del Cepeda,26,M,San Miguel,leonor87@catala-pla.com,2022-11-28,Silver
C3449,Severo Tenorio Múgica,27,M,La Molina,estradalisandro@yahoo.com,2022-07-16,Gold
C3450,Margarita Romero Coello,24,F,La Molina,elisa55@hotmail.com,2023-09-05,Platinum
C3451,Ariel Enríquez Aguirre,35,M,San Miguel,lgranados@gmail.com,2024-03-16,Silver
C3452,Bernarda Donoso Cuenca,22,F,Callao,flaviocarballo@sanabria.com,2023-12-04,Gold
C3453,Arcelia Alberto Luna,22,F,Pueblo Libre,julian05@ramon.com,2023-04-19,Silver
C3454,Leoncio Conde Almazán,25,M,Callao,megea@rosales.es,2022-09-10,Silver
C3455,Florentina Grau Jordán,21,F,San Miguel,vfrias@barbero.es,2023-10-26,Platinum
C3456,Leyre Hoyos-Calatayud,23,F,Breña,pbotella@moraleda-marti.com,2023-05-11,Gold
C3457,Maricela Bauzà Valdés,33,F,Jesús María,vanesa00@hotmail.com,2022-05-30,Gold
C3458,Francisco de Ariño,24,M,Surco,diana38@borrego.com,2023-01-21,Platinum
C3459,Jeremías Gracia Pablo,18,M,San Isidro,leonel63@barcelo-alvarado.net,2024-04-11,Gold
C3460,Lupe Esmeralda Recio Arribas,30,F,San Miguel,eliasvirgilio@gmail.com,2023-07-18,Gold
C3461,Encarna Gabaldón-Tirado,22,F,La Molina,antonia38@gmail.com,2022-02-22,Platinum
C3462,Lidia Almudena Amo Morera,35,F,Surco,bruno18@alcalde-cazorla.es,2023-05-03,Platinum
C3463,Agustina Palau Ballester,26,F,Surco,capdevilacintia@agusti.es,2022-05-24,Silver
C3464,Dionisio Andres Guillen,27,M,Pueblo Libre,gsalcedo@gimenez-carbonell.es,2024-03-31,Básico
C3465,Reinaldo Vélez Jerez,18,M,La Molina,annapacheco@gmail.com,2022-04-21,Gold
C3466,Cirino de Tirado,19,M,San Miguel,amador06@caro.com,2024-01-31,Platinum
C3467,Herminio Manzano Baquero,17,M,San Miguel,psarmiento@yahoo.com,2023-11-08,Básico
C3468,Elías Boix Almeida,19,M,Jesús María,villalobosfrancisco-javier@rodriguez.es,2023-10-02,Gold
C3469,Narcisa Cano,29,F,San Isidro,lpina@mateu-pont.com,2022-08-25,Silver
C3470,Dominga Gámez Garrido,33,F,Jesús María,evaristo86@penas-roca.com,2024-05-10,Silver
C3471,Ruben Ramis,16,M,Lince,ealsina@rey-gargallo.net,2023-08-22,Gold
C3472,Edgardo Franco Hernández,21,M,Pueblo Libre,vgallego@munoz.net,2024-04-24,Platinum
C3473,Clemente Crespi Vicens,33,M,San Borja,julian17@yahoo.com,2022-01-18,Silver
C3474,Timoteo Duque Álamo,34,M,Comas,priscilallanos@yahoo.com,2023-09-21,Gold
C3475,Ofelia del Valverde,19,F,Surco,nicanorartigas@llado-diego.org,2022-09-10,Platinum
C3476,Celso Villa Sebastián,23,M,SJL,calvociriaco@carrasco.es,2023-09-17,Silver
C3477,Emilio Sancho Borrás,23,M,La Molina,hernansantamaria@yahoo.com,2022-04-20,Básico
C3478,Gilberto Macias Manzanares,25,M,Breña,evita21@gmail.com,2023-08-17,Platinum
C3479,Gala del Corral,22,F,San Isidro,dvendrell@gmail.com,2022-04-13,Básico
C3480,Anunciación Sureda,30,F,SJL,pedrazaaraceli@gmail.com,2022-06-03,Platinum
C3481,Susana Maura Cerro Teruel,16,F,Lince,josefa29@fuente.org,2024-02-23,Gold
C3482,Rodrigo Caballero,31,M,Breña,jordaagustina@bartolome-roldan.net,2024-03-19,Gold
C3483,Maristela Lucas-Marquez,16,F,SJL,roque82@hotmail.com,2023-06-04,Platinum
C3484,Matilde Lerma Riera,35,F,San Isidro,galobartolome@hotmail.com,2023-01-17,Silver
C3485,Joan Mayoral Anglada,35,M,Surquillo,agapito00@hotmail.com,2023-12-17,Platinum
C3486,Albino Tena Lago,28,M,San Isidro,juan-manuelaranda@gmail.com,2022-08-12,Gold
C3487,Araceli Arregui Tamarit,28,F,La Molina,oamores@gmail.com,2022-09-12,Gold
C3488,Ale Machado Folch,28,M,San Borja,josetenorio@ruiz-aguilera.com,2024-06-17,Platinum
C3489,José Luis Tomé-Frías,34,M,San Isidro,vdavila@gmail.com,2023-10-23,Básico
C3490,Rita Diaz-Gascón,16,F,Breña,placidoantunez@gmail.com,2023-08-09,Gold
C3491,Estela Vazquez Carretero,28,F,Miraflores,leoncio96@yahoo.com,2023-05-18,Platinum
C3492,Paula Bernad Bárcena,29,F,Surco,noahidalgo@yahoo.com,2023-03-24,Gold
C3493,Ainara Salgado Cornejo,23,F,La Molina,galloluis-angel@yahoo.com,2023-01-11,Gold
C3494,Odalis Oliva Uría,21,F,Los Olivos,adorabaron@yahoo.com,2022-08-13,Silver
C3495,Hermenegildo Solís Silva,28,M,Jesús María,reynatorrijos@yahoo.com,2022-02-19,Silver
C3496,Guiomar Viña,21,M,Surco,eustaquio95@sotelo-romero.es,2023-09-23,Básico
C3497,Candelaria Carretero Valderrama,18,F,Lince,nadalzaida@hotmail.com,2022-09-19,Platinum
C3498,Camilo Mateo Tena Macias,25,M,Los Olivos,hector54@tudela.es,2024-05-29,Platinum
C3499,Mariana Mendizábal Castro,21,F,San Isidro,ricardo10@hotmail.com,2023-02-24,Gold
C3500,Ariel Pablo Escalona,32,M,Surco,augusto78@bayon.es,2022-08-26,Básico
C3501,Teodosio Vall Uribe,34,M,Callao,azahara20@revilla.com,2024-03-12,Silver
C3502,Elba del Echeverría,33,F,SJL,xmachado@gallego.com,2023-03-10,Silver
C3503,Heriberto Bustamante,16,M,Pueblo Libre,pgoicoechea@iglesia.com,2022-07-20,Básico
C3504,Natalio Buenaventura Tovar Cobos,19,M,La Molina,teo36@hotmail.com,2024-04-16,Silver
C3505,Darío Arévalo Bustos,30,M,Lince,montalbanlorena@barragan-baez.es,2024-02-19,Gold
C3506,Heliodoro Tur Lluch,20,M,Lince,iprat@yahoo.com,2022-07-11,Silver
C3507,Porfirio Bonet Pino,26,M,Surquillo,omontana@gmail.com,2022-06-25,Gold
C3508,Heriberto del Fabregat,32,M,Lince,ntovar@hotmail.com,2022-02-28,Platinum
C3509,Jeremías Roldan Oliver,21,M,Miraflores,barino@yahoo.com,2023-04-26,Silver
C3510,Iker Esteban Céspedes,23,M,Surquillo,amadasolis@gmail.com,2023-09-16,Gold
C3511,Julie Cortés Suarez,30,F,San Isidro,porfirioalamo@hotmail.com,2023-04-11,Silver
C3512,Gastón de Reig,23,M,Los Olivos,ursula77@marmol.com,2023-10-18,Básico
C3513,Jose Miguel Castillo Manzano,28,M,Los Olivos,candido33@salamanca-sebastian.es,2022-01-01,Gold
C3514,Felisa Alberto Arjona,32,F,Pueblo Libre,abolanos@yahoo.com,2023-05-17,Platinum
C3515,Reyes Lozano Alcalde,32,F,SJL,hugo03@hotmail.com,2023-10-25,Gold
C3516,Lourdes Jiménez Almazán,24,F,Lince,gilnydia@miranda.es,2023-02-22,Silver
C3517,Alondra Rosado Hernando,20,F,Pueblo Libre,gemapalacio@yahoo.com,2022-02-07,Silver
C3518,Poncio Camacho,35,M,Jesús María,klanda@feijoo.es,2024-05-12,Gold
C3519,Bartolomé Mateo,35,M,San Miguel,abascalevaristo@hotmail.com,2023-02-27,Platinum
C3520,Jordana Alberto Hurtado,25,F,Jesús María,izquierdomarcelino@yahoo.com,2022-01-25,Gold
C3521,Maura del Carvajal,22,F,Pueblo Libre,azahargracia@sureda-borrego.es,2022-01-17,Silver
C3522,Maribel Gomis Cortés,20,F,SJL,mateuchema@alvarado.com,2024-06-04,Silver
C3523,Alba Socorro Uribe Martí,28,F,San Isidro,wbarrio@gmail.com,2022-05-26,Básico
C3524,Edelmiro Ramírez-Niño,30,M,La Molina,matilde85@ribas.com,2023-05-14,Platinum
C3525,Marcela Ballesteros Oliva,30,F,Jesús María,borregoemiliano@zamorano.es,2022-07-29,Platinum
C3526,Epifanio Saez Calatayud,29,M,Miraflores,macarena90@pujol-aroca.es,2022-09-09,Silver
C3527,Edelmiro del Menendez,25,M,Jesús María,maximianofranco@hotmail.com,2022-02-24,Gold
C3528,Reyes Feijoo Morera,28,F,San Miguel,ppardo@hotmail.com,2023-11-01,Platinum
C3529,Juan Manuel Sáez Falcón,35,M,La Molina,bastidanoemi@feliu-cerezo.es,2022-12-30,Platinum
C3530,Nacio Redondo Albero,31,M,Surco,lidiacaceres@rius.com,2022-12-27,Gold
C3531,Heraclio Vila Barberá,25,M,San Miguel,crescenciaescalona@hotmail.com,2023-06-03,Silver
C3532,Gregorio Talavera Franch,19,M,Los Olivos,conchallabres@vilalta.es,2024-02-02,Gold
C3533,Blas Paniagua Mateo,16,M,Lince,naranjoadelina@yahoo.com,2022-08-12,Gold
C3534,Vicente Vargas Ruano,30,M,Breña,narcisopuente@hotmail.com,2022-12-09,Platinum
C3535,Clara Segovia Ruiz,35,F,Jesús María,bernarda45@hoyos-salgado.net,2022-10-19,Gold
C3536,Martin Palma Yáñez,32,M,San Borja,brincon@navarrete.es,2022-05-07,Platinum
C3537,Fidela Montes Talavera,29,F,Pueblo Libre,enriqueespana@yahoo.com,2023-06-11,Básico
C3538,Luis Ángel Toro-Márquez,20,M,San Miguel,gomezlupe@hotmail.com,2024-04-24,Platinum
C3539,Paz Guardia Hoyos,30,F,Comas,rgalvan@yahoo.com,2024-01-10,Gold
C3540,Fabián de Benítez,20,M,Pueblo Libre,marividal@gmail.com,2022-07-21,Básico
C3541,Ámbar Vall Abellán,24,F,Breña,augusto98@barral.org,2022-08-14,Básico
C3542,Vasco Mateu Carbajo,25,M,Miraflores,ucatalan@gmail.com,2022-05-17,Silver
C3543,Emelina de Calderón,34,F,San Isidro,cruz36@gmail.com,2023-03-04,Silver
C3544,María Belén Santamaría Bárcena,33,F,San Borja,mosqueraale@gmail.com,2022-09-19,Silver
C3545,Casemiro Tolosa,18,M,Los Olivos,javier69@yahoo.com,2024-05-29,Básico
C3546,Lina Durán Lladó,31,F,Pueblo Libre,ximena41@escribano.es,2022-03-09,Silver
C3547,Mariana Conde-Camps,21,F,San Miguel,ebeltran@gmail.com,2023-11-20,Platinum
C3548,Heliodoro Laguna Coll,18,M,Callao,alsinacayetano@herranz.com,2023-04-16,Gold
C3549,Loida Segura Arranz,31,F,La Molina,octavia58@sarabia-rovira.es,2023-08-14,Gold
C3550,Adora Osuna Acuña,32,F,Los Olivos,loretobarrena@yahoo.com,2023-11-15,Gold
C3551,Herberto Benavente Macias,23,M,Surquillo,plarranaga@casal.es,2022-01-23,Platinum
C3552,Camila Urrutia Carretero,24,F,Jesús María,victor-manuel77@gmail.com,2023-06-06,Gold
C3553,Paola del Arce,28,F,Miraflores,ligiaacero@hotmail.com,2023-08-29,Gold
C3554,Agustina Mármol-Domingo,19,F,Surquillo,btorrent@sanjuan.es,2022-06-01,Silver
C3555,Fulgencio Dan Pagès Infante,23,M,SJL,santoschita@hotmail.com,2022-06-06,Básico
C3556,Oriana Luque,29,F,Comas,ocasares@yahoo.com,2023-02-14,Platinum
C3557,Rosa María Cantón Heras,25,F,Surco,reynaldopinol@gmail.com,2022-09-06,Silver
C3558,Magdalena Miguel,18,F,Pueblo Libre,salvadorteofila@gmail.com,2022-11-18,Básico
C3559,Angélica Teófila Mayo Batalla,28,F,Surquillo,jginer@hotmail.com,2023-03-19,Silver
C3560,Rebeca del Larrañaga,31,F,Miraflores,barreradomitila@aleman.org,2022-12-08,Gold
C3561,Marc Sáez Espinosa,25,M,San Isidro,loida45@gmail.com,2023-05-14,Platinum
C3562,Mariana Rivero Fabregat,34,F,San Isidro,ipera@viana.org,2023-02-20,Platinum
C3563,Nazario Aguiló-Pozuelo,25,M,San Isidro,gabaldonadelia@barba.es,2023-09-18,Silver
C3564,Araceli Garrido Agustín,21,F,San Borja,martinjovita@hotmail.com,2022-12-01,Platinum
C3565,Aitor Castañeda Arias,19,M,Surco,acastillo@costa-ocana.es,2022-03-26,Básico
C3566,Quirino Iglesias Castilla,33,M,Breña,uriaselena@yahoo.com,2023-05-20,Básico
C3567,Fidel Robledo Ortega,17,M,Miraflores,arrietaborja@pino.es,2023-04-28,Silver
C3568,Lisandro Mariño Cabanillas,20,M,La Molina,droman@gmail.com,2024-05-13,Gold
C3569,Lorena Prat Morera,34,F,Surco,jordiherrero@herrero.org,2022-02-11,Silver
C3570,Clarisa Paniagua Gomila,26,F,Surco,fquero@segovia.com,2022-02-09,Básico
C3571,Danilo Saura Mascaró,35,M,Miraflores,marcoroberto@hotmail.com,2024-04-21,Silver
C3572,Modesto Gomis Chico,28,M,Surquillo,misern@carballo.es,2023-05-18,Básico
C3573,Narcisa Alsina Ruiz,34,F,La Molina,xsanmiguel@hotmail.com,2023-09-23,Básico
C3574,Priscila Mate-Alvarado,20,F,Surco,bvillar@hotmail.com,2023-04-19,Gold
C3575,Eutropio de Perea,32,M,Surco,cosme19@murillo.es,2023-05-24,Silver
C3576,Luna Ariño Ferreras,17,F,Breña,isaias59@chaparro-carrera.com,2024-05-22,Gold
C3577,Sebastián Aroca,31,M,Pueblo Libre,itejada@artigas-duran.org,2023-04-09,Gold
C3578,Loida Oliveras Puga,25,F,Callao,rojasjulio-cesar@esparza-bauza.com,2023-12-24,Platinum
C3579,Raquel Gomila Herrera,23,F,Pueblo Libre,qroda@acevedo.org,2024-05-17,Gold
C3580,Alexandra Bastida Baquero,22,F,San Isidro,encarna92@hotmail.com,2023-04-18,Silver
C3581,Rafael Correa Reig,17,M,Surco,nachotorrents@vidal.es,2022-03-02,Básico
C3582,Roberto Paulino Antúnez Bello,19,M,SJL,solermaria-angeles@castejon.org,2022-05-10,Silver
C3583,Espiridión Piña Martín,25,M,Pueblo Libre,zcabrera@barba-caballero.com,2022-12-07,Gold
C3584,Alfonso de Jover,31,M,Breña,jenaro35@hotmail.com,2023-02-24,Básico
C3585,Vera Salinas Tormo,22,F,San Miguel,graciela25@tejada-segura.es,2023-04-30,Básico
C3586,Anastasia Borja Piña,21,F,Breña,xnadal@hotmail.com,2022-07-16,Gold
C3587,Jorge Estevez Domingo,17,M,Miraflores,pborrego@ferran.es,2024-05-11,Gold
C3588,Antonia Osuna Batalla,21,F,Surquillo,gharo@villegas-oliva.com,2023-05-25,Platinum
C3589,Encarnación Madrid Leiva,26,F,SJL,barriojulio@yahoo.com,2022-05-17,Gold
C3590,Noa del Moreno,26,F,San Miguel,juan-luis57@segura-arjona.org,2024-02-09,Silver
C3591,Bernardino Escribano-Pardo,21,M,La Molina,maribelandrade@gmail.com,2023-03-02,Básico
C3592,Teófila Santana Alcaraz,26,F,Los Olivos,tere79@hotmail.com,2022-02-13,Silver
C3593,Pepito Puig Asenjo,32,M,San Borja,maribel14@sanabria-gisbert.es,2023-05-23,Gold
C3594,Onofre Font Exposito,21,M,Breña,clarisahuerta@yahoo.com,2022-02-09,Básico
C3595,Áurea Morcillo,26,F,Pueblo Libre,pastoracarmona@molina.com,2023-09-22,Gold
C3596,Leyre Río Rosselló,16,F,Surco,matias37@yahoo.com,2023-05-10,Silver
C3597,Amancio Flor,20,M,Jesús María,asalom@hotmail.com,2023-11-28,Gold
C3598,Clara Agudo Borja,32,F,San Borja,mbermudez@camps.es,2023-09-20,Silver
C3599,Gisela Guardiola Costa,17,F,SJL,jordan27@segura-sainz.es,2024-01-07,Gold
C3600,Herminia Albina Cadenas Sanmiguel,17,F,La Molina,nandocobo@yahoo.com,2022-12-07,Básico
C3601,Julieta Morell-Ferreras,34,F,Callao,sandramora@tamayo-delgado.es,2024-03-21,Básico
C3602,María Ángeles Bellido Garcia,29,F,San Miguel,romeroconsuela@valdes.es,2023-04-20,Silver
C3603,Miguela Lorenza Pelayo Cobo,34,F,San Isidro,susana79@escalona.com,2023-04-06,Gold
C3604,Benita Teófila Hernández Ruano,17,F,Surquillo,amatjulia@hotmail.com,2022-08-23,Gold
C3605,Anastasia Acevedo Bejarano,24,F,Miraflores,ariel04@yahoo.com,2023-06-28,Silver
C3606,Nicolás Martí Quintana,23,M,Surquillo,chuyfeijoo@hotmail.com,2023-04-06,Silver
C3607,América Pelayo Carreño,16,F,Breña,ftorralba@hotmail.com,2022-02-18,Básico
C3608,Azucena Aparicio Caparrós,33,F,Surquillo,carrionwalter@yahoo.com,2023-07-14,Platinum
C3609,Lucas Pulido Castro,32,M,Surquillo,jacobo13@hotmail.com,2024-01-21,Gold
C3610,Albano Calvet Gárate,31,M,San Borja,ana-sofia95@izaguirre.com,2022-08-07,Gold
C3611,Hilario Torrens Corominas,23,M,San Miguel,imelda74@yahoo.com,2023-02-03,Gold
C3612,Ricardo Blanca Piña,33,M,Callao,rafaela98@yahoo.com,2022-07-25,Básico
C3613,Javiera de Acevedo,18,F,Jesús María,isaiassalamanca@hotmail.com,2023-10-25,Silver
C3614,Eufemia Esmeralda Valderrama Isern,16,F,Surco,soteloflavio@hotmail.com,2022-05-13,Gold
C3615,Fulgencio de Company,25,M,Callao,maximiano85@yahoo.com,2022-09-21,Platinum
C3616,José Lucas Pintor,29,M,San Isidro,ferrandizafrica@yahoo.com,2024-01-17,Silver
C3617,Regina Esparza Alegria,19,F,Pueblo Libre,pastora82@montserrat.com,2022-10-23,Gold
C3618,Heliodoro Pons Gaya,18,M,Los Olivos,patricio98@hotmail.com,2024-06-13,Básico
C3619,José Manuel Cánovas Castro,23,M,Surco,fbonilla@gmail.com,2024-03-08,Gold
C3620,Marc Sarabia Torrens,19,M,Pueblo Libre,msobrino@canet-rios.com,2023-04-08,Gold
C3621,Luis Ferrándiz,32,M,Pueblo Libre,lunacanales@montero-gomez.com,2024-05-05,Platinum
C3622,Maxi Arroyo Jódar,31,M,Callao,scanas@yahoo.com,2023-09-22,Gold
C3623,Lorenzo Bustamante Blasco,27,M,Pueblo Libre,benitezcleto@calleja.es,2022-04-05,Gold
C3624,Ariel Carretero Olivera,28,M,Pueblo Libre,vgallego@hotmail.com,2022-07-13,Gold
C3625,Buenaventura Corbacho,35,M,Pueblo Libre,kacuna@camino-feijoo.es,2024-03-23,Básico
C3626,Adalberto Rueda Martí,21,M,Los Olivos,donatopalomino@yuste.es,2022-12-17,Silver
C3627,Íñigo Nicolás Montenegro,31,M,San Miguel,pavonjulio-cesar@gmail.com,2024-02-15,Gold
C3628,Dan Rebollo Cortes,26,M,Surquillo,ntrujillo@gmail.com,2023-02-03,Platinum
C3629,Fausto Guijarro-Jordá,32,M,Pueblo Libre,mesteve@terron-fuster.es,2024-04-11,Platinum
C3630,Eutropio Gargallo Ríos,21,M,San Isidro,boixtrinidad@yahoo.com,2023-09-28,Platinum
C3631,Plinio Marcos-Arnal,23,M,Surquillo,celso64@suarez.com,2023-11-04,Platinum
C3632,Anselma Boada Alfonso,28,F,Jesús María,sibarra@chico-criado.net,2023-10-20,Gold
C3633,Rodolfo Gutierrez Portero,17,M,Miraflores,valeria25@hotmail.com,2023-04-09,Silver
C3634,Ramiro Cañellas,34,M,Jesús María,pblanch@gmail.com,2022-01-18,Gold
C3635,Cándida Gálvez Manso,29,F,Comas,antonmarcelino@gmail.com,2024-05-07,Básico
C3636,Ligia Márquez Grau,30,F,Surco,aureaquiros@gmail.com,2022-05-18,Básico
C3637,Ciro Glauco Sans Blanes,34,M,Los Olivos,fermin04@alamo.com,2023-04-30,Platinum
C3638,Rufina Cristina Nebot Luján,19,F,San Borja,cabanillasliliana@alberto.com,2024-04-10,Básico
C3639,Bernardita Falcó-Blanca,23,F,La Molina,sol65@gmail.com,2023-07-04,Platinum
C3640,Gracia Fiol,17,F,Surquillo,ciriacofarre@avila.com,2022-04-20,Básico
C3641,Begoña Sarabia-Diaz,20,F,Comas,cloehernando@hotmail.com,2022-09-22,Platinum
C3642,Fito Bernad Llano,24,M,Jesús María,ovidiocortes@yahoo.com,2024-05-20,Platinum
C3643,Raúl Sánchez Sola,32,M,Jesús María,carlos02@lumbreras.com,2022-03-18,Platinum
C3644,Encarnita Suárez Bello,25,F,Breña,qcordoba@yahoo.com,2022-01-24,Básico
C3645,Imelda Valera Antúnez,26,F,Los Olivos,olallagonzalez@gmail.com,2023-12-30,Básico
C3646,Vasco Nacho Villa Escamilla,32,M,San Borja,nvila@yahoo.com,2023-09-06,Básico
C3647,Clara Cabeza Julián,19,F,Surco,cabezasmartin@yahoo.com,2022-09-28,Gold
C3648,Lidia de Mata,19,F,Los Olivos,tbernat@gmail.com,2023-08-14,Silver
C3649,Miguel Ángel Bello Cardona,23,M,Miraflores,zgallardo@arnau.es,2022-10-11,Gold
C3650,Moisés Zaragoza Zabala,33,M,San Miguel,florentinosans@gmail.com,2023-08-15,Gold
C3651,Chita de Muro,19,F,San Miguel,moranmaria-luisa@yahoo.com,2023-02-18,Básico
C3652,Eva Villa Sosa,29,F,Surco,castellsevelia@llabres-padilla.org,2023-11-05,Gold
C3653,Rosalinda Bernal Corominas,17,F,Los Olivos,yagoescobar@cabo-cuevas.com,2022-03-12,Básico
C3654,Leoncio Sanz Cabezas,19,M,San Miguel,royozacarias@pol.es,2023-05-04,Básico
C3655,Ignacia Solé,27,F,Breña,montesinosazucena@guillen-olmo.es,2023-07-09,Básico
C3656,Maite Sáez,21,F,San Borja,emiliana74@hotmail.com,2023-07-29,Silver
C3657,Guadalupe Arregui Olmedo,26,M,Los Olivos,carlotatellez@elorza-torrijos.com,2022-07-09,Básico
C3658,Quirino Vega Llano,31,M,San Isidro,demetriomanjon@pou.net,2024-01-17,Silver
C3659,Ezequiel Ferrera Verdejo,32,M,San Isidro,dhierro@yahoo.com,2023-02-22,Básico
C3660,Esther Segarra Iborra,34,F,Pueblo Libre,purificacionlago@reguera-lluch.net,2024-01-18,Silver
C3661,Eli Isern Cueto,33,F,San Isidro,javiera10@yahoo.com,2022-03-02,Platinum
C3662,Ibán Rocha Armengol,35,M,Callao,zamigo@godoy.net,2023-02-02,Silver
C3663,Guiomar Landa,27,F,Los Olivos,graciano00@barcena.net,2023-02-19,Platinum
C3664,Felipa Gonzalez Blanes,24,F,San Isidro,kbanos@tur.com,2023-09-24,Básico
C3665,Trinidad del Casado,24,F,Callao,tlloret@yahoo.com,2023-09-12,Platinum
C3666,Plinio Silva Badía,19,M,Breña,ileanabaeza@jorda.net,2023-08-28,Silver
C3667,Aura del Carrión,20,F,San Borja,fatimafonseca@quintana-miro.com,2022-07-08,Básico
C3668,Roque Molins Medina,20,M,Comas,xrubio@pelaez.es,2022-02-11,Silver
C3669,Máximo del Mora,17,M,Comas,gasparpiquer@gmail.com,2022-03-15,Platinum
C3670,Ramiro Carro Vigil,22,M,La Molina,natalia65@hotmail.com,2022-04-26,Básico
C3671,Rosendo Barranco Cuesta,19,M,Surquillo,eladio26@yahoo.com,2023-12-14,Básico
C3672,Sarita Bernad Herrero,19,F,Jesús María,coral45@vina.com,2022-07-31,Platinum
C3673,Joaquín Ferrando-Bernad,20,M,Comas,ycampillo@checa.net,2023-10-26,Básico
C3674,Merche Barba Jimenez,26,F,Breña,jacinta42@sevillano-bustos.org,2023-01-23,Gold
C3675,Brígida Suárez Gomis,22,F,Surquillo,alastra@mosquera-cordero.com,2023-10-13,Silver
C3676,Severo Feijoo Lucas,28,M,Jesús María,fferrero@adadia.com,2022-07-12,Silver
C3677,Nicolasa Ferrando Villar,31,F,La Molina,aurea56@gmail.com,2023-03-24,Básico
C3678,Regina Blanca Bustos,16,F,Breña,vanesa58@hotmail.com,2023-04-20,Silver
C3679,Manu Solera,17,M,Comas,hpardo@hernando.com,2023-04-15,Gold
C3680,Sergio Recio Carbó,29,M,Surco,querololga@quintana.com,2022-10-22,Silver
C3681,Dulce Crespo Alfonso,24,F,Los Olivos,irisibanez@hotmail.com,2023-03-13,Básico
C3682,Dionisia Alfonso Torrens,32,F,Surco,ripollsandra@yahoo.com,2023-08-24,Platinum
C3683,Odalis Márquez,25,F,Callao,dalilaprat@hotmail.com,2022-08-18,Platinum
C3684,Kike Carlos Cervera Benavente,24,M,Surquillo,afiguerola@hotmail.com,2023-05-04,Platinum
C3685,Apolonia Mayoral Mancebo,21,F,SJL,florentinofeliu@hotmail.com,2022-08-14,Platinum
C3686,Macario Almansa,16,M,Pueblo Libre,sandra32@molina-matas.org,2022-08-29,Platinum
C3687,Martina Verdú Zaragoza,23,F,Lince,emacanals@gmail.com,2023-06-06,Silver
C3688,Clímaco Samper Almazán,24,M,Comas,luisarjona@plana-palma.es,2023-01-15,Gold
C3689,Nazario Soriano Mínguez,24,M,Surquillo,gramirez@cerdan.net,2023-11-06,Gold
C3690,Carmela Roca Solano,16,F,Surco,guiomarpulido@yahoo.com,2023-08-04,Básico
C3691,Sandalio Mancebo Ródenas,25,M,La Molina,hgranados@gmail.com,2024-04-09,Silver
C3692,Máximo Rozas Álamo,31,M,Lince,emelina08@gmail.com,2022-01-04,Silver
C3693,Sebastian Palacios Otero,26,M,Pueblo Libre,vangulo@hotmail.com,2023-12-08,Platinum
C3694,Ani Sans Villar,16,F,SJL,bilbaosimon@cueto-mata.net,2022-07-18,Silver
C3695,Máximo del Alegria,25,M,Comas,granadosisaura@quero-barcena.com,2024-02-22,Platinum
C3696,Domitila Manzano-Sevilla,24,F,San Borja,luna38@vargas-ropero.org,2022-07-24,Platinum
C3697,Viviana María Del Carmen Miguel Uría,19,F,Breña,teo10@diego-galvan.com,2023-04-29,Silver
C3698,Eduardo Heredia Villar,26,M,Miraflores,agustinarcos@gil.com,2024-05-28,Gold
C3699,Ruth Piedad Sebastián Carbonell,31,F,Pueblo Libre,gregorio39@cabezas.com,2022-09-04,Gold
C3700,Odalis Elena Mínguez Cáceres,23,F,Breña,casemiromarin@abad.net,2023-07-30,Básico
C3701,Julio César Guillén Bárcena,19,M,San Borja,omilla@navarro.es,2022-05-21,Silver
C3702,Benigna Pulido Badía,17,F,San Isidro,ariel02@gilabert.es,2023-04-24,Platinum
C3703,Casemiro Abascal Cisneros,19,M,Callao,vborrego@casas.org,2023-07-16,Platinum
C3704,Rómulo Custodio Zamorano Vilanova,23,M,Comas,carrillocristina@navarro-elorza.com,2022-08-08,Silver
C3705,Ainara Manola Luís Ureña,19,F,Miraflores,olivaisabela@hotmail.com,2022-09-20,Básico
C3706,Etelvina Rodriguez Lumbreras,19,F,La Molina,quintanaamerico@gmail.com,2023-10-21,Platinum
C3707,Gonzalo Sáez Amo,18,M,Jesús María,priegogaston@casares.net,2022-08-31,Básico
C3708,Jafet Garmendia,24,M,Pueblo Libre,mvalderrama@hidalgo.com,2023-09-05,Silver
C3709,Emilio Abel Huerta Valencia,31,M,Comas,manriquenoe@pelaez.es,2022-10-11,Silver
C3710,Humberto del Giménez,31,M,Surquillo,maznar@ocana.es,2022-08-10,Platinum
C3711,Noelia Pelayo Maza,19,F,Surco,jennyojeda@figueroa.es,2023-05-31,Silver
C3712,Mamen Maricela Crespo Artigas,16,F,Breña,dani54@toledo-guardiola.es,2023-12-15,Gold
C3713,Ximena Gimenez Bartolomé,30,F,Lince,eabascal@hotmail.com,2023-12-14,Silver
C3714,Julio Castilla,19,M,Callao,patricio17@ibarra.com,2023-08-09,Básico
C3715,Manuelita Gelabert Páez,22,F,Los Olivos,jose-angelhierro@tamayo-rico.es,2024-04-22,Silver
C3716,Eutimio Durán,17,M,Comas,sabaterjacinto@haro-valera.es,2022-07-03,Silver
C3717,Enrique Quirós Casares,22,M,Los Olivos,amaya84@gmail.com,2022-10-30,Platinum
C3718,Américo Noriega Rozas,30,M,San Isidro,adelaida56@bellido.net,2023-09-26,Silver
C3719,Plinio Villar Vilalta,19,M,Comas,ycoello@hotmail.com,2024-01-12,Silver
C3720,Eusebia Aguiló Alfaro,25,F,Surquillo,obejarano@gmail.com,2023-12-05,Platinum
C3721,Augusto Cantero Pedraza,18,M,Surquillo,vserna@tovar-lobato.org,2022-06-12,Platinum
C3722,Viviana Amigó Garcés,16,F,Los Olivos,neiramiguel@orozco.com,2023-01-19,Básico
C3723,Vidal Pedro,29,M,Surco,rosamur@bonet.com,2022-03-28,Silver
C3724,Leandro Antúnez,18,M,Los Olivos,jcardenas@gmail.com,2023-03-02,Básico
C3725,Soraya de Vigil,23,F,Comas,diegoildefonso@soto.com,2024-04-12,Silver
C3726,Florina del Trillo,32,F,Comas,benitocastro@yahoo.com,2023-07-23,Gold
C3727,Rebeca Valderrama-Cabezas,21,F,Surquillo,fasensio@llorente-sarmiento.com,2023-09-01,Silver
C3728,Araceli Concha Ribas Fabra,29,F,Los Olivos,basyolanda@hotmail.com,2023-09-18,Platinum
C3729,Lourdes Dueñas Benítez,26,F,La Molina,vallemarisol@solis.com,2023-09-13,Silver
C3730,Luis Ángel Fuster,22,M,Breña,diego11@calleja-quiros.net,2022-10-30,Platinum
C3731,Obdulia de Nicolau,18,F,Surquillo,adelia52@hotmail.com,2023-08-19,Básico
C3732,René Ferrández Sans,17,M,San Isidro,vpineda@pi.com,2024-01-25,Básico
C3733,Florina Lledó Costa,28,F,San Miguel,narcisapages@marin-barbero.es,2023-10-28,Silver
C3734,Ramón Vargas-Río,32,M,Los Olivos,kfuster@yahoo.com,2023-07-06,Silver
C3735,Reinaldo Luján Echevarría,23,M,San Miguel,pereiraanacleto@gmail.com,2022-02-21,Básico
C3736,Rosendo Parejo Chaparro,33,M,Lince,jeronimobaena@giralt.com,2022-03-27,Gold
C3737,Natalio Campos Hoyos,24,M,La Molina,serafina43@exposito.org,2022-12-07,Silver
C3738,Gilberto Palau Vendrell,17,M,Breña,yolandamur@alba.es,2023-05-18,Silver
C3739,Lucio Ortiz,23,M,Comas,desideriocabello@jorda-agullo.org,2023-10-14,Básico
C3740,Urbano Duran Perez,35,M,SJL,cgallart@yahoo.com,2022-03-15,Platinum
C3741,Celestino Laguna Palomar,26,M,SJL,florentina76@otero.com,2022-06-18,Gold
C3742,Ruth Figueras Jara,16,F,Miraflores,rrecio@carvajal.org,2024-02-23,Básico
C3743,Marciano Batalla Blázquez,16,M,Surquillo,gomilacornelio@yahoo.com,2024-04-09,Básico
C3744,Jorge de Acevedo,26,M,Los Olivos,yalmagro@colomer-tamarit.com,2024-02-15,Básico
C3745,Manuel Garmendia,22,M,SJL,loidavillar@galan-vigil.es,2024-04-04,Básico
C3746,María Pilar Soler Abellán,33,F,Callao,carbajoileana@yahoo.com,2023-01-16,Básico
C3747,Feliciano Posada-Girón,20,M,Jesús María,kjurado@gmail.com,2022-11-17,Platinum
C3748,Pepito Guerrero Machado,32,M,Callao,agapitoroca@criado.org,2022-10-24,Gold
C3749,Sandra Sarmiento-Salcedo,21,F,Surco,haydee16@bermudez.com,2023-07-13,Silver
C3750,Fidela Guzmán Martin,25,F,SJL,annapalau@yahoo.com,2023-06-19,Básico
C3751,Valerio Amor Arana,21,M,Surquillo,valentindelfina@yahoo.com,2024-02-21,Gold
C3752,Amancio Quevedo Múñiz,26,M,Breña,nunezlola@yahoo.com,2023-04-26,Básico
C3753,Reyna Olivares Gelabert,30,F,Miraflores,pfuster@hotmail.com,2022-02-15,Básico
C3754,Mauricio Duran Pelayo,24,M,San Miguel,nquero@agustin-mugica.net,2022-09-09,Platinum
C3755,Imelda Estévez,26,F,Surco,fabricio89@belmonte.com,2023-01-06,Gold
C3756,Marcelo Vives Ariño,28,M,Breña,criadoosvaldo@iriarte-albero.com,2023-07-31,Básico
C3757,César Pont Piña,29,M,Los Olivos,cabanillasgilberto@palacios.com,2024-03-27,Gold
C3758,Gaspar Cerezo Escobar,26,M,Jesús María,rufinabonet@aleman-pardo.com,2023-11-09,Básico
C3759,Bibiana Pera,25,F,Surquillo,castellsgema@fuentes.es,2022-06-24,Platinum
C3760,Mohamed Valentín Tamarit,33,M,Comas,isabel79@yahoo.com,2022-02-10,Platinum
C3761,Édgar Valenzuela Miranda,29,M,San Isidro,rodriguezdanilo@hotmail.com,2022-09-04,Platinum
C3762,Malena Diego Criado,35,F,Jesús María,jlobato@gmail.com,2024-03-16,Básico
C3763,Valentín de Valls,20,M,Surco,jugarte@arranz-coello.net,2022-03-04,Gold
C3764,Severo Cid Pozuelo,19,M,Surquillo,encarnitaamores@yahoo.com,2023-02-06,Gold
C3765,Andrés Felipe Mancebo Mateo,33,M,San Miguel,candelario08@hotmail.com,2023-06-26,Básico
C3766,Gabriela Sonia Marin Castañeda,24,F,Surquillo,teofilacarpio@matas.es,2023-10-22,Silver
C3767,Angelita Izaguirre Batlle,31,F,San Miguel,ciriaco48@pablo.com,2022-09-12,Silver
C3768,Rebeca Pla Batlle,22,F,Lince,pchaves@hotmail.com,2023-10-26,Básico
C3769,Ainara Morán Hernández,24,F,San Isidro,chusserra@ferrando-galan.net,2022-06-08,Básico
C3770,Cayetano Castrillo Saez,28,M,San Borja,felix11@hotmail.com,2023-11-26,Gold
C3771,Amado Julián-Lillo,32,M,San Borja,matasamilcar@gmail.com,2023-10-23,Gold
C3772,Olga Sonia Ledesma Gámez,25,F,Los Olivos,vsotelo@gmail.com,2022-01-22,Silver
C3773,Emperatriz Lucas Moll,20,F,Jesús María,melendezflorentina@pallares.net,2024-01-10,Platinum
C3774,Erasmo Hernando-Franch,19,M,La Molina,tiradobaltasar@badia-villanueva.es,2024-03-07,Gold
C3775,Aarón Carbajo Herrero,30,M,Surquillo,serrapurificacion@guillen.es,2022-02-11,Platinum
C3776,Primitiva Gimeno Donoso,28,F,Los Olivos,chemapedro@yahoo.com,2022-12-30,Gold
C3777,Edelmira Torres Prado,17,F,Los Olivos,paredesoscar@tirado.net,2023-02-17,Silver
C3778,Narcisa Moles Sainz,26,F,Lince,maximoalcaraz@sedano.net,2023-12-01,Silver
C3779,Griselda Ropero Morell,22,F,Surquillo,evillar@comas.es,2024-01-17,Básico
C3780,Leonardo Girón Quero,31,M,Breña,oarevalo@perez-nunez.com,2022-11-12,Platinum
C3781,Pía del Vicens,25,F,Lince,carreratrinidad@gmail.com,2023-08-13,Básico
C3782,Alberto Lopez Durán,19,M,Jesús María,dquiroga@gmail.com,2022-09-05,Silver
C3783,Dorita Llabrés Perelló,26,F,Comas,chicorico@gelabert.es,2022-05-18,Platinum
C3784,Norberto Cisneros Cifuentes,26,M,Miraflores,vilmamendizabal@corbacho.com,2022-10-24,Básico
C3785,Eulalia Antúnez,23,F,San Isidro,wjuarez@mulet.com,2022-08-10,Silver
C3786,Jennifer Ríos Vicente,22,F,Surquillo,pilarayala@gmail.com,2023-06-23,Gold
C3787,Olalla Delgado,19,F,Breña,aurora03@campoy-peiro.com,2024-01-16,Silver
C3788,Leocadio Jara Alarcón,19,M,Surco,encarnacion06@gmail.com,2022-04-07,Platinum
C3789,Teodora de Elías,19,F,Lince,palomocoral@hotmail.com,2022-02-19,Silver
C3790,Abraham Guillen,34,M,Surco,macarena32@gmail.com,2023-10-09,Silver
C3791,Marianela Márquez Sanmiguel,22,F,Los Olivos,linocontreras@yahoo.com,2023-02-19,Gold
C3792,Jose Antonio del Llanos,17,M,San Miguel,carmelarodriguez@canet.es,2023-02-21,Básico
C3793,Eleuterio Garrido,18,M,San Miguel,jborrell@gmail.com,2024-02-08,Platinum
C3794,Matilde Montserrat Palmer,28,F,Surco,parrateodora@hotmail.com,2023-04-18,Platinum
C3795,Nazario Montesinos Carvajal,16,M,San Miguel,pimarcelo@gmail.com,2022-07-09,Silver
C3796,Benjamín Roca Barberá,16,M,San Borja,rbello@yahoo.com,2022-04-20,Gold
C3797,Carmela Celestina Pinto Sanz,19,F,Lince,claradieguez@yahoo.com,2022-05-11,Básico
C3798,Cirino Arcos,28,M,Jesús María,tpavon@barrio.es,2023-04-29,Platinum
C3799,Concepción Marcos Losada,25,F,Surquillo,alejandro56@tomas.org,2023-09-03,Básico
C3800,Olimpia Madrigal Esteban,16,F,San Miguel,llorenssigfrido@collado.org,2023-09-28,Silver
C3801,Fidela Luna Barrios,27,F,San Borja,moranadolfo@gmail.com,2024-03-22,Gold
C3802,Joel Jaén Molins,17,M,Surco,carlitopineda@enriquez.es,2022-11-15,Básico
C3803,Julio César Exposito-Borrego,32,M,Callao,heliodoro99@bermudez.es,2024-03-01,Gold
C3804,Faustino Olmo Querol,33,M,La Molina,hamaya@montoya-soto.com,2022-08-20,Silver
C3805,Esther Contreras,32,F,SJL,iniestaignacia@cabrero.es,2022-12-18,Básico
C3806,Cristian Manrique Alvarado,29,M,San Isidro,miguelabenito@gmail.com,2022-06-24,Silver
C3807,Baldomero Pablo Torres,35,M,San Borja,febefortuny@yahoo.com,2023-06-02,Silver
C3808,Leoncio Matas Alfaro,23,M,SJL,ramonvergara@boix.net,2022-10-09,Gold
C3809,Fernanda Cantero Cifuentes,29,F,Surco,reynalarrea@aller-mayol.es,2022-04-05,Gold
C3810,Leoncio Cristian Saez Uribe,25,M,Los Olivos,angelicaguitart@duran.com,2023-06-17,Platinum
C3811,Erasmo Morillo Cabanillas,27,M,Callao,clarisa71@gmail.com,2022-01-22,Gold
C3812,Lalo Cárdenas Sacristán,31,M,San Miguel,fortunato97@molina-estevez.es,2023-02-09,Platinum
C3813,Marianela Conde Pazos,17,F,Lince,fidelramirez@gmail.com,2023-12-12,Básico
C3814,Jose Angel Melchor Espinosa Somoza,20,M,Breña,quintanaleandra@yahoo.com,2024-03-10,Básico
C3815,Martín Vázquez Domingo,22,M,Surquillo,adoraperal@yahoo.com,2022-02-26,Silver
C3816,Berta Gelabert Meléndez,28,F,Breña,luz74@suarez-penas.com,2023-09-15,Básico
C3817,Ezequiel Calvet Aguilar,28,M,Los Olivos,consuela12@gmail.com,2023-12-03,Platinum
C3818,Graciano Gracia Pazos,26,M,Comas,nserra@alvaro.es,2022-08-06,Básico
C3819,Buenaventura Rocha Domínguez,22,M,La Molina,angelicamuro@fuster-fortuny.es,2022-12-15,Gold
C3820,Javi Morera Pozuelo,29,M,Lince,nidia40@gmail.com,2023-07-18,Silver
C3821,Amor del Angulo,34,F,Surco,albertbayon@yahoo.com,2023-05-13,Platinum
C3822,Martina Villena Bustos,33,F,Callao,augustoagustin@campoy.es,2022-05-27,Silver
C3823,Rafaela Fanny Zamora Vigil,25,F,Comas,cabreromaximino@hotmail.com,2022-02-11,Básico
C3824,Natalio Larrañaga-Torre,25,M,San Miguel,vmillan@rebollo-redondo.es,2023-07-22,Básico
C3825,Felicidad Domingo Hoz,22,F,Jesús María,jose-manuelcrespo@salva.es,2022-11-02,Silver
C3826,Melisa Nicolás Tomás,33,F,Comas,joel23@mata.net,2023-06-26,Silver
C3827,Angelita de Torralba,17,F,San Isidro,pratmarcela@hotmail.com,2022-08-28,Gold
C3828,Emiliano Alvarez Aliaga,17,M,Surco,ale58@gmail.com,2023-11-15,Gold
C3829,Estrella Bueno Trillo,16,F,San Borja,leon01@hotmail.com,2024-04-21,Básico
C3830,Azeneth Ripoll Céspedes,34,F,San Borja,gargallodalila@hotmail.com,2023-12-26,Básico
C3831,Diana Zamorano Gómez,25,F,San Borja,apina@rueda-camps.es,2022-07-06,Básico
C3832,María Del Carmen Alfonso Aliaga,24,F,San Borja,xiomaramarcos@roca.net,2024-04-06,Silver
C3833,Dorotea Lasa-Cámara,35,F,Comas,malenalujan@miro.org,2023-08-10,Platinum
C3834,Martirio Losada Salas,25,F,Surquillo,joan96@elorza.es,2023-07-20,Platinum
C3835,Gastón Sacristán Arroyo,32,M,La Molina,jcruz@rosado.net,2022-05-29,Gold
C3836,Esperanza Morán Prieto,34,F,San Isidro,josefina08@berrocal.org,2022-05-31,Gold
C3837,Amando Toro,25,M,Miraflores,piquertrinidad@gmail.com,2024-03-01,Gold
C3838,Jenaro del Zorrilla,21,M,San Miguel,zcastilla@hotmail.com,2022-07-14,Básico
C3839,Benjamín Bárcena Baró,23,M,La Molina,bgras@balaguer-raya.es,2024-03-10,Silver
C3840,Arcelia Ariza Vergara,28,F,San Borja,gilabertyessica@gmail.com,2023-07-28,Básico
C3841,Nayara Bernat González,35,F,Comas,gortuno@hotmail.com,2022-01-24,Platinum
C3842,Leandro Mayoral Raya,28,M,Callao,melendezdesiderio@castells-benitez.es,2022-05-01,Platinum
C3843,Elisabet de Zapata,16,F,Callao,ramonsalas@almeida-vallejo.com,2023-03-29,Silver
C3844,Jordán Carbajo Agustín,25,M,Lince,ecarmona@gmail.com,2024-01-12,Silver
C3845,Onofre Valentín Abril,26,M,Callao,olimpia49@palacios-villanueva.es,2023-11-10,Gold
C3846,Natanael Tejada Ribas,32,M,Los Olivos,hberenguer@peralta.es,2023-11-05,Básico
C3847,Florentina Arce Villalobos,16,F,San Miguel,ximenavazquez@gmail.com,2022-12-19,Platinum
C3848,Manu Chaparro Font,20,M,San Miguel,eulalia35@gmail.com,2023-12-13,Platinum
C3849,Lupita Maricela Cuenca Merino,16,F,Lince,sjimenez@yahoo.com,2024-04-03,Silver
C3850,Olivia Cerro-Cuervo,34,F,Pueblo Libre,marquesmarianela@teruel.com,2023-01-03,Silver
C3851,Reina Cabo Castrillo,24,F,Surco,ciro57@hotmail.com,2024-03-13,Platinum
C3852,Chus Abella Diego,27,F,Breña,qjorda@gmail.com,2023-10-08,Básico
C3853,Isaac Aranda Galindo,16,M,Lince,barrenamaria-del-carmen@marques.com,2023-05-09,Platinum
C3854,Anselmo Campillo Plana,20,M,Pueblo Libre,baudeliolozano@rossello.es,2022-07-14,Gold
C3855,María José Laguna,19,F,La Molina,bejaranojudith@hotmail.com,2024-05-13,Silver
C3856,Isaura Madrigal,28,F,Lince,morenopinedo@hotmail.com,2022-06-02,Silver
C3857,Cruz Delgado-Bautista,32,F,La Molina,vinavictoriano@fonseca.com,2023-10-04,Básico
C3858,Heraclio Saavedra Merino,21,M,SJL,victor48@aguilar.es,2024-02-10,Silver
C3859,Plinio Gomila Tejada,16,M,Callao,nabellan@yahoo.com,2024-05-22,Platinum
C3860,Susanita Marcela Meléndez Carreño,28,F,Surco,alejandra31@baron-espana.es,2022-02-26,Básico
C3861,Vicenta del Galán,32,F,San Isidro,gracianaanton@morera.com,2022-03-18,Básico
C3862,Gervasio Arroyo Alvarez,35,M,Jesús María,fflor@esteve.com,2024-04-23,Básico
C3863,Fabián Jordán,18,M,Breña,jennybolanos@mayo.net,2023-06-25,Básico
C3864,Fanny Fiol Sanjuan,18,F,La Molina,veranoemi@monreal.es,2023-10-07,Básico
C3865,Soraya Elorza Llamas,17,F,SJL,jguillen@gmail.com,2023-02-22,Silver
C3866,Ignacio Cortes Espada,34,M,SJL,ylopez@yahoo.com,2023-10-20,Platinum
C3867,Bautista Segovia Quevedo,17,M,Comas,joverliliana@hotmail.com,2023-01-13,Silver
C3868,Susana Coloma Mendoza,24,F,Miraflores,haroldogordillo@martin-valles.net,2023-05-23,Platinum
C3869,Ascensión Marco Reyes,35,F,La Molina,dcortina@iglesias.es,2023-02-05,Silver
C3870,Hernán Tejera Díez,30,M,San Miguel,isaura56@yahoo.com,2022-05-24,Platinum
C3871,Lina Novoa,20,F,San Borja,geronimohernando@valero-ferran.es,2022-05-21,Gold
C3872,Luis Ángel Nogués Ballester,33,M,Pueblo Libre,yjauregui@aliaga.com,2022-04-05,Platinum
C3873,Pastora Coca Andreu,28,F,San Miguel,emilio90@hierro.es,2022-02-18,Silver
C3874,Roberto Pacheco,24,M,Miraflores,reginahuguet@asenjo.com,2023-02-11,Gold
C3875,Javier Beltran Gárate,22,M,San Isidro,wborrego@hotmail.com,2022-07-27,Platinum
C3876,Edu Gelabert Blasco,18,M,San Miguel,ogual@juarez-pineiro.es,2022-05-16,Gold
C3877,Susana Cánovas Sancho,21,F,San Isidro,tcortes@gmail.com,2022-12-20,Platinum
C3878,Reynaldo Iglesia Becerra,30,M,Lince,murnoa@burgos-solera.es,2022-03-23,Platinum
C3879,Jose Ramón Sola Galan,22,M,Surquillo,yanezisidoro@gmail.com,2022-06-18,Básico
C3880,Tomás Lalo Jordán Rosselló,35,M,Los Olivos,maitelosada@yahoo.com,2022-01-01,Platinum
C3881,Loreto Noguera Palma,23,M,Pueblo Libre,czurita@chamorro.es,2023-03-09,Silver
C3882,Noa Llamas Menéndez,20,F,SJL,florapont@yahoo.com,2023-05-23,Gold
C3883,Soraya Valls Arjona,19,F,San Isidro,purificacion14@chico.es,2022-08-12,Platinum
C3884,Severo de Machado,33,M,La Molina,olga16@yahoo.com,2022-11-11,Gold
C3885,Lucho Anglada Valle,21,M,Surquillo,qcamacho@yahoo.com,2023-08-16,Gold
C3886,Jenaro Moreno Jover,20,M,Surquillo,florinaazcona@marti-valbuena.com,2023-02-10,Gold
C3887,Fabio Rebollo Marquez,19,M,Breña,vrey@salvador-hierro.com,2022-10-10,Gold
C3888,Roque Teodosio Yuste Barberá,23,M,SJL,zcerezo@patino-olivera.net,2022-07-29,Gold
C3889,Víctor Galan-Trillo,28,M,SJL,hilda39@hotmail.com,2023-07-02,Básico
C3890,Martín de Carrera,30,M,Comas,eric52@somoza-vaquero.com,2024-03-20,Platinum
C3891,Hernán Posada Casanova,21,M,Surco,carrionfilomena@catalan.com,2022-01-15,Silver
C3892,Pelayo Poncio Ortuño Arnaiz,31,M,San Miguel,pascual62@melero-caparros.org,2024-04-20,Silver
C3893,César Arnau Aliaga,22,M,La Molina,tvalentin@canton-sancho.com,2023-06-16,Platinum
C3894,Máximo Ugarte Acedo,34,M,Lince,carpioflorina@ribes.com,2022-12-15,Platinum
C3895,Candela Sala Hervás,23,F,Pueblo Libre,sacristanteofila@duenas.com,2023-03-13,Silver
C3896,Santiago Mascaró-Hernandez,19,M,Surquillo,belen72@yahoo.com,2023-06-12,Silver
C3897,Anabel Tejada Romero,29,F,Miraflores,arturofonseca@yahoo.com,2022-12-13,Silver
C3898,Julieta de Ros,16,F,SJL,torralbamiriam@gmail.com,2024-03-15,Platinum
C3899,Noemí Mercader Solano,19,F,SJL,sofiarebollo@alberto-torrijos.net,2023-05-05,Básico
C3900,Arcelia Coloma Villegas,31,F,San Isidro,yago42@albero-luque.com,2023-02-19,Silver
C3901,Lope Cervantes,27,M,Pueblo Libre,talaveraprimitivo@batlle-flor.es,2022-01-03,Platinum
C3902,Tiburcio Aurelio Romeu Huerta,18,M,Callao,pacifica07@gmail.com,2024-05-10,Silver
C3903,Calisto Castañeda Blázquez,23,M,Callao,ayusogregorio@zamorano-salva.es,2022-12-24,Gold
C3904,Custodio del Esteve,18,M,Breña,federicocarrera@gmail.com,2023-11-27,Gold
C3905,Hernán Chaves Perea,26,M,Lince,odalys80@yahoo.com,2023-04-04,Básico
C3906,Aura Mosquera Burgos,28,F,San Borja,jeronimogoicoechea@gmail.com,2022-06-03,Básico
C3907,Valentín Rebollo Gallardo,18,M,San Borja,catalasebastian@hurtado.com,2022-05-23,Gold
C3908,Azucena Bárbara Romeu Acedo,30,F,Pueblo Libre,vgimeno@ballester-anton.com,2023-09-01,Básico
C3909,Marcela Jimenez Carmona,23,F,Breña,pelayojose-luis@catalan.com,2023-10-01,Gold
C3910,Joel Sánchez Salom,21,M,Los Olivos,carrerasaristides@gmail.com,2022-02-08,Gold
C3911,Eusebio Godoy Martinez,35,M,Comas,claverobernarda@hotmail.com,2024-01-18,Silver
C3912,Leandra Gálvez,35,F,Comas,jodarlaura@gracia-belda.com,2023-12-10,Gold
C3913,Elba Macías Comas,20,F,La Molina,calixtamercader@yahoo.com,2023-09-13,Gold
C3914,Anselmo Fuente Chamorro,18,M,La Molina,morenolopez@yahoo.com,2022-12-22,Platinum
C3915,Matilde Cañas Girón,17,F,Comas,pereirateresa@hotmail.com,2023-11-02,Platinum
C3916,Íñigo Tur Arcos,27,M,San Miguel,jsevillano@gmail.com,2022-07-03,Silver
C3917,Amalia Quintero Feliu,30,F,Breña,ybello@gmail.com,2023-05-05,Silver
C3918,Javi Ripoll Albero,16,M,San Miguel,primitivo66@segura.com,2023-09-23,Platinum
C3919,Encarna Águila Pavón,28,F,Pueblo Libre,zgarate@gmail.com,2022-03-21,Básico
C3920,Rosalva Acevedo Gárate,31,F,San Borja,ymontenegro@gmail.com,2023-06-29,Platinum
C3921,Soraya del Bermudez,33,F,Los Olivos,gmate@hotmail.com,2024-05-27,Platinum
C3922,Lara Zabaleta Barón,20,F,Surquillo,nvaquero@correa.org,2024-05-04,Silver
C3923,Fátima del Campillo,32,F,San Borja,herasfelix@hotmail.com,2022-07-20,Platinum
C3924,Baudelio Horacio Seguí Badía,33,M,Jesús María,solafebe@yahoo.com,2023-11-29,Básico
C3925,Obdulia Peña Bastida,21,F,Callao,omar25@barrera.es,2023-10-03,Silver
C3926,Eugenia Palomar Blasco,17,F,Comas,plinio92@figuerola.org,2022-10-03,Básico
C3927,Francisca Adán,28,F,Breña,anacleto60@gmail.com,2024-01-16,Gold
C3928,Marianela Pablo Berenguer,34,F,Miraflores,serranosilvio@gmail.com,2022-02-01,Básico
C3929,Galo de Avilés,24,M,San Miguel,riosdora@hotmail.com,2023-07-09,Silver
C3930,Regina Arteaga Barrera,27,F,La Molina,albertescudero@cornejo.org,2022-09-15,Silver
C3931,Manola Franch Vilaplana,30,F,San Borja,miguela48@gmail.com,2023-02-08,Silver
C3932,Isaac Barrios Santamaria,27,M,Surquillo,pepitadalmau@vila-rodriguez.es,2024-04-14,Gold
C3933,Goyo Silva Domingo,23,M,Callao,alcides07@yahoo.com,2022-05-17,Gold
C3934,Octavia Borrás,23,F,Surquillo,sanmartinhermenegildo@yahoo.com,2022-07-19,Básico
C3935,Evangelina Hierro Cuenca,28,F,Los Olivos,echeverrialeoncio@hotmail.com,2022-09-24,Básico
C3936,Cecilia Olmo Salamanca,21,F,Lince,cristianmartorell@diez.net,2024-02-19,Gold
C3937,Azucena Ramis,21,F,San Miguel,apolinarmarco@gmail.com,2022-12-18,Platinum
C3938,Calixto Crespi,34,M,Los Olivos,brunocanton@menendez.es,2023-02-18,Silver
C3939,Aristides Calixto Berrocal Rosselló,26,M,Lince,nazaretsolano@yahoo.com,2023-09-15,Gold
C3940,Dionisio Abascal-Velasco,23,M,Surquillo,wvizcaino@sacristan.com,2023-06-01,Básico
C3941,Eva Ariño Villar,27,F,Jesús María,delfinacanet@gonzalo-rodriguez.org,2022-01-27,Platinum
C3942,Dorita Prado-Campoy,28,F,Surquillo,guiomarmacias@hotmail.com,2023-07-27,Gold
C3943,Roque Sigfrido Bilbao Velázquez,35,M,Jesús María,qvives@gmail.com,2024-02-14,Platinum
C3944,Nélida Gala Cervera Benítez,24,F,San Isidro,felicidad92@burgos.org,2022-01-08,Silver
C3945,Odalys Herrero Belmonte,35,F,Surco,beniteznazaret@luque-quesada.com,2024-06-17,Básico
C3946,Tiburcio Roda Blanch,31,M,San Borja,elenalumbreras@tolosa.com,2023-05-11,Silver
C3947,María Girona-Expósito,22,M,Lince,aureliano52@esparza.es,2024-05-03,Gold
C3948,Emilio Montenegro-Roman,24,M,Pueblo Libre,acifuentes@yahoo.com,2022-02-08,Básico
C3949,Flora María Cristina Vall Giralt,22,F,Breña,zorrillaxiomara@machado.com,2022-11-11,Básico
C3950,Araceli Vargas Diego,25,F,SJL,patinojuan-manuel@yahoo.com,2022-04-21,Gold
C3951,Mercedes de Pedrero,22,F,Surco,nerea07@garate-porta.es,2022-08-10,Silver
C3952,Amparo Gallart Barranco,35,F,San Miguel,sarita05@espinosa.com,2022-08-08,Platinum
C3953,Salomé Ripoll Rico,32,F,Surco,emperatriz67@uribe.com,2022-09-01,Platinum
C3954,Eligia Serna Grau,26,F,Miraflores,millaluciana@hotmail.com,2022-01-17,Gold
C3955,Simón Marciano Vilaplana Bernat,19,M,La Molina,marciano92@oller.net,2024-02-28,Básico
C3956,Felix Eusebio Arranz Gomila,27,M,Los Olivos,omar56@hotmail.com,2023-04-13,Platinum
C3957,Bautista Rey-Casals,34,M,Lince,valero00@amo.com,2023-04-30,Básico
C3958,Roldán Escrivá Maldonado,31,M,Miraflores,bramos@yahoo.com,2022-10-06,Gold
C3959,Nilo Heras Aragón,23,M,Surquillo,palmererasmo@alcolea.com,2023-06-11,Gold
C3960,Odalis Vazquez Valero,21,F,San Miguel,respana@yahoo.com,2022-05-21,Gold
C3961,Evita Quirós Villar,29,F,Miraflores,jesusa36@gmail.com,2022-11-29,Platinum
C3962,Aurora del Heredia,33,F,SJL,avilesapolonia@minguez.com,2022-10-14,Gold
C3963,Manolo Osorio Orozco,20,M,SJL,ggalvez@robles.com,2023-12-25,Gold
C3964,Jordana Bonet Losa,24,F,Lince,mtejada@hotmail.com,2023-10-10,Gold
C3965,Marita de Abril,27,F,Pueblo Libre,nestor22@camino.net,2024-06-06,Gold
C3966,Rosalía Alberola Real,21,F,Lince,manologallego@lucas-revilla.es,2022-05-12,Gold
C3967,Juan Luis Jódar Ayuso,18,M,Pueblo Libre,echevarriaestela@campo-miranda.es,2023-12-11,Platinum
C3968,Armida Marisela Ayala Díez,16,F,Los Olivos,begonacarretero@vinas-amigo.es,2024-05-21,Básico
C3969,Vasco Sosimo Vigil Paniagua,17,M,Los Olivos,prietozaira@gmail.com,2024-03-31,Gold
C3970,Carina Bernat,23,F,San Borja,zquintanilla@gmail.com,2023-10-25,Silver
C3971,Valerio Reina Vélez,23,M,Los Olivos,casasjuana@duran.es,2023-10-21,Básico
C3972,Irene Vergara Bolaños,26,F,Surco,saturninozabala@alcazar-ramirez.es,2022-08-02,Básico
C3973,Alma Ortiz Agullo,26,F,SJL,vinasharoldo@abad.es,2022-02-04,Silver
C3974,Rita Barragán Muro,33,F,Comas,florinda71@amo.com,2022-07-06,Básico
C3975,Socorro Hilda Sala Salamanca,25,F,La Molina,oliviarosello@lorenzo.com,2024-05-21,Platinum
C3976,Adora Conesa Baeza,34,F,San Borja,azahara51@yahoo.com,2024-01-04,Platinum
C3977,Cristian Aparicio Tejada,31,M,Surquillo,nboada@cabrera-gras.es,2023-12-08,Silver
C3978,Josefina de Corominas,30,F,San Miguel,qandres@yahoo.com,2023-10-15,Platinum
C3979,Manuelita Leon Melero,29,F,Los Olivos,mario89@macias.es,2024-02-04,Básico
C3980,Amado Luján Pinedo,27,M,Surquillo,areal@tejero.es,2023-06-12,Silver
C3981,Cintia Daniela Español Sánchez,25,F,San Isidro,uugarte@hotmail.com,2022-03-13,Silver
C3982,Ángel Vázquez Bárcena,33,M,Pueblo Libre,griselda76@hierro.es,2024-04-15,Básico
C3983,Nacio Samper,22,M,Surquillo,alsinajoel@vendrell.es,2022-03-06,Silver
C3984,Leandro Barón Torre,35,M,Los Olivos,matias66@gmail.com,2024-06-18,Básico
C3985,Arcelia Osorio Torralba,35,F,Surco,nando40@cardenas.net,2022-03-02,Platinum
C3986,Mateo Lupe Ferrando Alsina,18,M,Lince,roperovioleta@hotmail.com,2022-09-08,Platinum
C3987,Olimpia Vila Avilés,31,F,Los Olivos,manueltorres@hotmail.com,2022-07-28,Platinum
C3988,Emiliana Berenguer Barón,16,F,Lince,montalbancandida@conde-mendez.net,2022-06-19,Platinum
C3989,Celestina Mir,32,F,Comas,pintordorotea@yahoo.com,2022-03-31,Platinum
C3990,Vito Arco España,21,M,San Miguel,estefania77@quero.com,2022-12-25,Platinum
C3991,Loreto Maestre-Llabrés,26,F,La Molina,samperjacobo@hotmail.com,2024-02-04,Gold
C3992,Isabel de Roldán,31,F,Los Olivos,moragema@coca-carballo.es,2023-01-24,Silver
C3993,Máximo Puerta Serrano,26,M,Los Olivos,mmachado@vazquez.es,2023-09-26,Básico
C3994,Sol Abellán Novoa,28,F,San Miguel,fabian36@hierro-mas.es,2023-11-05,Silver
C3995,Fernando Melchor Ferrándiz Haro,28,M,Miraflores,canalesjudith@solsona-aguila.es,2023-07-17,Silver
C3996,Lina Pujadas Mascaró,19,F,Callao,felixzamora@jauregui-castaneda.org,2023-04-26,Silver
C3997,Celso Abella Morata,30,M,Callao,almazanalejandro@hotmail.com,2022-08-09,Silver
C3998,Cándida Violeta Rincón Bermúdez,22,F,San Miguel,larreaarcelia@hotmail.com,2023-08-02,Silver
C3999,Aureliano del Valentín,26,M,Los Olivos,che39@hotmail.com,2022-06-26,Silver
C4000,Fausto Valenciano Sales,29,M,San Miguel,yanezdebora@alcantara.es,2022-06-25,Básico
C4001,Yolanda Carranza Hoyos,26,F,Callao,josepgalindo@yahoo.com,2024-05-24,Básico
C4002,Albina Español Mas,23,F,Lince,juan-jose91@gmail.com,2023-07-18,Silver
C4003,Amador Esteban Vergara,21,M,Jesús María,josefinaandres@fabregas.com,2023-10-31,Gold
C4004,José Mari Vilalta Alarcón,34,M,Surquillo,reinaldo39@yahoo.com,2023-07-08,Silver
C4005,Pepita Cózar Vizcaíno,33,F,La Molina,oriana69@tello.es,2022-10-01,Platinum
C4006,Tadeo del Díaz,31,M,Comas,cayetanacastillo@ibarra.net,2023-10-23,Platinum
C4007,Carlota Corral,23,F,Los Olivos,zaidapol@yahoo.com,2024-04-07,Platinum
C4008,Angélica de Barrera,23,F,Miraflores,adela60@melero.es,2023-08-08,Gold
C4009,Montserrat Arteaga Barreda,24,F,San Borja,francisco31@alemany.com,2024-04-10,Platinum
C4010,Sabas Quesada-Granados,21,M,San Miguel,ariasmacarena@hotmail.com,2023-04-03,Platinum
C4011,Agapito Bilbao-Arjona,21,M,San Borja,xrojas@hotmail.com,2022-06-28,Platinum
C4012,Bautista Mínguez Guillén,21,M,Miraflores,saavedragerardo@gmail.com,2022-12-06,Silver
C4013,Malena Guzman Arteaga,32,F,San Miguel,fagudo@cuesta.com,2023-05-25,Básico
C4014,Amancio Cámara Huguet,31,M,Comas,ocastrillo@gmail.com,2024-04-17,Gold
C4015,Jaime Calatayud Álvarez,34,M,Lince,bbelda@yahoo.com,2023-06-16,Silver
C4016,Lázaro Farré,20,M,Miraflores,gloriabaron@yahoo.com,2024-04-11,Básico
C4017,Alfredo Jerez Pedro,27,M,Breña,luciobayona@gmail.com,2024-01-17,Básico
C4018,Amado de Tovar,21,M,Miraflores,ario@espada-galan.com,2022-02-15,Gold
C4019,Alicia Rosell Aguiló,35,F,Pueblo Libre,gbotella@nino.org,2023-12-04,Platinum
C4020,Evelia Zabaleta Sanabria,27,F,Callao,corona08@gmail.com,2022-08-04,Gold
C4021,Silvia Gutiérrez-Lluch,21,F,San Isidro,imoles@yahoo.com,2023-10-15,Platinum
C4022,Isidoro Virgilio Barrio Torrecilla,17,M,San Isidro,maria-doloresrodrigo@nieto.org,2022-01-18,Gold
C4023,Amparo Ramona Mateos Barba,23,F,San Miguel,noavalenzuela@hotmail.com,2023-02-02,Básico
C4024,Agustina Pineda Portillo,19,F,SJL,aristidesrodrigo@yahoo.com,2022-03-10,Gold
C4025,Eleuterio Oliveras Casanovas,22,M,Surquillo,fmascaro@gmail.com,2024-01-16,Básico
C4026,Natanael Barroso Prada,20,M,Callao,ambrosio15@gmail.com,2023-08-15,Silver
C4027,Consuelo Arévalo Perez,16,F,Surco,jsanz@hotmail.com,2022-11-07,Silver
C4028,Domitila Rozas Quintero,24,F,Callao,chuyparedes@yahoo.com,2024-06-07,Silver
C4029,Jose Luis Pérez Domínguez,35,M,Surquillo,socorro97@hotmail.com,2022-07-21,Básico
C4030,Jordana Andrade Ferrán,31,F,Surco,hsegura@segura-abellan.com,2022-08-04,Platinum
C4031,Herberto Portillo Barón,35,M,Surco,enriquecanovas@gmail.com,2022-05-29,Platinum
C4032,Marco del Cifuentes,20,M,Comas,rllano@real.org,2022-06-05,Básico
C4033,Gabino Valdés-Sancho,21,M,Surco,wherrero@coll-seco.net,2024-06-06,Platinum
C4034,Eulalia de Expósito,30,F,Pueblo Libre,earellano@cabanas.com,2023-11-08,Silver
C4035,Valerio Acedo,19,M,San Borja,eagullo@yahoo.com,2024-02-29,Básico
C4036,Alcides Calvet Soto,19,M,Breña,elisabetmerino@gmail.com,2023-02-17,Básico
C4037,Teodoro Castilla-Ojeda,21,M,Miraflores,vllabres@medina.com,2022-05-04,Básico
C4038,Nadia Almeida Valera,20,F,Comas,walter63@noguera.com,2022-12-18,Platinum
C4039,Teófilo Melchor Castrillo Carretero,22,M,San Miguel,encarnacion93@nevado.com,2023-09-30,Silver
C4040,Ruperto Lago Castell,25,M,San Borja,nadia52@almeida-salvador.net,2022-07-17,Platinum
C4041,Casandra Bibiana Morata Verdejo,26,F,San Isidro,rupertocobo@hotmail.com,2023-07-04,Básico
C4042,Isidro Arcos Andrés,30,M,Callao,pcanovas@hierro-fuertes.net,2024-06-16,Gold
C4043,Chuy del Sarmiento,20,M,Pueblo Libre,opalma@hotmail.com,2024-03-14,Gold
C4044,Eligio Sobrino,19,M,Surco,calixta25@gmail.com,2022-10-19,Básico
C4045,Isabela del Galiano,32,F,Los Olivos,quintanillaguadalupe@donoso.com,2022-12-12,Básico
C4046,Itziar Farré Artigas,20,F,Los Olivos,hpozo@velazquez.org,2023-09-03,Gold
C4047,Fidela Gallo Guijarro,20,F,Miraflores,ceferino87@hotmail.com,2024-05-10,Silver
C4048,Nerea Solís Clavero,27,F,Comas,ollerelba@escribano.com,2023-01-25,Básico
C4049,Hipólito Clavero Llobet,22,M,Comas,nescalona@alba.org,2023-11-14,Gold
C4050,Vito Pinilla Farré,34,M,SJL,figuerasmaximiliano@company.es,2024-04-23,Básico
C4051,Nando Blasco,23,M,SJL,carbonellofelia@hotmail.com,2022-05-02,Silver
C4052,Bernardita Toro Blanca,22,F,Breña,arcegertrudis@gmail.com,2023-01-03,Gold
C4053,Clotilde Barco Vilalta,28,F,La Molina,teresitapozo@yahoo.com,2024-02-20,Silver
C4054,Martin Rufino Losada Asenjo,16,M,La Molina,juana84@puga.es,2022-03-18,Silver
C4055,Luciano Carballo Escobar,20,M,SJL,vhidalgo@vidal.org,2022-02-25,Platinum
C4056,Cristian Berenguer Bayón,27,M,San Borja,pilartalavera@gmail.com,2022-06-15,Platinum
C4057,Eladio Bertrán Andreu,33,M,SJL,hescudero@yahoo.com,2022-10-12,Básico
C4058,Tito Cámara Fajardo,35,M,San Borja,ddominguez@alvarado.es,2022-03-04,Platinum
C4059,Samuel Varela Gisbert,29,M,Breña,dperales@bayona.org,2024-06-01,Básico
C4060,Soledad Guijarro-Busquets,23,F,Los Olivos,villalobosjuan-bautista@clemente.net,2022-05-10,Gold
C4061,Ariel Tormo-Machado,26,M,Jesús María,jsedano@hotmail.com,2022-09-25,Silver
C4062,Custodio Esparza Aller,23,M,Comas,azucena97@chamorro.com,2023-12-29,Gold
C4063,Tadeo del Navarro,23,M,Miraflores,vidalmatias@hotmail.com,2022-05-08,Básico
C4064,Adelina Alonso Garriga,28,F,SJL,claudioolivera@gmail.com,2023-08-01,Platinum
C4065,Serafina Remedios Barros Posada,29,F,San Miguel,barceloamanda@hotmail.com,2024-03-16,Gold
C4066,Leandro Enríquez,27,M,SJL,griseldamir@landa.com,2023-08-28,Gold
C4067,Clarisa Catalina Roig España,25,F,Breña,lopezfausto@gmail.com,2024-05-13,Silver
C4068,Fernando Camino,24,M,SJL,hortensiaolmedo@yahoo.com,2024-05-11,Básico
C4069,Tristán de Rosselló,24,M,SJL,claudia42@hotmail.com,2023-03-21,Básico
C4070,Elpidio Vigil Acero,17,M,Lince,ricardaalberola@prado-ferrer.net,2022-03-02,Básico
C4071,Jose Francisco Pozo Benítez,17,M,San Isidro,rodolfo02@gmail.com,2022-01-28,Platinum
C4072,Nazaret Castillo Rosado,19,M,SJL,zbaquero@gmail.com,2023-02-13,Gold
C4073,Angelino Barranco Palomo,31,M,Los Olivos,esala@yahoo.com,2023-03-10,Básico
C4074,Jorge Jorge Rosado Blanca,32,M,Surco,millanlina@salazar.com,2024-04-11,Gold
C4075,Morena de Solera,19,F,Los Olivos,valeraxavier@mariscal.es,2023-08-30,Básico
C4076,Alberto Bustos-Santamaria,26,M,Comas,luisa42@real-plana.com,2022-03-04,Platinum
C4077,Albino de Abril,22,M,Lince,aitanaalemany@hotmail.com,2022-02-13,Platinum
C4078,Silvia de Tejera,19,F,San Isidro,fannymendez@rivero.org,2022-02-25,Platinum
C4079,Lalo Checa Carretero,26,M,Surco,pinaregulo@yahoo.com,2022-02-18,Gold
C4080,Aura Juliá Oliva,32,F,La Molina,renato04@yahoo.com,2023-05-19,Gold
C4081,Óscar del Cabrero,28,M,Los Olivos,egamez@valenciano-peralta.com,2022-04-27,Silver
C4082,Manuel Pera Agustín,16,M,San Borja,lalocorbacho@cuervo-andres.es,2023-03-22,Silver
C4083,Candela de Jaén,33,F,Surquillo,mauricio90@hotmail.com,2023-06-25,Gold
C4084,Ainara de Avilés,29,F,Comas,miguelprada@malo-andres.org,2023-03-16,Gold
C4085,Concha Ugarte Álamo,16,F,San Isidro,qiglesia@hotmail.com,2022-05-04,Básico
C4086,Miriam Ángela Marco Puig,22,F,Callao,pzorrilla@leiva.com,2024-04-02,Silver
C4087,Zaira Grande Benavent,21,F,Surquillo,palmeralberto@gmail.com,2024-04-09,Platinum
C4088,Lucía Pou Salamanca,29,F,San Miguel,nperez@yahoo.com,2023-02-08,Platinum
C4089,Feliciano Castells Andres,18,M,Jesús María,diezdominga@delgado.com,2023-08-23,Básico
C4090,Aurelio Salom Muñoz,20,M,Comas,chita08@hotmail.com,2024-05-24,Platinum
C4091,Camilo de Navas,17,M,Miraflores,vilaplanamohamed@rios.com,2022-09-30,Platinum
C4092,Evita Botella Palmer,29,F,Surco,ramonaoller@yahoo.com,2022-11-15,Gold
C4093,Cristóbal Duran,18,M,Pueblo Libre,abellaeufemia@martin-tejedor.com,2022-04-30,Básico
C4094,Apolonia Ruiz Canales,34,F,SJL,perlita04@rozas.com,2023-11-14,Platinum
C4095,Sabas Vidal Ferrera,24,M,Miraflores,baezbernardino@yahoo.com,2022-01-21,Gold
C4096,Eleuterio Mármol-Echeverría,33,M,Pueblo Libre,antoniafont@yahoo.com,2023-07-20,Básico
C4097,Eliana Sobrino Priego,34,F,Miraflores,camila93@gmail.com,2022-11-19,Silver
C4098,Chema Aranda Nevado,26,M,Pueblo Libre,ycolomer@yahoo.com,2022-06-26,Básico
C4099,Irma Ramos Roldán,35,F,San Borja,cornejoemperatriz@escribano.com,2023-05-29,Básico
C4100,Selena Perales Cornejo,35,F,Surquillo,salud55@hotmail.com,2023-05-24,Platinum
C4101,Cecilia Olivares Perales,23,F,Callao,juan-josefigueroa@villalonga.com,2022-03-08,Silver
C4102,Octavia Roig Gaya,34,F,SJL,mblanes@cano-pineda.es,2023-12-03,Básico
C4103,Aroa Murcia Polo,28,F,San Borja,agustinamacias@azcona.com,2023-07-24,Gold
C4104,Florencio Graciano Navas Porras,29,M,San Miguel,leonberto@hotmail.com,2023-01-27,Básico
C4105,Gil Valdés-Bastida,22,M,SJL,garridoluciano@gmail.com,2022-10-21,Básico
C4106,Gisela Osorio Benitez,31,F,San Borja,jose-angel65@hotmail.com,2022-09-30,Silver
C4107,Ciríaco Custodio Valderrama Paz,21,M,Pueblo Libre,marcelohuguet@casals.org,2022-11-27,Platinum
C4108,Amado Laguna Cano,22,M,Comas,aagullo@franco.net,2023-12-07,Gold
C4109,Plácido Azcona Ayllón,35,M,SJL,somozamaria-carmen@gascon.net,2024-04-06,Básico
C4110,Ildefonso de Chamorro,24,M,Los Olivos,adan44@gmail.com,2023-03-18,Silver
C4111,Jordi Rosselló Cuenca,22,M,SJL,villalobosmanu@castilla.org,2022-02-22,Platinum
C4112,Porfirio Lozano Montenegro,19,M,Surco,berenguerrafael@flor-pozuelo.es,2023-02-25,Básico
C4113,Adrián Ricardo Plaza Iniesta,16,M,Callao,villaverdebonifacio@yahoo.com,2024-04-02,Gold
C4114,Amancio Tejera Casas,33,M,Pueblo Libre,encarnacion61@arnaiz.org,2022-03-27,Silver
C4115,Maura Chaves,35,F,San Borja,yaiza27@quintana.com,2023-06-10,Platinum
C4116,Moreno Graciano Baquero Martín,19,M,Surco,pgalindo@hotmail.com,2023-04-01,Básico
C4117,Nydia Torrijos Granados,32,F,Miraflores,carmelita65@jimenez.es,2024-04-14,Básico
C4118,Carmela Lledó Ledesma,24,F,La Molina,kgallo@gmail.com,2023-07-02,Silver
C4119,Geraldo Moll Cornejo,19,M,SJL,eliseovilar@roldan.es,2022-12-31,Silver
C4120,Olivia Eliana Barrera Borrás,32,F,Jesús María,iespejo@yahoo.com,2023-03-25,Básico
C4121,Moreno Mendoza Polo,17,M,Pueblo Libre,victorianocerro@gmail.com,2022-01-27,Gold
C4122,Juan Bautista Aroca Gascón,29,M,SJL,grius@figuerola.org,2022-11-24,Platinum
C4123,Reyes Alvarado Río,21,M,Surquillo,gplanas@zabaleta.es,2022-07-13,Platinum
C4124,Ruben Seve Tello Niño,25,M,San Borja,nmendez@hotmail.com,2023-02-17,Básico
C4125,Nicanor Nieto Pi,21,M,Lince,portilloroldan@gmail.com,2023-05-27,Gold
C4126,Andrés Bermejo-Alvarez,35,M,Callao,sanchoiris@llamas.net,2023-03-10,Silver
C4127,Charo Carbonell,28,F,San Borja,candidomarti@barragan.org,2023-11-18,Platinum
C4128,Gerónimo del Torrens,24,M,Miraflores,graschita@gmail.com,2023-08-26,Gold
C4129,Wilfredo de Fernandez,19,M,La Molina,espanolaura@marin.es,2024-03-20,Básico
C4130,Nazaret Belda Jover,19,F,Jesús María,nestorllopis@gmail.com,2023-03-14,Básico
C4131,Nydia Girona Villa,33,F,Callao,lcolomer@baquero.es,2022-09-12,Silver
C4132,Pilar Salinas Pedraza,25,F,Callao,gbenavides@amaya.com,2024-04-07,Silver
C4133,Maribel Giner Arco,28,F,Jesús María,esperanza86@larrea.es,2022-04-20,Platinum
C4134,Celestina Paula Murcia Pulido,21,F,La Molina,samu62@hotmail.com,2023-10-18,Básico
C4135,Loreto Esteve Cerezo,25,F,Surquillo,chitanogues@yahoo.com,2023-09-17,Platinum
C4136,Ester Rico Borja,33,F,San Isidro,almansagoyo@juarez-guardiola.com,2024-01-08,Gold
C4137,Elvira Cifuentes-Torrens,16,F,La Molina,adanlaguna@puerta.es,2023-04-09,Gold
C4138,Nico Garay Cánovas,18,M,SJL,chemaaparicio@gmail.com,2022-01-12,Silver
C4139,Lorenza Vall-Riba,19,F,Breña,santiago50@baron-duran.com,2022-05-26,Silver
C4140,Tecla de Bautista,34,F,Pueblo Libre,nurena@reina-adadia.net,2022-09-06,Platinum
C4141,Palmira del Riera,33,F,Lince,psolano@aragon-manzanares.es,2022-05-09,Básico
C4142,Leopoldo Florentino Alsina Toro,24,M,Lince,goliva@gmail.com,2023-02-14,Silver
C4143,Aristides de Cortina,29,M,Los Olivos,benignamarin@hotmail.com,2022-09-22,Platinum
C4144,Pili Rivero,20,F,Pueblo Libre,ovidio22@amaya-corominas.org,2023-06-24,Platinum
C4145,Enrique Cabañas Checa,29,M,Miraflores,esteveignacio@camino.es,2023-10-01,Básico
C4146,Borja Aranda Vaquero,25,M,Surco,pascualhurtado@ibanez-esteve.es,2022-08-08,Básico
C4147,Rufino Quiroga Cifuentes,27,M,Callao,bayoester@hotmail.com,2024-02-13,Silver
C4148,Severiano Ferreras-Peñalver,29,M,Surco,villegassaturnino@yahoo.com,2022-08-27,Silver
C4149,Albina Visitación Fuertes Zabaleta,29,F,San Miguel,jose-angel21@vila.org,2022-01-01,Gold
C4150,Tito Tenorio Amador,23,M,Miraflores,loretosevilla@yahoo.com,2022-09-18,Gold
C4151,Leopoldo Batlle Milla,28,M,Jesús María,cuetoamaro@beltran.es,2024-03-09,Básico
C4152,Manolo Juan Antonio Esparza Feijoo,27,M,San Miguel,modestocorbacho@yahoo.com,2022-10-13,Gold
C4153,Carmelita Nadal Agudo,20,F,La Molina,baquerojordi@hotmail.com,2022-05-08,Básico
C4154,Cayetana Casals Cañete,26,F,Callao,leandroescalona@botella.es,2022-02-02,Silver
C4155,Camila Céspedes Plana,24,F,Miraflores,ximenabueno@jordan-mas.com,2024-03-17,Platinum
C4156,Luciana Perlita Planas Rios,18,F,SJL,fanton@salcedo.es,2024-02-13,Platinum
C4157,Primitivo Arregui,32,M,Los Olivos,matiasgrau@hotmail.com,2023-12-18,Gold
C4158,Eustaquio Urrutia Castelló,33,M,Lince,yvalenciano@lasa-salvador.org,2024-01-17,Básico
C4159,Ramona Frutos Bellido,30,F,Surquillo,serafina24@hotmail.com,2023-07-19,Silver
C4160,Alejo Palma Gonzalo,24,M,Surco,deliasedano@hotmail.com,2023-03-30,Gold
C4161,Cecilia Ribes Vicente,32,F,Surquillo,nidia02@nunez.com,2022-04-18,Silver
C4162,Irma de García,35,F,Los Olivos,evillalobos@galindo.org,2023-02-08,Platinum
C4163,Adela de Garzón,33,F,Breña,zmanzano@gmail.com,2023-09-24,Silver
C4164,Emelina Serra Oliver,35,F,Lince,ysaldana@yahoo.com,2023-03-27,Gold
C4165,Isabela Fuentes Teruel,34,F,La Molina,bernardoportillo@palma.net,2023-12-07,Básico
C4166,Matilde Anna Millán Jove,26,F,San Borja,pozuelorafa@yahoo.com,2022-09-25,Gold
C4167,Rodrigo Hidalgo Manzanares,19,M,Surco,ualcantara@anaya-clavero.com,2023-09-21,Silver
C4168,Eloy de Sainz,17,M,Surquillo,bripoll@marino-alonso.es,2023-12-05,Platinum
C4169,Amelia Bustamante Valcárcel,23,F,Comas,estefania51@hotmail.com,2023-01-26,Básico
C4170,Hortensia de Marqués,19,F,Surco,juarezencarna@sierra.es,2023-05-01,Básico
C4171,Tania Adadia Puente,17,F,San Isidro,santamariadimas@tamayo-pedrero.org,2024-05-02,Platinum
C4172,Anacleto Ruiz Saura,29,M,Jesús María,pinedavaleria@yahoo.com,2022-09-12,Platinum
C4173,Luis Trujillo Lobo,19,M,Lince,isabel31@perez-sanjuan.org,2023-08-17,Gold
C4174,Marianela Ramirez-Agudo,27,F,San Borja,felipa87@salgado.com,2022-02-27,Platinum
C4175,Celestina Tamarit Ibáñez,16,F,Miraflores,sanchogiron@arjona.es,2022-01-26,Gold
C4176,Paco Heredia Sáez,25,M,Lince,bpalomar@portero.com,2023-08-18,Gold
C4177,Godofredo Galán Porcel,17,M,La Molina,artemio55@mur.net,2023-01-21,Platinum
C4178,Maite Cañete Paredes,33,F,San Borja,donatoromero@carrion.com,2023-03-22,Platinum
C4179,Belén Ricart,29,F,Miraflores,edgar96@yahoo.com,2022-12-01,Platinum
C4180,Rosario Garriga,21,F,Miraflores,nicanorechevarria@hernando.org,2024-04-19,Gold
C4181,Ruperta Botella Quiroga,29,F,Surquillo,egonzalo@gmail.com,2023-01-08,Platinum
C4182,Caridad Fiol Pont,26,F,Lince,josecoca@gmail.com,2022-01-30,Platinum
C4183,Lourdes Julián-Escalona,26,F,San Isidro,haroldocarbajo@burgos.com,2022-07-16,Básico
C4184,Ale de Catalá,20,F,San Isidro,garciaani@gmail.com,2024-05-27,Gold
C4185,Constanza Sola Nogueira,28,F,San Miguel,leonciolinares@hotmail.com,2023-01-26,Silver
C4186,Basilio Acevedo,29,M,Jesús María,ximenaguardiola@ferrandiz.es,2023-12-19,Gold
C4187,Teodosio Palacios Plaza,19,M,Breña,torrebeatriz@hotmail.com,2023-10-10,Gold
C4188,Tania Roda Fortuny,23,F,San Miguel,blloret@reina.com,2022-02-24,Básico
C4189,Malena Ropero Guerrero,21,F,Surquillo,flor57@gmail.com,2022-07-11,Básico
C4190,Rosendo Corral-Carrillo,20,M,La Molina,eladio08@briones.com,2022-07-05,Platinum
C4191,Emiliana Barriga Morata,31,F,Comas,ariel29@cano-canizares.es,2023-11-04,Platinum
C4192,Maura Muro Córdoba,28,F,Los Olivos,adelardo43@duarte.org,2024-02-22,Gold
C4193,Ariel Codina Vergara,28,M,Miraflores,felicianocasado@ferrera.net,2022-04-17,Básico
C4194,Lázaro Basilio Sotelo Cabello,24,M,Comas,isegui@hervia.es,2022-04-13,Básico
C4195,Socorro Mateu,32,F,Surquillo,bpalomares@barcena-gomez.com,2022-09-15,Platinum
C4196,Eliseo Company Valencia,16,M,Pueblo Libre,eufemialuis@nogueira.com,2023-07-04,Básico
C4197,Guadalupe Sáenz Egea,31,M,San Borja,jaimebilbao@tenorio.es,2023-06-13,Platinum
C4198,Jacinta de Chico,31,F,Lince,andrespascual@hotmail.com,2022-05-11,Silver
C4199,Albano Folch Pol,21,M,San Borja,montoyaeduardo@gmail.com,2023-09-02,Gold
C4200,Charo Iniesta Ortega,16,F,San Miguel,gracialeocadia@gmail.com,2024-04-01,Gold
C4201,Nieves Gárate Navas,20,F,Comas,alonsoherranz@gmail.com,2023-02-23,Gold
C4202,Pepito Godoy Carlos,29,M,Surco,clementinaferrando@guillen-pedraza.es,2022-05-31,Básico
C4203,Rafael Seco-Roman,17,M,San Isidro,humberto51@yahoo.com,2023-06-26,Gold
C4204,Anacleto Alsina Juan,31,M,Jesús María,arcelia22@aroca.es,2022-08-22,Platinum
C4205,Camila Vendrell Cáceres,34,F,Comas,ybarrena@yahoo.com,2023-01-31,Básico
C4206,Águeda Salvà Linares,33,F,Jesús María,bravorosenda@yahoo.com,2024-04-18,Silver
C4207,Lilia Leyre Ordóñez Escobar,24,F,Lince,martinpacifica@hervia.es,2022-06-29,Gold
C4208,Angelino Gil Izaguirre,19,M,Callao,inestorrijos@ugarte-ferrer.es,2023-07-25,Silver
C4209,Custodia Cornejo Dávila,24,F,Jesús María,boadaalbano@rey.es,2024-03-27,Gold
C4210,Benito Herminio Garcés Rosselló,17,M,Callao,manu89@gmail.com,2023-03-16,Gold
C4211,Delia de Falcó,27,F,La Molina,toribioparejo@machado.org,2023-10-30,Platinum
C4212,Adriana Múgica Alcolea,20,F,Surquillo,querolrosalia@pareja.es,2022-07-21,Básico
C4213,Darío Cózar Ugarte,20,M,San Isidro,boumohamed@echevarria.es,2022-06-07,Platinum
C4214,Herminia Mas Azcona,33,F,San Borja,julieta77@yahoo.com,2024-02-23,Platinum
C4215,Alejo Mascaró,30,M,SJL,toribio44@crespo-herrero.com,2024-03-03,Platinum
C4216,Yago Lerma,23,M,Callao,azabaleta@chamorro.com,2022-10-28,Silver
C4217,Esmeralda Huertas Mayo,21,F,Miraflores,zescriva@azorin-rivera.es,2022-07-16,Platinum
C4218,Agapito Barrena Luque,18,M,San Miguel,tristan59@somoza-morcillo.es,2023-05-02,Gold
C4219,Jose Luis Espinosa Rivero,33,M,Miraflores,dolores68@cadenas.es,2024-03-31,Básico
C4220,Yéssica Chamorro Arribas,23,F,Surquillo,blazquezgabriel@yahoo.com,2022-02-12,Gold
C4221,Salomé de Rozas,22,F,Miraflores,segurarosalva@gmail.com,2023-01-31,Silver
C4222,Rafaela Moll Poza,33,F,Lince,leocadiogilabert@yahoo.com,2024-04-29,Silver
C4223,Rosaura Soler-Rico,35,F,San Miguel,bluque@millan-trujillo.es,2022-08-23,Gold
C4224,Celso Peñas,25,M,Miraflores,aguadotiburcio@hotmail.com,2022-02-06,Básico
C4225,Fidel Mulet-Escudero,28,M,SJL,mgimenez@gmail.com,2023-05-01,Gold
C4226,Faustino Federico Atienza Bueno,29,M,Jesús María,nlamas@gmail.com,2022-06-26,Gold
C4227,Lucila Galiano Palomo,24,F,San Miguel,wrio@ferrandiz.org,2023-11-18,Gold
C4228,Rocío Martínez-Bonilla,24,F,Breña,hortensiaantunez@yahoo.com,2022-02-24,Silver
C4229,Jenny Cáceres,18,F,SJL,cleto63@villalba.org,2023-09-10,Silver
C4230,Amalia Gomis Arcos,33,F,Surco,isaacbenito@hotmail.com,2022-01-16,Gold
C4231,Mauricio Feliu,35,M,Surco,easenjo@roman.es,2022-05-31,Platinum
C4232,Paca Bartolomé Fajardo,33,F,Comas,lserrano@gmail.com,2023-01-31,Platinum
C4233,Marcial Luz-Andres,35,M,Miraflores,huguetmanuela@yuste-galindo.com,2022-11-10,Gold
C4234,Abigaíl Ramón Suárez,34,F,Comas,rosalindabuendia@benavent.com,2022-05-17,Platinum
C4235,Benito Federico Gil Belmonte,24,M,Surquillo,evelia21@gmail.com,2023-04-06,Silver
C4236,Emelina Adelia Amo Blanes,28,F,San Isidro,pachecoangelino@acosta-arribas.es,2022-02-07,Básico
C4237,Marcela Reina Zorrilla,24,F,Los Olivos,carpioanna@andres.es,2022-10-02,Silver
C4238,Rosendo de Alcaraz,33,M,Callao,estefaniaprats@seco.com,2022-08-20,Platinum
C4239,Cesar Ponce Aroca,32,M,San Isidro,ruanowalter@gmail.com,2022-09-01,Básico
C4240,Dan Villaverde Durán,19,M,Callao,garmendiamiguel@hotmail.com,2023-11-07,Platinum
C4241,Dimas Román-Belmonte,28,M,San Miguel,mateucruz@gmail.com,2024-04-16,Silver
C4242,Guillermo del Seguí,21,M,Lince,wmilla@sastre-vilanova.org,2024-06-06,Básico
C4243,Edu Múgica Uribe,21,M,Los Olivos,berta61@aragon-merino.es,2022-05-05,Básico
C4244,Apolinar Calatayud,16,M,Los Olivos,odalystena@yahoo.com,2022-08-24,Silver
C4245,Manu Girona Terrón,16,M,Surco,ramosfelipa@recio-lumbreras.com,2023-12-10,Platinum
C4246,Lidia del Santana,29,F,Breña,khidalgo@manzano.es,2022-04-28,Básico
C4247,Clímaco Coello Quesada,32,M,Surquillo,quirinocardona@garmendia.com,2023-10-09,Platinum
C4248,Irene Peñas Peñas,19,F,Miraflores,gloriaaramburu@calatayud.com,2023-07-15,Básico
C4249,Carla Bello Pla,22,F,Jesús María,aurearovira@yahoo.com,2023-01-28,Básico
C4250,Amor Elorza Malo,17,F,San Miguel,maria14@gmail.com,2024-01-12,Silver
C4251,Pascuala Leiva Sotelo,26,F,Callao,evilanova@yahoo.com,2022-09-07,Básico
C4252,Jafet Hernando,31,M,La Molina,kpuente@hotmail.com,2023-03-08,Silver
C4253,Bruno Damián Rozas Correa,26,M,La Molina,hmiralles@asenjo-gimenez.com,2023-02-23,Gold
C4254,Moreno Pozuelo Aguiló,17,M,Miraflores,jennyantunez@pineda.es,2022-07-23,Básico
C4255,Leticia Luisa Simó Vendrell,28,F,San Miguel,ildefonsoramirez@borrell.com,2022-07-06,Básico
C4256,Olga Bueno Verdú,24,F,Jesús María,joaquinaprat@casanovas-maestre.org,2024-01-31,Platinum
C4257,Manola Merino Camacho,18,F,Jesús María,trillomaria-teresa@yahoo.com,2022-01-21,Básico
C4258,Fortunata Sanmiguel Barranco,29,F,San Miguel,calista75@arteaga-raya.es,2023-11-16,Platinum
C4259,Teresa Quiroga Manzano,24,F,Surco,rosalinaduarte@yahoo.com,2022-03-17,Básico
C4260,Mar del Amorós,27,F,La Molina,escobarjosefa@hotmail.com,2024-06-07,Básico
C4261,Rómulo Crespo-Ballesteros,23,M,La Molina,alegriacasemiro@gmail.com,2022-01-02,Platinum
C4262,Fátima Samanta Villaverde Gomila,19,F,Breña,xverdugo@roldan-cordoba.org,2023-09-21,Gold
C4263,Delfina Gomis Portero,17,F,Lince,hquerol@duran-soriano.es,2023-09-22,Básico
C4264,Prudencia del Cantón,33,F,Pueblo Libre,teoespejo@duenas.es,2022-07-19,Platinum
C4265,Graciela Garmendia Cuadrado,33,F,San Isidro,minguezalfredo@lloret.com,2022-10-29,Silver
C4266,Amor Vicens Contreras,33,F,Comas,hsanjuan@pla.es,2023-08-05,Platinum
C4267,Román Marcos,28,M,San Borja,jacedo@hotmail.com,2023-04-16,Básico
C4268,Nazaret Gomez Azorin,33,M,Breña,pmarti@salazar.es,2023-07-26,Básico
C4269,Soraya Cantero Ribes,32,F,Callao,gboix@yahoo.com,2023-11-08,Platinum
C4270,Cándido Medina Gras,27,M,Miraflores,juanapellicer@muniz.net,2023-01-15,Platinum
C4271,Hernando Saldaña Torres,27,M,SJL,inmaculada49@berrocal-valcarcel.com,2024-05-14,Básico
C4272,Leocadia de Antúnez,28,F,Miraflores,brigida60@yahoo.com,2023-12-11,Silver
C4273,Pánfilo Múgica Villegas,16,M,Surco,jose33@yahoo.com,2022-05-16,Platinum
C4274,Lara Saavedra España,30,F,Surquillo,berengueradelina@yahoo.com,2023-10-09,Silver
C4275,Eulalia Hilda Valle Corbacho,16,F,La Molina,nazaret37@gmail.com,2022-03-22,Básico
C4276,Leyre Jaén Román,20,F,Surco,mrojas@peiro.es,2024-03-13,Platinum
C4277,Nazaret Patiño Alba,26,F,Lince,fangel@yahoo.com,2022-11-18,Básico
C4278,Encarnita Lourdes Frías Flores,31,F,SJL,noe09@minguez.org,2022-10-25,Básico
C4279,Reynaldo del Pinedo,31,M,La Molina,wordonez@rivera.com,2023-01-30,Silver
C4280,Jose Miguel Peña Suarez,19,M,Lince,apoloniabenavente@yahoo.com,2023-11-21,Silver
C4281,Gloria Blanco Font,18,F,San Borja,wbarbera@gmail.com,2023-12-31,Platinum
C4282,Eric Mínguez Amor,29,M,La Molina,maria-jesuscampos@cuadrado.net,2022-07-01,Silver
C4283,Pánfilo Valdés Borrego,35,M,SJL,nvina@barbera.net,2022-12-09,Básico
C4284,Daniela Torrijos Vila,17,F,Pueblo Libre,leticiatorre@gmail.com,2023-12-26,Gold
C4285,María Manuela Alberdi,24,F,San Miguel,ignacio50@hotmail.com,2022-05-16,Básico
C4286,Serafina Fortuny Checa,25,F,Jesús María,tcasanovas@segovia.es,2023-05-13,Básico
C4287,Roxana de Carvajal,29,F,Pueblo Libre,zvara@gmail.com,2023-06-02,Silver
C4288,Pelayo Lasa,34,M,Los Olivos,melaniatrillo@samper.es,2022-05-10,Gold
C4289,Leonor Ángel Salvador,16,F,Comas,lucia27@aguirre.net,2023-08-12,Básico
C4290,Jose Carlos Albero,18,M,Callao,ebarcena@gmail.com,2023-02-13,Silver
C4291,Olga Yésica Piquer Lucas,29,F,La Molina,vicenteazucena@yahoo.com,2022-02-24,Platinum
C4292,Pedro Parra Figueras,22,M,Surquillo,falfaro@gmail.com,2022-05-20,Gold
C4293,Casandra Canals Navarrete,21,F,Lince,emamoraleda@gmail.com,2022-06-16,Gold
C4294,Vicenta Montes Lastra,16,F,Miraflores,atienzasancho@gmail.com,2022-04-02,Platinum
C4295,Edmundo Berenguer Llopis,21,M,Comas,novoagaston@yahoo.com,2022-09-26,Platinum
C4296,Gaspar Solana,18,M,Los Olivos,moyahugo@gimenez-cuesta.es,2023-03-06,Básico
C4297,Jacinta Pina Paniagua,33,F,San Miguel,namores@hotmail.com,2024-03-24,Gold
C4298,Ciro Prada Simó,31,M,Surco,serafinaazorin@gmail.com,2022-03-02,Gold
C4299,Amaro Jaume Batlle,18,M,Surco,araceli98@gmail.com,2023-08-12,Gold
C4300,Juan Manuel de Bastida,35,M,Los Olivos,morareyna@yahoo.com,2024-05-14,Platinum
C4301,Abel Mohamed Iborra Miguel,18,M,Jesús María,yolanda06@toro.com,2022-07-10,Platinum
C4302,Francisco Javier del Galiano,17,M,Comas,tapiacorona@hernandez.es,2023-01-07,Silver
C4303,Julie Villalonga Tapia,17,F,Surquillo,adelia19@paniagua.com,2023-08-07,Silver
C4304,Melchor Codina Cerro,17,M,Miraflores,ivanplaza@yahoo.com,2023-04-19,Básico
C4305,Odalys Fabra Leal,34,F,Jesús María,zoliva@barrio-izaguirre.com,2023-11-28,Básico
C4306,Reyes Arsenio Gimeno Benavides,31,M,La Molina,estrella16@macias.com,2023-12-19,Básico
C4307,Mariana Escobar Leon,33,F,Comas,zacariasboix@gmail.com,2022-12-02,Gold
C4308,Ruben Bayón Segarra,20,M,Pueblo Libre,galanchus@macias-tudela.org,2023-08-05,Platinum
C4309,Natividad Barros Pallarès,34,F,Lince,hildapelaez@berrocal.com,2023-08-10,Silver
C4310,Camila Niño Reyes,27,F,Los Olivos,manuelbayon@escudero.com,2023-09-02,Gold
C4311,María Luisa Falcó Solera,31,F,Pueblo Libre,borrellguadalupe@morcillo.com,2022-04-29,Platinum
C4312,Patricio de Carnero,35,M,Pueblo Libre,oliveraainara@hotmail.com,2024-01-09,Silver
C4313,Cayetana Pino Mir,22,F,Pueblo Libre,leocadia90@hotmail.com,2022-11-15,Básico
C4314,Aarón Corbacho Poza,18,M,Miraflores,gimenezmaria-carmen@jover.es,2022-09-22,Gold
C4315,Ramón Dalmau-Rovira,20,M,Jesús María,oliviasalva@arteaga.es,2024-03-04,Platinum
C4316,Juan Manuel Portillo Martín,21,M,Surco,velascojose-manuel@yahoo.com,2023-04-25,Gold
C4317,Duilio Sabater,27,M,SJL,gabaldonguiomar@elorza.es,2022-09-20,Silver
C4318,Natalia Seco Ayllón,20,F,Breña,ehurtado@hotmail.com,2023-06-27,Básico
C4319,Anna Lorena Manuel Pera,24,F,Lince,ferrerandres-felipe@villalba-torres.es,2023-03-22,Básico
C4320,Tatiana Andrea Fajardo Llabrés,30,F,San Isidro,navarrorosenda@escamilla.com,2023-08-26,Silver
C4321,Gisela Yuste Villa,25,F,San Miguel,tcalzada@ruano.es,2023-07-09,Silver
C4322,Nilda Aguilera Osuna,21,F,Jesús María,kbeltran@hotmail.com,2024-03-30,Silver
C4323,Irene de Arcos,25,F,Breña,eliana78@gmail.com,2022-05-22,Básico
C4324,Salomé Alcalá Trillo,26,F,Miraflores,polluz@sanchez-vilanova.com,2023-04-02,Platinum
C4325,Marcia del Armas,17,F,Breña,nadiaarranz@hotmail.com,2023-01-04,Platinum
C4326,Yaiza Márquez,27,F,Surco,gonimaria-dolores@yahoo.com,2023-01-08,Platinum
C4327,Omar Ramirez Quirós,22,M,San Borja,joel17@hotmail.com,2022-07-07,Básico
C4328,Remigio Fiol Sastre,33,M,San Miguel,bautistasanjuan@baro.com,2022-12-08,Gold
C4329,Luís Sacristán Solana,17,M,SJL,ericalmagro@alonso-alcalde.es,2023-10-07,Gold
C4330,Lorenzo Serra Coloma,35,M,Surco,buenoivan@bernat-vazquez.com,2022-08-28,Básico
C4331,Reinaldo Requena Gargallo,19,M,SJL,eliseoenriquez@quintana.com,2024-03-08,Platinum
C4332,Damián Vega Valbuena,35,M,Callao,lbautista@falco.es,2022-01-20,Silver
C4333,Esmeralda de Palomo,25,F,Comas,juliocuellar@gmail.com,2023-04-01,Platinum
C4334,Severiano Mora Tamayo,21,M,Los Olivos,godofredoferrandez@calvo.com,2023-10-12,Básico
C4335,Guadalupe Morera Miguel,35,F,Jesús María,vinasbelen@salinas.es,2022-08-28,Gold
C4336,Olivia Crespo García,18,F,Callao,noguerasonia@hotmail.com,2022-07-01,Básico
C4337,Rosario Muñoz Egea,20,M,Los Olivos,carmelita40@valdes-egea.com,2023-03-25,Gold
C4338,Miriam Loida Piñeiro Sastre,17,F,Miraflores,octavia99@gmail.com,2022-06-11,Platinum
C4339,Faustino Echevarría-Aguado,18,M,Jesús María,maciastomas@lloret.com,2022-04-24,Gold
C4340,Amaro del Mosquera,21,M,San Miguel,sanjuandanilo@agustin.es,2024-06-18,Gold
C4341,Sol Orozco Sobrino,30,F,Callao,ecid@andrade.es,2023-09-25,Gold
C4342,Marcelino Sala Cases,30,M,La Molina,lupeamat@hotmail.com,2022-02-14,Platinum
C4343,Prudencio Palau Julián,30,M,Comas,azucenahernandez@gmail.com,2022-07-15,Silver
C4344,Sol del Hernandez,35,F,Lince,lope49@cerezo-vila.com,2022-02-20,Gold
C4345,Adelaida Rodriguez Montesinos,16,F,San Miguel,tristan32@yahoo.com,2022-08-25,Básico
C4346,Kike Tolosa-Girona,16,M,Breña,javier28@fabra.com,2022-10-22,Silver
C4347,Octavia Plana Cabello,16,F,San Isidro,oterolalo@hotmail.com,2023-12-08,Básico
C4348,Toni de Busquets,24,M,Jesús María,florentino90@arellano.com,2022-05-10,Básico
C4349,Dani Alvarez Díez,29,M,Miraflores,parradario@hotmail.com,2023-06-03,Gold
C4350,Adrián del Gual,18,M,Lince,sosadora@campo.com,2022-11-04,Básico
C4351,Danilo Dueñas Sierra,26,M,San Miguel,orincon@bernat.com,2023-09-23,Silver
C4352,Jacinta Torrijos Sevilla,27,F,Pueblo Libre,abraham67@yahoo.com,2024-02-08,Silver
C4353,Remedios Mendizábal Arnaiz,34,F,Jesús María,irenearoca@vilanova-iniesta.com,2022-05-31,Básico
C4354,Paula Barberá,28,F,Surco,jennycastrillo@hotmail.com,2022-02-04,Básico
C4355,Nuria Alcalá Granados,31,F,San Borja,macariocordoba@contreras.com,2023-08-15,Básico
C4356,Emiliano de Salinas,28,M,San Borja,prudencialedesma@real-rosales.org,2023-03-15,Básico
C4357,Camilo Roca León,33,M,Breña,florencioasenjo@gmail.com,2024-01-05,Platinum
C4358,Encarnación Ródenas,24,F,Miraflores,guzmanbenito@franco-cabo.net,2024-03-07,Silver
C4359,Genoveva Inmaculada Bernal Solana,32,F,La Molina,samigo@hotmail.com,2023-12-13,Silver
C4360,Hernán Miralles Ribes,22,M,San Borja,bautista94@torrens-valdes.es,2024-05-18,Gold
C4361,Amaya Hierro Barrios,34,F,Comas,herminiabeltran@salinas.es,2023-01-19,Silver
C4362,Eugenio Jaume-Jordán,16,M,Breña,dorotea99@yahoo.com,2023-05-18,Platinum
C4363,Estrella del Uriarte,21,F,Jesús María,montesinostrinidad@gabaldon-noguera.com,2022-12-02,Básico
C4364,Florencio Quirino Araujo Murcia,21,M,Callao,pcodina@gmail.com,2022-12-23,Básico
C4365,Marcelino Cobo Martinez,31,M,San Isidro,rodenasvilma@yahoo.com,2023-01-24,Gold
C4366,Manuelita Alcaraz Aguilera,20,F,San Miguel,maritabenitez@gmail.com,2023-02-05,Silver
C4367,Concha Lobato Lobato,19,F,SJL,juan-pabloprada@yahoo.com,2023-07-05,Gold
C4368,Bonifacio Rodolfo Hoz Crespi,34,M,Miraflores,nisern@tamayo.org,2023-10-05,Silver
C4369,Francisco Jose Larrañaga Ayala,23,M,Pueblo Libre,lupebilbao@zamora.com,2022-08-15,Gold
C4370,Celia Emiliana Valenzuela Aznar,19,F,Surco,valeranilda@torres.com,2022-01-16,Básico
C4371,Quirino Toro Olivera,29,M,Surquillo,amoliner@hotmail.com,2023-11-25,Básico
C4372,Samanta Jover Vigil,23,F,Miraflores,salvadoradelia@galan.com,2023-10-15,Platinum
C4373,Mirta Nicolás-Palacio,23,F,Miraflores,vendrellteresita@lumbreras.com,2022-06-05,Básico
C4374,Alcides Ferrando Exposito,28,M,Breña,grandecrescencia@amaya.es,2023-03-31,Silver
C4375,Juanito Balaguer Orozco,35,M,San Miguel,cespedessilvia@gmail.com,2022-01-07,Gold
C4376,Luz Llorente Quintana,30,F,Jesús María,victor48@mendoza.es,2024-02-12,Platinum
C4377,Lidia Zamora Costa,34,F,Surquillo,alejandro47@aleman.com,2022-07-10,Básico
C4378,Amor Jurado Gomez,34,M,Comas,wzapata@toledo.es,2023-08-31,Platinum
C4379,Eusebia Bilbao Landa,21,F,Breña,cisnerosdanilo@ibarra.es,2022-02-17,Silver
C4380,Tristán Tejada Garrido,29,M,Callao,amorzabaleta@vazquez-pablo.com,2024-04-03,Silver
C4381,Cristian Amo Jerez,20,M,SJL,sanzdolores@gmail.com,2023-01-14,Gold
C4382,Renato Requena Pinto,18,M,La Molina,rafazamora@galindo.com,2023-04-19,Platinum
C4383,Jordi Echeverría,35,M,Los Olivos,carmelacortes@gmail.com,2022-01-02,Platinum
C4384,Leopoldo Barco Giménez,18,M,Pueblo Libre,aliciapereira@hotmail.com,2022-12-19,Silver
C4385,Cristóbal Sacristán Novoa,33,M,Miraflores,teofila64@gallego-lluch.org,2022-07-05,Silver
C4386,Felipa Campillo Montaña,21,F,Surco,fonsecajuan@polo.es,2023-10-25,Silver
C4387,Amaro Morcillo-Alberola,27,M,San Miguel,xcalatayud@hotmail.com,2023-06-22,Básico
C4388,Olalla Ignacia Plana Agullo,16,F,Callao,kalsina@losa-angel.com,2023-01-10,Básico
C4389,Lidia Verónica Pallarès Cal,19,F,Pueblo Libre,yguijarro@aguirre.com,2022-04-25,Platinum
C4390,Federico Ponce,33,M,Jesús María,yjordan@hotmail.com,2022-12-07,Básico
C4391,Adelaida de Expósito,34,F,Comas,becerraiban@arana.net,2023-04-20,Platinum
C4392,Francisco Javier Canals Guitart,19,M,Breña,maristela60@gmail.com,2023-07-24,Básico
C4393,Bernardo Florentino Abellán Rivas,26,M,San Miguel,nadalflorentina@hotmail.com,2022-08-31,Platinum
C4394,Lucho Blanca Elorza,18,M,Lince,edmundo69@barco.org,2023-01-20,Silver
C4395,Pili Hervia Fuster,21,F,Pueblo Libre,hvillalonga@hotmail.com,2023-06-06,Gold
C4396,Alma Julieta Torre Antón,25,F,Surquillo,tejadagregorio@gmail.com,2022-02-24,Básico
C4397,Jeremías Pancho Fuertes Villalonga,21,M,Comas,taboadasamanta@adan.net,2024-02-12,Platinum
C4398,Balduino del Ayala,16,M,Miraflores,renato36@hotmail.com,2022-07-01,Silver
C4399,Valentina Garriga Tenorio,33,F,Los Olivos,acedoagustina@feijoo.es,2023-10-03,Silver
C4400,Rubén Lobato,20,M,Miraflores,bernardo75@nicolau-lujan.es,2022-09-16,Básico
C4401,Roxana Lumbreras Montalbán,24,F,SJL,uhervia@pena.es,2022-10-13,Silver
C4402,Lázaro Amorós Iñiguez,32,M,Comas,qropero@hotmail.com,2022-04-23,Básico
C4403,Teófila Belmonte Serna,27,F,San Borja,alvarezleonel@gmail.com,2023-09-09,Silver
C4404,Santos Cadenas Gutierrez,20,M,Comas,bernalreinaldo@yahoo.com,2023-10-05,Básico
C4405,Melchor Hervás,17,M,Callao,severiano33@torrens.es,2022-08-01,Básico
C4406,María Fernanda Bermúdez Suarez,20,F,San Isidro,marmolenrique@llopis.es,2024-05-22,Silver
C4407,Edelmiro Marino Cuevas Chacón,30,M,SJL,apolinaralbero@gmail.com,2023-01-03,Silver
C4408,Leonardo Murcia Manzanares,23,M,Jesús María,galvarez@pinedo.es,2024-01-06,Silver
C4409,Fidel Huguet,20,M,Lince,adrianavicente@bosch.es,2022-04-06,Platinum
C4410,Marisa Girón Pozuelo,17,F,Breña,maria-pilar52@gmail.com,2022-09-17,Platinum
C4411,Lucas Rebollo Castilla,16,M,Callao,ucuadrado@galan.org,2024-04-24,Básico
C4412,Viviana Olmo-Blázquez,35,F,San Isidro,dhoz@yahoo.com,2024-04-28,Platinum
C4413,Patricia Marco Soto,30,F,Jesús María,maria-luisa62@martinez.es,2023-02-12,Básico
C4414,Marino Oliveras Montero,20,M,Pueblo Libre,hcardona@anguita.com,2022-03-14,Básico
C4415,Ulises Gimenez Barroso,35,M,Surco,valentinasenjo@gmail.com,2023-03-02,Básico
C4416,Anselma Rubio Batalla,25,F,Breña,ferranbasilio@yahoo.com,2024-06-04,Básico
C4417,Sandalio Millán Verdugo,34,M,Comas,daniel77@alcaraz-salcedo.es,2023-06-28,Silver
C4418,Gil Desiderio Escamilla Coronado,16,M,La Molina,solsonaolalla@batlle-santiago.net,2022-09-11,Gold
C4419,Gilberto Sánchez Arco,35,M,Breña,monteroflor@valentin.es,2023-02-06,Silver
C4420,Alejo Abril,34,M,Surco,kike93@rivero.com,2024-03-31,Silver
C4421,Marcio Mate Borrás,29,M,SJL,palmernilda@hotmail.com,2022-01-15,Básico
C4422,Tecla Noa Zapata Luz,28,F,Lince,nalba@vega-castejon.net,2023-01-13,Platinum
C4423,Custodia Lopez Hurtado,30,F,Pueblo Libre,ortegasoraya@marques.org,2024-06-17,Básico
C4424,Clotilde Marcos Baró,23,F,Comas,puertacayetano@machado.org,2023-02-08,Silver
C4425,Camilo Tapia-Castellanos,34,M,Lince,severiano37@gmail.com,2024-04-03,Platinum
C4426,Leticia del Montalbán,27,F,Miraflores,rosendo04@yahoo.com,2022-11-07,Gold
C4427,Dolores Camila Gascón Jimenez,25,F,Callao,rvillalonga@yahoo.com,2022-02-07,Platinum
C4428,Cristina Encarna Barrio Mayoral,28,F,San Isidro,pagesfeliciana@hernando.com,2023-12-03,Gold
C4429,Jacobo Amador-Zapata,23,M,San Borja,aranzazu65@hotmail.com,2023-03-03,Gold
C4430,Baudelio Chaves Feliu,25,M,Callao,corominasisaac@martinez-llobet.es,2023-09-12,Platinum
C4431,Miguel Pou-Lasa,30,M,San Isidro,cvalle@yahoo.com,2022-05-13,Silver
C4432,María Pilar Linares Palmer,20,F,Breña,poncioarrieta@yahoo.com,2024-05-04,Básico
C4433,Francisco Mata Valdés,25,M,Los Olivos,matienza@yahoo.com,2022-09-19,Silver
C4434,Estela Almudena Arnal Lucas,20,F,San Miguel,ifernandez@falco-amor.org,2024-04-28,Gold
C4435,Felicidad Viña Pavón,24,F,Callao,fpelaez@canals.net,2022-06-04,Básico
C4436,Carmelo Rodrigo Farré,33,M,Comas,ecarbonell@gmail.com,2023-05-20,Básico
C4437,Silvia Valderrama,20,F,Callao,pazquevedo@sancho.com,2022-09-03,Gold
C4438,Evaristo Guadalupe Perales Figuerola,35,M,San Borja,emiranda@saavedra.com,2023-12-01,Platinum
C4439,Socorro Cuadrado Jerez,23,F,San Isidro,miguel-angel89@hotmail.com,2023-07-28,Gold
C4440,Chema Isern Santana,20,M,Comas,nrozas@carnero.net,2022-10-16,Platinum
C4441,José Manuel Hoz Salvador,27,M,Callao,hectorgil@gmail.com,2022-02-28,Gold
C4442,Abraham Chaparro Valderrama,23,M,San Isidro,olegarioboix@andreu.com,2022-09-24,Silver
C4443,Xavier Santana,23,M,Surco,chelo53@hotmail.com,2022-03-22,Gold
C4444,Eva Calderon-Salamanca,28,F,Miraflores,encarnacionalmeida@barcelo.es,2023-01-18,Gold
C4445,Constanza Soraya Grande Gras,30,F,Pueblo Libre,ricoamaya@bernal.com,2024-01-16,Platinum
C4446,Marisol Pons Caparrós,31,F,Jesús María,grius@torrent.es,2024-03-26,Platinum
C4447,Ana Sofía Ballesteros Solsona,34,F,Comas,arcojose@gmail.com,2024-01-08,Gold
C4448,Amparo Arana-Lobato,22,F,Jesús María,pugajoaquin@bayo.org,2022-09-03,Platinum
C4449,Rosario Duque Tejero,34,F,SJL,adelardo60@gmail.com,2024-05-27,Gold
C4450,Rita España Riquelme,28,F,San Miguel,qcasares@blanca.es,2024-01-16,Platinum
C4451,Buenaventura Juan José Alvarado Maldonado,29,M,San Isidro,gerardovalenciano@yahoo.com,2022-10-15,Silver
C4452,Pascual Herminio Carnero Galvez,21,M,Jesús María,atur@teruel-burgos.org,2022-10-20,Gold
C4453,María Blas Viñas Sebastián,33,M,Comas,rosario77@yahoo.com,2022-01-09,Gold
C4454,Lina Miró Vila,32,F,Surco,adela51@reyes.com,2024-04-14,Gold
C4455,Sebastián Mohamed Villena Prats,28,M,San Borja,aracelisalom@yahoo.com,2022-05-27,Gold
C4456,Pepita Burgos,34,F,Breña,ariadna34@murillo-espinosa.com,2023-02-11,Gold
C4457,Maite Castellanos Jódar,21,F,Surco,bernalbuenaventura@araujo-gomez.net,2024-05-23,Silver
C4458,Manuel Renato Quevedo Marqués,30,M,Surquillo,teresa64@barrio.org,2022-10-10,Silver
C4459,Benigno Mario Barroso Bartolomé,27,M,Pueblo Libre,arico@gmail.com,2024-01-05,Básico
C4460,Salomé Girona,21,F,Breña,gildiaz@lorenzo-catalan.org,2022-05-06,Gold
C4461,César Quesada Conesa,24,M,Callao,fabiana84@marin.es,2023-07-12,Silver
C4462,Felix Lozano Ribas,21,M,Breña,blanchchita@hotmail.com,2024-04-16,Básico
C4463,Calista Conde Blasco,26,F,San Miguel,castejonmarta@hotmail.com,2022-11-13,Silver
C4464,Mohamed Montaña-Tomas,30,M,San Borja,escrivaemiliana@hotmail.com,2023-02-27,Silver
C4465,Irene Ortuño Marquez,23,F,Surco,mjordan@yahoo.com,2023-11-29,Básico
C4466,Joel Cesar Colomer Benitez,33,M,Callao,gemapeiro@mena.net,2023-12-04,Básico
C4467,Natividad Coello,32,F,Surquillo,cmendoza@rovira-vidal.com,2022-12-31,Silver
C4468,Florentino Mayol Cárdenas,19,M,Surco,carlosevita@yahoo.com,2023-01-13,Platinum
C4469,Apolinar Quintanilla,33,M,La Molina,gaspar08@hotmail.com,2022-11-22,Silver
C4470,Jafet Oliver,27,M,Surquillo,martinguerrero@hotmail.com,2023-11-05,Gold
C4471,Epifanio Plana,29,M,San Miguel,pilarporcel@collado.com,2023-06-02,Platinum
C4472,Dorita Casanovas Mendizábal,24,F,Surquillo,barralberta@atienza-falcon.org,2023-11-28,Platinum
C4473,Osvaldo Planas Salcedo,19,M,SJL,mugicaanibal@garate.es,2022-07-18,Silver
C4474,Severino Galvez Echevarría,32,M,Breña,rocioverdu@hotmail.com,2024-03-26,Gold
C4475,Toni Andres Arribas,23,M,San Miguel,jose-angel45@amador.com,2023-04-01,Platinum
C4476,Amparo Ferrera,20,F,San Borja,estevealba@yahoo.com,2023-03-17,Platinum
C4477,Griselda Jáuregui Cantero,29,F,San Isidro,borja84@carbo.es,2022-07-19,Platinum
C4478,Matías Seco Prats,19,M,La Molina,sgalvan@aguilo.es,2022-03-05,Básico
C4479,Yaiza de Cordero,20,F,Surquillo,pozajulieta@poza-alcazar.es,2023-03-26,Básico
C4480,Rico Jover Coll,27,M,Jesús María,nadaldiego@yahoo.com,2023-10-27,Básico
C4481,Jose Luis Paniagua,16,M,San Miguel,jafetmuro@gallo.net,2022-06-05,Platinum
C4482,Marcelino Ribera Báez,20,M,Surco,pcarballo@rivero-maza.es,2022-11-13,Silver
C4483,Adelina Cuéllar Guillén,30,F,Callao,corderomiguel@benet.net,2024-05-17,Silver
C4484,Cristian Sosa Nuñez,29,M,Miraflores,brunildajodar@verdugo.com,2023-09-11,Gold
C4485,Juan José Estrada Bellido,34,M,Comas,yguardiola@gmail.com,2024-03-21,Básico
C4486,Eutropio Herranz Donaire,28,M,Lince,xaviercarnero@rodenas.es,2024-04-05,Básico
C4487,Marisa Teruel-Garzón,21,F,San Miguel,ninoagata@pardo.net,2022-02-05,Silver
C4488,Rufino Wálter Luís Barral,22,M,Breña,riverogregorio@gmail.com,2023-09-30,Gold
C4489,Aitana Barreda-Royo,20,F,Lince,lucila42@gmail.com,2024-03-05,Platinum
C4490,Albino Villanueva Cepeda,16,M,San Borja,lladomarino@verdejo-ojeda.com,2023-10-23,Silver
C4491,Asunción Solé Tudela,23,F,Jesús María,remigioblanch@salom.com,2022-05-11,Gold
C4492,Alexandra Carballo Figueroa,22,F,San Miguel,trinipalau@jordan-villena.es,2022-08-29,Silver
C4493,Juanito Espada Robledo,20,M,Callao,angelabelmonte@salmeron-vina.net,2023-12-11,Platinum
C4494,Ruperto Ballester Granados,35,M,San Isidro,busquetsaurelio@rico-ferrera.es,2023-06-19,Silver
C4495,Goyo Bueno Cases,25,M,Jesús María,herminio23@yahoo.com,2024-05-23,Platinum
C4496,Joel Amado Cases Leiva,27,M,San Isidro,canellaspascual@izaguirre.net,2022-05-13,Silver
C4497,Zaida Muñoz Diez,29,F,Surco,carla58@perales.net,2023-06-04,Gold
C4498,Teobaldo Eladio Robles Pons,31,M,Breña,eespinosa@gmail.com,2022-04-04,Básico
C4499,Rosa Bayón Cabo,17,F,Lince,cornelio22@martin.net,2022-07-11,Platinum
C4500,Melisa del Figuerola,19,F,Pueblo Libre,gregorio41@yahoo.com,2023-06-02,Silver
C4501,Marcos Benet Osuna,28,M,Miraflores,agustin39@barrena-urrutia.es,2022-04-12,Básico
C4502,Brígida Áurea Cuenca Domingo,19,F,Los Olivos,ypalomino@hotmail.com,2023-02-10,Básico
C4503,Laura Bayón,33,F,San Isidro,elisa96@yahoo.com,2023-07-26,Silver
C4504,Emilio Belmonte Giralt,31,M,Callao,fisern@gmail.com,2024-03-23,Platinum
C4505,Vera Polo Camacho,33,F,Surquillo,feliciano85@pedraza-saenz.es,2022-09-22,Platinum
C4506,Isabela Cuervo Flor,22,F,Jesús María,luis-miguelvilanova@hotmail.com,2023-03-30,Gold
C4507,Chema Anglada Garcia,20,M,San Isidro,tamara98@martin.com,2022-08-10,Silver
C4508,Hugo Pastor Cabeza Clemente,21,M,San Miguel,hpou@gmail.com,2023-12-31,Básico
C4509,Armando Mancebo Pombo,35,M,La Molina,porfiriosoler@yahoo.com,2022-09-17,Silver
C4510,Amanda Terrón Goñi,33,F,Callao,luna82@sole.com,2024-05-28,Silver
C4511,Duilio Carlos Palau,21,M,Comas,giselacanas@gmail.com,2022-12-29,Platinum
C4512,Eligio Cordero Vigil,28,M,Los Olivos,patricia70@gmail.com,2024-04-20,Gold
C4513,Antonio Badía,27,M,Callao,garcescelestino@hotmail.com,2022-02-20,Platinum
C4514,Agustín Blanco Aramburu,31,M,Surquillo,pbolanos@rey.com,2024-03-28,Silver
C4515,Gervasio Juárez Clemente,19,M,Lince,leandrotudela@landa.org,2022-02-26,Gold
C4516,Sarita Espejo,31,F,La Molina,waltermarcos@cabanillas.org,2022-04-18,Silver
C4517,Xavier Ferrera Recio,31,M,Callao,loreto70@gmail.com,2022-11-19,Silver
C4518,Eliana Carlos Ferreras,19,F,Callao,paezgraciano@gmail.com,2023-07-30,Gold
C4519,Ariel Barros Sanjuan,16,M,San Miguel,kmendizabal@gmail.com,2023-11-07,Básico
C4520,Adán Salvador-Manjón,28,M,Los Olivos,alexandra82@vallejo.com,2023-02-15,Básico
C4521,Maite Ibáñez-Blanch,28,F,San Isidro,wvicente@agullo-velez.net,2023-08-08,Platinum
C4522,Salud Perales Escalona,28,F,Surco,pereiracarlito@miro.es,2022-11-18,Gold
C4523,Juliana Alvarado Fonseca,17,F,Jesús María,margaritacarlos@perez-ibanez.net,2022-11-23,Gold
C4524,Bautista Bertrán Jove,21,M,San Miguel,carla28@velez.es,2023-10-04,Básico
C4525,Itziar Gomis Cerro,18,F,Breña,rosalina31@alvarez.com,2024-01-08,Gold
C4526,Pánfilo Franco-Barral,18,M,San Borja,jose-ignaciocrespi@hotmail.com,2024-02-24,Gold
C4527,Pilar Arteaga Morante,29,F,La Molina,juan-luis29@yahoo.com,2022-01-18,Básico
C4528,Liliana Plaza Soriano,34,F,San Isidro,badiabenito@yahoo.com,2023-08-29,Gold
C4529,Andrea Benítez Valero,33,F,SJL,benaventemoises@rodriguez.es,2023-01-02,Silver
C4530,Carlos del Pintor,31,M,Pueblo Libre,martorelleloy@yahoo.com,2022-01-01,Silver
C4531,Baltasar Alcides Bernad Losada,24,M,Los Olivos,jose-manuel15@soler.org,2023-03-22,Silver
C4532,Ruy Ale Hurtado Abril,18,M,San Borja,edgar96@hotmail.com,2024-06-06,Platinum
C4533,Cipriano Prats Chaves,20,M,Comas,hescriva@guzman-cobos.com,2023-11-09,Básico
C4534,Timoteo Manuel Ferrer Salgado,25,M,Surco,adalberto95@gmail.com,2022-07-26,Silver
C4535,Florentina Martínez Cárdenas,35,F,Breña,costajose-manuel@yahoo.com,2023-04-19,Platinum
C4536,Natalia Juan Planas,17,F,San Borja,yanezamalia@soria.com,2023-06-20,Platinum
C4537,Javier Navas-Franco,18,M,Los Olivos,benita57@pedrero-otero.com,2023-03-13,Platinum
C4538,Candela Villalobos-Morales,23,F,Surco,floracuna@carreras-gomis.es,2024-03-28,Silver
C4539,Victor Manuel Bernad,30,M,Callao,yesteban@boada.com,2023-02-03,Básico
C4540,Miguela Taboada,26,F,Comas,hermenegildocaro@baron.com,2023-08-14,Platinum
C4541,Ricarda Morcillo Menendez,27,F,San Isidro,gjara@gmail.com,2024-05-10,Silver
C4542,Francisca Cabrero,22,F,Surco,bbarriga@yahoo.com,2023-09-10,Básico
C4543,Esperanza Mena Roma,26,F,La Molina,lmatas@gmail.com,2022-07-12,Básico
C4544,Lidia González Uribe,21,F,San Isidro,fidel47@yahoo.com,2022-05-08,Silver
C4545,Gilberto de Izquierdo,21,M,Surco,eduardoguillen@hotmail.com,2023-08-24,Básico
C4546,Etelvina Vicente-Barroso,16,F,Pueblo Libre,terronsebastian@pena.es,2022-12-24,Platinum
C4547,Gema Serna-Montserrat,24,F,La Molina,cuevasemilia@yahoo.com,2023-07-31,Platinum
C4548,Beatriz Fajardo Villa,31,F,Miraflores,malena72@agusti.org,2023-12-30,Básico
C4549,Che Coll Río,20,M,Breña,albertolourdes@hotmail.com,2023-07-29,Platinum
C4550,Febe Benitez Luz,25,F,La Molina,ebarco@bello.com,2023-07-12,Platinum
C4551,Paola Carbajo Jara,28,F,La Molina,cvilla@borrego-fuente.com,2023-08-10,Platinum
C4552,Águeda Toro Estrada,25,F,San Miguel,nvarela@granados.com,2022-04-02,Platinum
C4553,Nilo Pallarès Valbuena,28,M,San Miguel,labascal@solana.org,2022-12-22,Platinum
C4554,Bartolomé Garzón-Fajardo,24,M,Surquillo,irisbarriga@cardenas.net,2022-12-05,Básico
C4555,Julio César Villalba,29,M,San Isidro,giselamorera@aller.es,2022-12-28,Gold
C4556,Eleuterio Conesa Sanabria,31,M,San Isidro,rosa02@hotmail.com,2022-02-08,Platinum
C4557,Valeria del Collado,34,F,Breña,cerveraadelina@hotmail.com,2023-09-24,Silver
C4558,Irma Soto Cal,30,F,Surco,suredaglauco@vigil.com,2022-04-23,Gold
C4559,Nicanor de Bonilla,34,M,Comas,mireia51@aller-gomez.com,2023-01-25,Silver
C4560,Belen Sánchez-Burgos,22,F,Miraflores,atiliosegui@vaquero.net,2023-12-13,Gold
C4561,Roberta Sanmiguel-Alvarado,16,F,Los Olivos,pascualasola@yahoo.com,2023-01-12,Gold
C4562,Ciríaco Amores Barrios,21,M,Lince,narcisabaeza@llorens.es,2022-06-14,Platinum
C4563,Melisa de Tudela,22,F,Breña,zgonzalo@paz-pastor.es,2022-11-03,Silver
C4564,Baudelio Salom Gras,26,M,San Borja,adelardo45@duarte.com,2022-10-24,Gold
C4565,Adora Villa Prado,27,F,San Miguel,regulonunez@villaverde-farre.org,2022-10-16,Platinum
C4566,Pascuala Fabregat Tur,23,F,La Molina,manu47@hotmail.com,2022-12-05,Gold
C4567,Renata Yuste Vall,23,F,La Molina,agata88@yahoo.com,2023-12-28,Gold
C4568,Albino Parra Matas,25,M,San Borja,marta76@mayo-larranaga.net,2022-05-05,Platinum
C4569,Julio Blanch Soria,35,M,San Isidro,palmiraasenjo@vega-ferrando.com,2024-05-03,Gold
C4570,Amaya Blanca Bernad,34,F,SJL,fernando89@yahoo.com,2022-10-19,Silver
C4571,Liliana Roig Ocaña,29,F,La Molina,olivertecla@gmail.com,2022-01-18,Silver
C4572,Chema Gual Giralt,23,M,Miraflores,danilosarmiento@gmail.com,2023-08-31,Gold
C4573,Chita Dávila Segarra,20,F,San Borja,mbou@gmail.com,2024-01-11,Platinum
C4574,Heliodoro Llorens Plana,34,M,Callao,natalio03@amador.com,2024-04-17,Gold
C4575,Inocencio Camacho,23,M,Los Olivos,piedad15@cobos-azorin.com,2022-04-17,Básico
C4576,Iris de Ibarra,20,F,Miraflores,felisahierro@hotmail.com,2023-12-09,Silver
C4577,Juan José del Palma,31,M,Pueblo Libre,tiradoconsuelo@hotmail.com,2022-02-14,Platinum
C4578,Obdulia del Perez,25,F,San Miguel,tomasa49@hotmail.com,2024-05-22,Gold
C4579,Damián Pomares Aranda,25,M,Callao,rufinochaparro@yahoo.com,2023-12-28,Platinum
C4580,Candelaria Peñas-Montalbán,26,F,SJL,scespedes@tomas.com,2024-03-30,Silver
C4581,Pastor Gómez Lamas,17,M,San Isidro,valentina73@yahoo.com,2022-01-11,Básico
C4582,Sandra Escobar Alarcón,24,F,San Borja,ovillalobos@rosello.org,2023-03-20,Gold
C4583,Águeda Heredia-Roig,18,F,Los Olivos,victorianovicens@salazar-farre.com,2024-01-11,Silver
C4584,Juan Casado-Bertrán,16,M,Los Olivos,erosado@hotmail.com,2024-01-25,Gold
C4585,Gerardo Moliner León,20,M,Pueblo Libre,amayaharoldo@castellanos.com,2022-04-28,Silver
C4586,Fidela de Moya,26,F,Surquillo,marccorrea@yahoo.com,2023-02-07,Gold
C4587,Etelvina Maricela Costa Cobo,22,F,Jesús María,xcabanillas@iriarte-carnero.com,2023-08-20,Gold
C4588,Anita del Escalona,16,F,Lince,nazario61@gmail.com,2023-03-17,Básico
C4589,Feliciano Cazorla-Puga,18,M,La Molina,tenorionoemi@hotmail.com,2023-12-24,Gold
C4590,Eloísa Flor Crespi,22,F,La Molina,campodanilo@penalver.com,2023-12-14,Gold
C4591,Noa Colomer Roman,28,F,San Isidro,pgimenez@gmail.com,2022-03-28,Básico
C4592,Samuel de Rueda,33,M,Lince,villenaulises@fuentes-pena.es,2023-01-15,Básico
C4593,Iker Bejarano,25,M,San Miguel,ruizjosefa@yahoo.com,2022-07-07,Silver
C4594,Tamara Lastra Carreras,21,F,San Miguel,tiburcio69@orozco.org,2023-11-18,Silver
C4595,Guiomar Jerez Cadenas,23,M,San Isidro,liliabusquets@bonilla.es,2022-11-14,Platinum
C4596,Eusebia Benavente Solé,21,F,La Molina,borrellponcio@carbajo.es,2023-02-21,Silver
C4597,Gabriel Isidro Acedo Pavón,16,M,La Molina,monrealteresita@bustamante-herrero.es,2022-08-26,Platinum
C4598,Ruperta Robles Tormo,32,F,Comas,hayala@garay.org,2023-12-11,Platinum
C4599,Natanael Manuel,17,M,Lince,lucio29@cerda-alegria.es,2024-03-21,Gold
C4600,Efraín Ramírez Aparicio,34,M,Surquillo,domingueznydia@hotmail.com,2022-10-15,Platinum
C4601,Jose Miguel Alberto Montesinos,20,M,San Miguel,cifuentesalmudena@gmail.com,2024-04-04,Básico
C4602,Jesusa de Ramis,30,F,San Miguel,portillograciana@bustos.es,2022-10-20,Básico
C4603,Evelia Aranda,24,F,San Isidro,xzamora@francisco-castrillo.com,2022-02-08,Gold
C4604,Heliodoro Pereira Cepeda,26,M,Miraflores,gosuna@hotmail.com,2022-06-08,Silver
C4605,Lourdes Gilabert Cuervo,17,F,Los Olivos,robledoapolinar@hotmail.com,2022-06-15,Gold
C4606,Consuelo Salom,28,F,Jesús María,hcortes@farre.com,2022-07-05,Platinum
C4607,Adelia Lucía Nevado Conde,21,F,San Isidro,rosario13@gmail.com,2022-07-25,Silver
C4608,Jose Luis Baena Palacio,35,M,Pueblo Libre,marcela01@rosell-echevarria.net,2022-08-28,Básico
C4609,Aurelio del Esteban,16,M,Los Olivos,asdrubal45@briones-atienza.es,2022-12-05,Platinum
C4610,Macario de Esteve,22,M,San Isidro,taboadamayte@yahoo.com,2024-06-17,Básico
C4611,Alex Mena-Montes,16,M,San Isidro,andreaesteban@higueras-carmona.com,2022-07-22,Gold
C4612,Pili Chelo Verdejo Carrasco,30,F,SJL,ricardomarco@gmail.com,2022-03-11,Básico
C4613,Regina Guijarro,30,F,Jesús María,guadalupelujan@hotmail.com,2024-04-15,Básico
C4614,Yésica Plana Amorós,29,F,Los Olivos,nazaret08@feliu.net,2024-03-05,Platinum
C4615,Caridad Arnaiz Valdés,26,F,San Isidro,sierravirginia@pinedo-munoz.es,2024-02-06,Básico
C4616,Matías Larrea Salmerón,24,M,Callao,lidia72@yahoo.com,2023-01-15,Silver
C4617,Saturnino Belda Lumbreras,18,M,San Miguel,benjaminpaniagua@hotmail.com,2022-06-27,Silver
C4618,Gloria Ortuño Sanchez,31,F,Los Olivos,nbernal@hotmail.com,2022-08-29,Básico
C4619,Hipólito Llopis Gimenez,24,M,Comas,diazdalila@yahoo.com,2024-03-22,Silver
C4620,Isidoro Luis Mur Quevedo,20,M,Lince,beatrizsolsona@busquets.com,2022-10-31,Platinum
C4621,Ildefonso Vicens Nogués,34,M,Pueblo Libre,jimenaamo@gmail.com,2024-01-30,Básico
C4622,Mohamed Esparza Sabater,30,M,Comas,marcosgodoy@villa.com,2022-06-16,Silver
C4623,Artemio Anastasio Pastor Miranda,25,M,Miraflores,amatjoaquina@gmail.com,2023-01-18,Básico
C4624,Alexandra Briones Arteaga,29,F,San Miguel,eligia62@yahoo.com,2024-05-01,Gold
C4625,Salud Pintor Palmer,19,F,Surquillo,wcruz@yahoo.com,2023-05-03,Platinum
C4626,Máxima Campillo Iniesta,24,F,Breña,usalvador@benavent.net,2022-04-19,Silver
C4627,Jimena Tomas Palomo,17,F,Breña,qvalenciano@gmail.com,2023-01-04,Silver
C4628,Celia Infante Vallejo,20,F,Pueblo Libre,vleiva@yahoo.com,2023-11-25,Platinum
C4629,Nicodemo Baltasar Falcón Olmo,26,M,Lince,jeronimopalma@amor.es,2024-06-12,Básico
C4630,Mauricio Escribano Bonet,20,M,Jesús María,anibal26@gmail.com,2023-09-06,Básico
C4631,Florentina de Alcolea,28,F,Breña,rosa-maria68@gmail.com,2024-02-16,Gold
C4632,Josefa Pi Andrés,32,F,Comas,odalyspablo@requena.net,2024-01-28,Silver
C4633,Tomás Santana Mir,31,M,San Isidro,evaparra@dominguez.es,2023-10-05,Silver
C4634,Nereida Anglada,34,F,Pueblo Libre,almudena35@gmail.com,2022-03-20,Silver
C4635,Gerónimo Morante Priego,20,M,Surco,tono03@gmail.com,2022-03-30,Básico
C4636,Luis Miguel Ambrosio Seguí Rosales,32,M,SJL,bernardo62@galvez.com,2023-06-10,Básico
C4637,Joan Sola Parra,27,M,Comas,obdulia94@galvez.net,2023-07-21,Platinum
C4638,Francisco Jose Marin,18,M,SJL,espinosamarisol@gmail.com,2024-05-25,Básico
C4639,Inmaculada Borrell Urrutia,25,F,Comas,albertoitziar@gmail.com,2022-02-06,Silver
C4640,Marcio Porcel Linares,27,M,Surco,caminohugo@yahoo.com,2023-08-25,Gold
C4641,Soraya Barbero Andrés,21,F,San Borja,carla10@yahoo.com,2022-11-22,Básico
C4642,Leyre Quero Moles,19,F,Los Olivos,gisbertisidoro@olivares.com,2022-06-29,Silver
C4643,Domitila Villalba Palma,28,F,Comas,pedrazalucila@cifuentes-calatayud.net,2022-09-18,Silver
C4644,Óscar Espinosa Font,33,M,SJL,gertrudis46@calderon.es,2022-07-06,Silver
C4645,Victoriano Mas Gallardo,27,M,Surquillo,garrigacornelio@hotmail.com,2022-10-24,Silver
C4646,Félix Izquierdo Batalla,19,M,Breña,nadia74@prado.net,2022-06-30,Platinum
C4647,Maristela Silva Oller,24,F,San Borja,znovoa@ruiz.com,2024-06-19,Platinum
C4648,Fortunato Caballero Falcó,22,M,Comas,quirinoolivares@diez-cabo.net,2024-01-24,Básico
C4649,Rolando Borrás,22,M,La Molina,valentinarnau@hotmail.com,2022-10-29,Gold
C4650,Paola Mármol,16,F,La Molina,morenapino@morell.es,2023-05-30,Platinum
C4651,Lourdes Ayllón Tejedor,16,F,La Molina,sebastiancarmona@borrell.org,2023-04-21,Básico
C4652,José Luis de Iniesta,16,M,Surquillo,millaprudencia@hotmail.com,2023-01-19,Platinum
C4653,Ester Gloria Miranda Iglesia,18,F,San Borja,dazacristobal@gmail.com,2024-02-24,Gold
C4654,Maxi Gallardo,30,M,SJL,palaciojordan@zabaleta.org,2022-09-21,Silver
C4655,Roxana Mónica Orozco Ferrández,29,F,Callao,floranovoa@hotmail.com,2023-11-05,Silver
C4656,Poncio Baltasar Hernando Garay,35,M,Comas,lucio56@salas-espada.org,2022-11-21,Platinum
C4657,Gaspar Ferrer Barros,24,M,Los Olivos,isauraprado@jimenez-borras.com,2023-04-09,Platinum
C4658,Tecla Cisneros,26,F,Pueblo Libre,felipearmengol@alvarez.org,2022-06-24,Silver
C4659,Matilde Nicolasa Lamas Juliá,34,F,Los Olivos,timoteojauregui@mari-chico.es,2022-01-18,Platinum
C4660,Aarón Corbacho Higueras,28,M,Jesús María,wilfredosanmiguel@yahoo.com,2023-07-10,Básico
C4661,Artemio Arellano Duarte,35,M,Los Olivos,pelayoalamo@gmail.com,2022-01-29,Gold
C4662,Edelmiro José Ángel Goñi Casas,20,M,San Borja,ssierra@cadenas-gelabert.com,2022-10-20,Básico
C4663,Manu Adolfo Murillo Marí,26,M,San Miguel,gastonbarbero@gmail.com,2024-06-04,Platinum
C4664,Marcelo Arribas Gascón,17,M,Los Olivos,qgirona@gimenez.com,2023-08-29,Gold
C4665,Maribel Milla Acosta,34,F,Breña,palaciosamelia@rodriguez.es,2022-08-27,Platinum
C4666,Bernabé León Montserrat,30,M,Callao,ponsperla@villar.es,2024-01-08,Silver
C4667,Inmaculada Silva Zaragoza,21,F,Surquillo,galanemilio@hotmail.com,2023-09-30,Gold
C4668,Teo Silva Llabrés,17,M,Breña,roldancalderon@yahoo.com,2023-01-22,Básico
C4669,Ani Paniagua Mercader,24,F,San Borja,farnau@gmail.com,2023-06-11,Básico
C4670,Candelas Pintor,19,F,San Isidro,constanzarodriguez@leal.es,2022-07-29,Básico
C4671,Urbano Cañellas Donoso,33,M,Pueblo Libre,maloluna@hotmail.com,2024-05-21,Básico
C4672,Marcio Matas Almeida,24,M,San Borja,cperello@gmail.com,2023-07-02,Silver
C4673,Luis Ángel Infante Morcillo,18,M,Surquillo,ortunovera@suarez.es,2023-10-20,Básico
C4674,Victorino Prado Quesada,20,M,Surco,ycerdan@riera.es,2024-04-28,Silver
C4675,Lino Manu Mariño Gonzalez,27,M,Comas,botellagaston@alcolea-borja.es,2022-10-31,Básico
C4676,Virginia Costa Rivera,33,F,Los Olivos,mpedraza@yahoo.com,2024-06-09,Platinum
C4677,Ester Duarte Rosell,33,F,SJL,bautistaelena@boix-colomer.com,2023-02-16,Gold
C4678,Yago Virgilio Contreras Mas,19,M,Pueblo Libre,isaiasmendez@arnal-macias.es,2023-08-20,Básico
C4679,Leonor Duran Paz,24,F,Lince,benigno87@sotelo-hoz.net,2023-07-05,Básico
C4680,María Dolores Morante Lladó,25,F,La Molina,carla59@yahoo.com,2024-02-08,Silver
C4681,Severino Farré Acedo,17,M,Pueblo Libre,barrancopaloma@hotmail.com,2023-02-02,Silver
C4682,Paz Oliver,30,F,Callao,victor00@espada-goicoechea.org,2023-06-22,Platinum
C4683,Mohamed Milla Campoy,26,M,Lince,alcaldeclarisa@mateos-mir.com,2022-12-02,Platinum
C4684,Candela Cuenca Llabrés,25,F,Surquillo,psamper@yahoo.com,2023-02-13,Gold
C4685,Baltasar Andres-Carlos,35,M,Breña,rourajimena@gmail.com,2024-01-12,Silver
C4686,Teobaldo Arévalo,25,M,Callao,timoteo69@fuster-cabo.net,2022-07-04,Básico
C4687,Severo Montserrat Planas,29,M,Pueblo Libre,hfarre@hotmail.com,2022-05-29,Silver
C4688,Omar del Elías,22,M,Los Olivos,diego19@gmail.com,2022-01-18,Gold
C4689,Anselmo Rosell Oliva,17,M,La Molina,rodriguezpatricio@tur.com,2022-06-17,Gold
C4690,Tiburcio Borrego Padilla,19,M,La Molina,estherferrando@hotmail.com,2024-01-21,Platinum
C4691,Sancho Édgar Benet Aguilar,18,M,SJL,dalila30@yahoo.com,2024-06-02,Platinum
C4692,Edelmiro de Solsona,29,M,San Borja,soledad34@gmail.com,2023-09-17,Gold
C4693,Chucho Mariscal Duran,21,M,Lince,joaquina72@gmail.com,2023-12-17,Silver
C4694,Dani Quesada Portillo,33,M,Miraflores,custodioalcalde@casares.es,2022-02-28,Silver
C4695,Viviana Pavón-Enríquez,29,F,Breña,ochoacaridad@madrigal-saez.com,2022-01-22,Silver
C4696,Moisés Villa Perera,17,M,Miraflores,eutropiosoler@gmail.com,2022-12-23,Silver
C4697,Porfirio Nebot-Ibañez,33,M,Jesús María,vinaaaron@hotmail.com,2022-07-18,Platinum
C4698,Nicodemo Solsona Camino,19,M,Miraflores,hurtadoroman@palau.com,2022-11-26,Básico
C4699,Eufemia López Alberola,21,F,La Molina,pbaquero@hotmail.com,2022-09-08,Silver
C4700,Agapito Armas,27,M,Lince,uguillen@franco.com,2023-12-07,Silver
C4701,Victoria Sala Luque,35,F,Los Olivos,eleuterio44@hotmail.com,2023-11-07,Básico
C4702,Victoriano Fuertes Ferrero,30,M,Breña,espiridion98@yahoo.com,2023-07-01,Platinum
C4703,Marco Amador Garzón,30,M,Pueblo Libre,riuscharo@hotmail.com,2023-03-23,Silver
C4704,Baudelio Palau Abascal,21,M,Surquillo,ncalatayud@gargallo-parejo.es,2023-07-24,Silver
C4705,Anabel Expósito,22,F,San Isidro,olivialucas@baquero.es,2024-04-14,Platinum
C4706,Andrea Cantón Rico,18,F,Lince,roldanhernando@gmail.com,2022-12-11,Básico
C4707,Paula Andres Arregui,21,F,Breña,lorenzaportero@gmail.com,2023-04-11,Básico
C4708,Borja Escolano Guardia,29,M,Lince,qcampoy@giralt.es,2022-11-09,Básico
C4709,Amado Jose Antonio Quesada Puga,18,M,San Isidro,hcatalan@gmail.com,2022-06-08,Silver
C4710,Sandalio Sáez-Bolaños,23,M,Comas,lupegil@yahoo.com,2023-09-16,Silver
C4711,Amado Castelló Cabrero,33,M,Surquillo,tamaraportillo@vazquez.com,2023-06-05,Silver
C4712,Ignacia Anselma Esteban Gomis,21,F,SJL,gcorrea@gmail.com,2024-01-25,Básico
C4713,Leyre Guzman Navas,26,F,Comas,hierromaricruz@yahoo.com,2024-02-22,Básico
C4714,Fortunata Narváez-Valle,31,F,SJL,balaguerjose-antonio@hotmail.com,2023-01-30,Básico
C4715,Nazaret Benigno Adadia Aramburu,29,M,Pueblo Libre,oescudero@yahoo.com,2023-10-07,Gold
C4716,Danilo Núñez Puig,16,M,Callao,angelallopis@colom-corbacho.es,2023-07-06,Básico
C4717,Delfina Sola Arcos,23,F,Pueblo Libre,joveainoa@hotmail.com,2022-03-18,Silver
C4718,Abril Hervás Peinado,35,F,SJL,cerveraalfredo@sales-ariza.es,2023-02-24,Básico
C4719,Jenny Tomás Salvador,32,F,Comas,jose-ramonolmo@carranza.net,2022-04-24,Gold
C4720,Perlita Escolano Gallart,34,F,Surquillo,eligio79@gmail.com,2023-07-01,Silver
C4721,Febe Cánovas Hernando,27,F,Callao,claveronatalio@pedro-montes.es,2023-05-25,Silver
C4722,Abraham Lledó Canet,20,M,Comas,leocadio05@garrido.es,2023-02-05,Platinum
C4723,Adelina Camacho Durán,28,F,Lince,giselacerezo@hotmail.com,2023-01-29,Silver
C4724,Pastora Lobo Cepeda,34,F,Surquillo,ccasares@alfaro.es,2022-04-07,Silver
C4725,Juliana Garcés Macias,30,F,San Isidro,juradocecilia@pineiro-julia.com,2022-11-12,Silver
C4726,Estrella Rosselló-Correa,26,F,San Isidro,gallegohilario@tamarit.net,2023-09-09,Gold
C4727,Leticia Nogués Lozano,16,F,Pueblo Libre,vcases@gmail.com,2023-04-01,Gold
C4728,Joel Lozano España,34,M,Surquillo,primitivo76@yahoo.com,2023-09-15,Básico
C4729,Itziar de Castro,24,F,Callao,cruiz@hotmail.com,2023-05-02,Silver
C4730,Nazaret Múgica Sabater,29,F,San Borja,imorera@sanchez.org,2022-11-08,Básico
C4731,Clotilde del Gordillo,34,F,San Borja,severiano75@hotmail.com,2023-02-10,Platinum
C4732,Amando Juan Aranda,33,M,Miraflores,jvilanova@vilalta.es,2023-07-21,Platinum
C4733,Evita Roldan Cabo,31,F,La Molina,dafne87@lumbreras-bautista.org,2023-07-27,Gold
C4734,Bernarda de Hoz,28,F,La Molina,mireia89@yahoo.com,2022-03-19,Silver
C4735,Amanda Alejandra Tolosa Gargallo,19,F,Breña,perlitacoronado@ocana-ramirez.es,2023-04-19,Silver
C4736,Esther Aliaga Marin,30,F,Lince,danimarti@gmail.com,2023-10-08,Gold
C4737,Ciriaco Carbó Ureña,28,M,Comas,martina98@lamas.es,2023-08-19,Básico
C4738,Carmelita Aragonés Campillo,25,F,Pueblo Libre,quirinobernat@catala.com,2023-08-22,Básico
C4739,Mayte de Pastor,25,F,Jesús María,eguardia@gmail.com,2022-01-11,Silver
C4740,Asunción Abella Pont,16,F,Jesús María,qarias@gual-diaz.es,2022-06-25,Básico
C4741,Noé Casanova,21,M,Breña,luis-angel90@gmail.com,2022-05-23,Platinum
C4742,Hernán Escolano Merino,28,M,Breña,riocalixto@frutos.net,2022-10-24,Básico
C4743,Gregorio Alcaraz-Chaparro,33,M,Los Olivos,juan-josepiquer@gmail.com,2022-10-05,Gold
C4744,María Fernanda Padilla-Lumbreras,32,F,Surco,jose-carlos28@yahoo.com,2024-02-28,Silver
C4745,Eutimio Molins Moll,33,M,San Miguel,ruanoclaudio@higueras.com,2023-07-07,Silver
C4746,Eustaquio Benet Anguita,26,M,SJL,casandrasoto@barroso.com,2022-11-09,Silver
C4747,Benigna del Miralles,24,F,Surquillo,patricio03@gmail.com,2024-05-25,Básico
C4748,Serafina Fernandez Llabrés,29,F,Surquillo,pardoirene@yahoo.com,2022-08-31,Básico
C4749,Lucho Pedrosa Tudela,30,M,Pueblo Libre,nydiaarrieta@gmail.com,2023-01-15,Básico
C4750,Paco Ricart,16,M,San Isidro,arizamaria-pilar@gmail.com,2022-02-17,Gold
C4751,Guiomar Tovar,28,F,Surco,mercedescrespo@galan.es,2023-08-30,Gold
C4752,Pelayo Alberdi Sáez,16,M,San Miguel,felipa94@yahoo.com,2023-01-02,Platinum
C4753,Ainara Oliver Tomas,19,F,Lince,edmundoalbero@guerrero-gil.es,2022-09-25,Silver
C4754,Cruz Paz Quevedo,33,F,Callao,zfrancisco@gibert-menendez.com,2024-05-14,Gold
C4755,Carina Valenciano Guerrero,30,F,San Borja,eribera@hotmail.com,2022-02-23,Platinum
C4756,Juan Francisco Castellanos Marin,19,M,Lince,wverdejo@vaquero.es,2023-04-29,Silver
C4757,Maribel del Segura,17,F,Miraflores,rodrigoribes@yahoo.com,2022-04-26,Silver
C4758,Tamara Carrillo Boix,27,F,San Miguel,alcalajuanita@taboada.es,2023-12-06,Básico
C4759,Héctor Capdevila-Sales,23,M,La Molina,pazosgisela@elias-dominguez.es,2022-10-30,Gold
C4760,Xiomara Parra Rivero,20,F,San Borja,xvillar@yahoo.com,2023-09-02,Básico
C4761,Marianela Adelina Osuna Ródenas,31,F,La Molina,jose-manuel86@ferrer.es,2023-11-13,Gold
C4762,Azeneth Beltrán Benitez,33,F,San Miguel,lucianaporcel@hotmail.com,2023-02-15,Gold
C4763,Rosendo Poncio Quiroga Galán,25,M,Miraflores,saturnina97@bosch-luna.net,2023-01-22,Silver
C4764,Miguel Ángel Cano Pascual,19,M,Jesús María,eligia17@hotmail.com,2022-12-19,Platinum
C4765,María Adadia-Mayoral,20,F,Jesús María,boschabilio@gmail.com,2023-03-12,Silver
C4766,Eleuterio Pepito Blanch Pla,21,M,Surco,basfrancisco-jose@yahoo.com,2023-09-16,Básico
C4767,Marita Maribel Lastra Carballo,23,F,San Isidro,zabaletacarlota@gmail.com,2023-10-13,Gold
C4768,Begoña Páez Gárate,16,F,La Molina,aoliva@hotmail.com,2023-05-26,Gold
C4769,Bernardita Vázquez Caballero,28,F,La Molina,gertrudisramon@yahoo.com,2023-07-09,Gold
C4770,Bernardita de Asensio,27,F,San Borja,nieves98@campoy.es,2022-08-17,Platinum
C4771,Felicia Rico Vilaplana,21,F,Surco,wcabrero@costa-cepeda.net,2024-05-18,Silver
C4772,Calisto Fito Royo Valencia,26,M,Miraflores,carbopaca@gmail.com,2023-05-16,Básico
C4773,Virgilio Carvajal López,25,M,Jesús María,psierra@casal.es,2024-01-17,Gold
C4774,Jaime Zorrilla Yáñez,19,M,Los Olivos,wsaura@julian.org,2023-12-20,Básico
C4775,Maxi de Correa,23,M,Breña,nlarrea@azcona.es,2022-05-11,Silver
C4776,Cebrián Cirino Ariño Garmendia,18,M,San Miguel,rufina66@avila.org,2024-01-05,Platinum
C4777,Ildefonso Bustamante Alberto,20,M,Callao,nazaret19@bernal.es,2023-04-20,Platinum
C4778,Sebastián Márquez Parejo,29,M,Pueblo Libre,angelica38@riba-domingo.com,2022-10-05,Silver
C4779,Vanesa Abril Barros Polo,33,F,Jesús María,elumbreras@paredes.com,2023-12-31,Gold
C4780,Elisa Arco Porcel,21,F,Los Olivos,carina64@baena.org,2023-08-22,Gold
C4781,Manuel Lobo Gámez,27,M,Los Olivos,modestoaraujo@hotmail.com,2023-12-31,Gold
C4782,Plinio Juárez Robledo,28,M,Surco,ignacio34@banos-bermudez.com,2023-05-30,Gold
C4783,Elena Tomás Blasco,27,F,San Borja,garmendianerea@mendez-hierro.com,2022-03-28,Platinum
C4784,Ruperto Blanch Cañas,17,M,Jesús María,cintia26@ferreras.es,2022-02-23,Básico
C4785,Arcelia Pardo Blanes,25,F,San Borja,esperanza80@yahoo.com,2022-04-05,Gold
C4786,Modesta Marí-Serna,30,F,La Molina,fortunatoaguilera@polo.net,2022-10-03,Platinum
C4787,Bartolomé Carro Niño,27,M,Callao,figuerolaemiliana@yahoo.com,2022-08-08,Gold
C4788,Jeremías Araujo-Flores,25,M,SJL,onicolau@yahoo.com,2024-06-13,Gold
C4789,Alfonso Pellicer,30,M,Surco,gilberto78@gmail.com,2022-12-31,Gold
C4790,Emma Arnau Paz,22,F,La Molina,cibanez@checa.net,2022-10-24,Silver
C4791,Heliodoro Orozco Barros,26,M,San Isidro,tamara39@hotmail.com,2023-05-16,Básico
C4792,Heriberto Cortés Poza,22,M,Surco,montserrat51@yahoo.com,2023-06-27,Silver
C4793,Ani de Guijarro,18,F,Surquillo,sedanojuanita@hotmail.com,2024-03-17,Básico
C4794,Remigio Jordi Niño Guzman,23,M,Surquillo,mauricio59@yahoo.com,2023-10-22,Silver
C4795,Daniela del Miguel,17,F,Lince,olegariosanabria@bru-mayo.com,2023-05-01,Silver
C4796,Teobaldo Giner Moya,27,M,Pueblo Libre,celestino94@parra.com,2022-06-28,Platinum
C4797,Georgina Abascal Gibert,22,F,Miraflores,jrecio@castaneda-calvet.es,2022-10-20,Platinum
C4798,Donato Barros Sotelo,26,M,Callao,mariano07@sanz-soler.org,2022-03-06,Gold
C4799,Rolando Solera Murillo,19,M,SJL,motero@hotmail.com,2023-12-10,Gold
C4800,Febe Martínez Camps,26,F,Surquillo,atilio67@heredia-pulido.com,2023-11-08,Silver
C4801,Susanita Nidia Torrijos Manzanares,23,F,SJL,maria-jesussoriano@exposito-castello.com,2024-04-11,Básico
C4802,Loreto Cerdán Tamayo,32,M,San Borja,francisconacio@hotmail.com,2024-06-03,Básico
C4803,Evita Rojas Alvarez,29,F,Callao,maria-jesusgargallo@yahoo.com,2023-05-05,Silver
C4804,Esmeralda Herrero,24,F,Surquillo,ignacioalberto@espada.com,2023-01-26,Platinum
C4805,José María Elorza-Arana,31,M,SJL,njuarez@yahoo.com,2024-01-31,Platinum
C4806,Heraclio Riba Pera,34,M,Pueblo Libre,lobolucho@cabo-blazquez.es,2023-02-12,Básico
C4807,Azeneth Marco Casals,23,F,San Isidro,tomematilde@gmail.com,2024-04-13,Platinum
C4808,Erasmo Montoya Villegas,34,M,San Borja,parejobartolome@yahoo.com,2023-08-13,Gold
C4809,Rosa Luís Linares,29,F,La Molina,pererajosefa@juan.org,2022-12-16,Básico
C4810,Elías Fortuny,17,M,Surco,hbosch@jimenez.net,2022-02-19,Gold
C4811,María Ángeles Atienza Iglesia,23,F,San Borja,severino86@gmail.com,2022-01-18,Silver
C4812,Reyes del Calleja,21,F,Surco,maxiiborra@gmail.com,2023-12-23,Básico
C4813,Coral Azcona Morales,32,F,La Molina,jordaepifanio@yahoo.com,2022-10-22,Silver
C4814,Elba Aguado Carreras,28,F,La Molina,etelvinazapata@montserrat.net,2024-01-24,Gold
C4815,Concepción Verdejo Diez,34,F,Jesús María,villenajuan-carlos@sans.es,2023-03-25,Silver
C4816,Iris de Chico,31,F,Jesús María,augustocastaneda@yahoo.com,2023-10-13,Gold
C4817,Lalo Lobo Arranz,32,M,Comas,boujuan-antonio@gibert.net,2022-04-24,Básico
C4818,Jorge Font Álamo,20,M,Surco,aberenguer@hotmail.com,2023-03-28,Platinum
C4819,Custodio Narváez Roldán,20,M,La Molina,reciopaca@pedrero.es,2023-06-26,Silver
C4820,Adelia Nieto,18,F,SJL,zvega@montes.es,2022-01-15,Gold
C4821,Teodora Díaz-Fábregas,24,F,San Miguel,xcarnero@gmail.com,2022-12-03,Básico
C4822,Bibiana Máxima Cantón Buendía,22,F,Breña,matapastora@yahoo.com,2023-05-24,Silver
C4823,Eli de Barreda,32,F,Surco,zperera@blazquez-gutierrez.es,2022-03-26,Silver
C4824,Ariel Escrivá Collado,16,M,San Isidro,qosuna@hotmail.com,2023-06-25,Gold
C4825,Gracia Cánovas,33,F,Surco,maximo88@rincon.es,2024-03-04,Básico
C4826,Danilo Tena-Carrillo,35,M,SJL,nfernandez@hotmail.com,2024-05-04,Básico
C4827,Maribel Tamayo Ribera,26,F,San Borja,lorenzaespanol@hotmail.com,2022-01-12,Básico
C4828,Reynaldo Luis Miguel Barco Gibert,19,M,SJL,xrocamora@valls.es,2023-04-25,Básico
C4829,Noemí Román-Benavent,26,F,Los Olivos,castilloinigo@hotmail.com,2023-07-28,Platinum
C4830,Úrsula Aroca Pedrosa,34,F,San Isidro,noe84@yahoo.com,2022-08-15,Gold
C4831,Silvio Vall Aguilar,26,M,Comas,fermin66@hotmail.com,2023-06-01,Básico
C4832,Elodia Sebastián-Alcázar,16,F,Pueblo Libre,vferrandiz@gmail.com,2024-05-06,Gold
C4833,Vasco Oller Valbuena,20,M,Callao,herberto05@yahoo.com,2023-02-09,Básico
C4834,Fidel Alegria Acevedo,19,M,San Borja,jordanacruz@gmail.com,2022-09-04,Básico
C4835,Salvador Ruy Gimenez Cazorla,23,M,Surquillo,maria-jesus39@hotmail.com,2023-06-30,Silver
C4836,Eugenia Vallés,25,F,Los Olivos,cortesclaudia@rodrigo-pont.es,2023-10-24,Gold
C4837,Gala Milla González,19,F,San Isidro,ciriaco31@lasa-jerez.es,2024-01-11,Platinum
C4838,Pastor Fajardo Sancho,34,M,Miraflores,buenonazario@yahoo.com,2023-12-08,Gold
C4839,Manolo Gárate-Sarmiento,32,M,Comas,pperez@saenz.com,2022-05-06,Básico
C4840,Irma Miró Buendía,26,F,Miraflores,zpascual@yahoo.com,2024-06-19,Silver
C4841,Rafaela Aragonés Alberto,22,F,Comas,carboceferino@yahoo.com,2023-04-18,Silver
C4842,Ángela Barranco Miranda,18,F,San Miguel,ambrosio95@yahoo.com,2022-12-18,Platinum
C4843,Gaspar Soto-Guillén,28,M,Pueblo Libre,gpazos@ortega.es,2023-02-16,Silver
C4844,Amarilis Saldaña Rodriguez,18,F,San Isidro,clementebarros@armengol.com,2023-12-08,Gold
C4845,Nereida Gonzalez,34,F,San Isidro,mar65@merino-naranjo.es,2022-08-03,Gold
C4846,Albert Jordán Vilalta Dalmau,35,M,Miraflores,lllano@escolano-oliva.com,2023-12-23,Básico
C4847,Obdulia Pastor Dávila,33,F,Jesús María,sacristanpio@urrutia.com,2024-06-13,Platinum
C4848,Mario Cáceres-Font,27,M,Callao,carmelolosada@hotmail.com,2022-10-26,Platinum
C4849,Leonardo del Sobrino,18,M,Callao,iniguezmartina@bermejo.com,2022-12-09,Platinum
C4850,Delfina Valls Riquelme,23,F,San Borja,roperoedgar@yahoo.com,2023-05-15,Silver
C4851,Olalla Galan,27,F,Pueblo Libre,cacerescarina@yahoo.com,2024-06-17,Básico
C4852,Angelino Peiró Baeza,28,M,La Molina,atienzavinicio@yahoo.com,2022-09-10,Platinum
C4853,Jose Miguel de Codina,20,M,Surquillo,canteroestefania@pablo-porcel.com,2023-06-05,Silver
C4854,Sol Mosquera Bermúdez,31,F,Los Olivos,gertrudisaviles@gmail.com,2023-04-13,Básico
C4855,Sabas Vilalta Trujillo,33,M,San Borja,edu62@yahoo.com,2023-03-08,Platinum
C4856,Pepita Andrade Cabo,16,F,Jesús María,juliequerol@gmail.com,2022-09-13,Gold
C4857,Renato Pedrosa Macías,32,M,Surco,eusebioalcantara@montenegro.com,2023-01-22,Gold
C4858,Gala Martinez Planas,18,F,Surquillo,llamasarcelia@berenguer-parejo.org,2023-12-23,Platinum
C4859,Renato Cuesta Solsona,17,M,San Miguel,valdesariel@hotmail.com,2022-04-18,Platinum
C4860,Javiera Sevillano,22,F,Jesús María,oramon@reguera.es,2023-07-03,Gold
C4861,Liliana Múgica Vicente,24,F,Miraflores,enriquegilabert@gmail.com,2023-01-18,Básico
C4862,Jose Francisco del Saura,22,M,Callao,felixpuerta@yahoo.com,2023-07-28,Básico
C4863,Saturnino Castillo Macias,31,M,San Isidro,gironajulie@figueras-duran.net,2022-01-09,Gold
C4864,Patricio Díaz Mas,31,M,Breña,correanarcisa@gmail.com,2022-08-02,Platinum
C4865,Eustaquio Novoa Barros,32,M,Surquillo,lcuervo@font.com,2022-04-15,Gold
C4866,Alma Duarte-Escudero,24,F,SJL,nseco@sole.net,2022-04-29,Silver
C4867,Melisa Artigas Lastra,22,F,San Miguel,azaharmarquez@gomila.com,2022-01-23,Platinum
C4868,Fidel Farré Carrera,29,M,SJL,joaquina11@mir.es,2023-02-16,Gold
C4869,Jafet Ropero Muro,34,M,Los Olivos,maldonadoana-belen@briones.com,2022-06-27,Gold
C4870,Teodora Posada Adadia,24,F,Surquillo,josep11@yahoo.com,2022-11-24,Gold
C4871,Jafet Ferreras Corbacho,23,M,Surquillo,gabriel74@hotmail.com,2024-05-01,Gold
C4872,Angelina del Pozo,20,F,Surquillo,rafaelasevilla@carranza-davila.org,2023-05-18,Básico
C4873,Olga Higueras Mesa,24,F,San Miguel,hipolito73@arjona-baena.com,2022-07-21,Básico
C4874,Melisa Quiroga Pintor,33,F,Lince,mariemigdio@aguilar.net,2022-05-03,Básico
C4875,Camila Bastida Murcia,24,F,Pueblo Libre,benitahierro@hotmail.com,2024-01-09,Básico
C4876,Curro del Antúnez,25,M,San Isidro,jose99@pellicer.org,2023-08-28,Básico
C4877,Rosalina de Chaparro,22,F,Lince,salvadorribas@yahoo.com,2023-04-27,Platinum
C4878,Visitación Marti,32,F,San Isidro,yfabra@yahoo.com,2024-01-20,Silver
C4879,Plácido Juan Francisco Bayona Marín,28,M,La Molina,munozbernarda@gimeno.com,2024-02-19,Platinum
C4880,Renata Alcalde Cuervo,16,F,Surquillo,mercedes17@gmail.com,2022-09-15,Básico
C4881,Glauco Ruano-Baquero,16,M,San Borja,trillograciana@bernal-valcarcel.net,2022-01-13,Básico
C4882,Narcisa Barco Egea,22,F,Lince,salcedoceferino@yahoo.com,2024-04-25,Platinum
C4883,Eliseo Garcia Hierro,21,M,Lince,dominguezluisina@esteve.es,2022-05-11,Platinum
C4884,Xavier Fortuny Contreras,27,M,La Molina,salcedobrigida@estevez.org,2024-03-17,Silver
C4885,Hector de Suárez,24,M,Surco,anguitalisandro@benitez.org,2023-11-02,Silver
C4886,Jordán Cañete Palau,18,M,San Borja,fzorrilla@palacios.es,2022-02-05,Gold
C4887,Gertrudis Arnal Falcó,30,F,Los Olivos,saritamanuel@hotmail.com,2022-01-08,Gold
C4888,Flor Milla Heras,18,F,Miraflores,tito11@hotmail.com,2022-02-27,Platinum
C4889,Rafaela Sevilla Beltrán,19,F,San Borja,filomenaalbero@yahoo.com,2022-08-09,Silver
C4890,Prudencia Redondo-Cózar,27,F,Pueblo Libre,vilartania@gmail.com,2022-09-03,Básico
C4891,Jonatan Barranco-Varela,35,M,SJL,tazcona@gmail.com,2024-01-02,Gold
C4892,Rufino Boix Bilbao,20,M,Los Olivos,poloeleuterio@yahoo.com,2024-02-08,Gold
C4893,Tania Catalán Bertrán,16,F,San Borja,wmuro@morillo.es,2024-01-18,Platinum
C4894,Francisco Llamas-Estevez,28,M,La Molina,conchasevillano@gmail.com,2024-06-05,Platinum
C4895,Eloy Barrios Viña,21,M,Los Olivos,victorinomadrigal@hotmail.com,2023-01-18,Básico
C4896,Yésica Bravo Vallés,25,F,Pueblo Libre,blucena@amat.com,2022-05-28,Silver
C4897,Yaiza Ferrando Palacios,16,F,La Molina,recioguiomar@llabres-perez.net,2024-05-02,Silver
C4898,Adalberto Monreal,29,M,Surco,martina58@amores.net,2022-04-21,Básico
C4899,Ernesto Espiridión Prado Montaña,22,M,La Molina,nazaret70@gmail.com,2023-01-27,Platinum
C4900,Berto Gutierrez Valdés,28,M,San Isidro,edelmiramedina@yahoo.com,2022-02-21,Platinum
C4901,Aurelio Ramón Acosta,20,M,Lince,saturninoespanol@yahoo.com,2023-02-13,Platinum
C4902,Óscar Paredes,17,M,San Miguel,kpera@gmail.com,2022-06-05,Básico
C4903,Bartolomé Gilabert Dueñas,35,M,Jesús María,hilario20@cepeda-ferrandez.com,2024-03-09,Silver
C4904,Lorenza Teruel Alfaro,29,F,Comas,xcano@buendia.org,2022-05-19,Básico
C4905,Yolanda Castejón Asenjo,22,F,Breña,lumbrerasjesus@gonzalo.org,2023-07-11,Básico
C4906,Nico Montes Mayol,26,M,SJL,squiroga@yahoo.com,2023-05-03,Gold
C4907,José Carreras-Porras,17,M,Surco,iaragones@gmail.com,2023-05-22,Silver
C4908,Vinicio Cordero Iriarte,26,M,Pueblo Libre,apeinado@menendez.es,2023-07-31,Básico
C4909,Vasco Romero,30,M,San Isidro,torrezacarias@gmail.com,2023-09-23,Platinum
C4910,Agustín Palomares Burgos,22,M,Pueblo Libre,morenocayetano@abril.es,2024-03-08,Básico
C4911,Calixta Hernando Blanes,21,F,Los Olivos,gervasio53@yahoo.com,2022-04-06,Básico
C4912,Manolo Arrieta-Osorio,33,M,Surquillo,graciano60@yahoo.com,2023-01-25,Básico
C4913,Juanita Pavón Cazorla,18,F,Callao,comasapolonia@barco-pelaez.es,2023-02-04,Platinum
C4914,Jesús Rivera Ricart,21,M,Surco,acedolorenza@gmail.com,2022-01-26,Gold
C4915,Eva Seco Tudela,24,F,Comas,cordobaelisabet@yahoo.com,2023-02-22,Básico
C4916,Fabiana Agustí,19,F,San Borja,marisolagudo@yahoo.com,2022-06-21,Básico
C4917,Ángeles Tena Carrasco,16,F,SJL,aliagabelen@carballo.es,2022-09-20,Gold
C4918,Germán Menendez Sanz,29,M,Miraflores,jvilar@hotmail.com,2022-05-29,Silver
C4919,Maricela de Parejo,25,F,Surquillo,jose-franciscoespada@hernando-saavedra.es,2024-03-16,Silver
C4920,Lázaro Ordóñez Casal,27,M,Los Olivos,ollertoni@gmail.com,2022-04-06,Platinum
C4921,Candelario Soriano Bastida,20,M,Jesús María,sancho32@escriva.es,2022-07-05,Silver
C4922,Mamen Nydia Gascón Company,18,F,Los Olivos,oaguilera@gmail.com,2024-01-21,Básico
C4923,Charo Calvet Ibáñez,25,F,Comas,franciscasainz@herrera-merino.net,2024-04-23,Platinum
C4924,Lidia Gutierrez Pellicer,21,F,Breña,alonso08@hotmail.com,2023-09-24,Básico
C4925,Ramiro Barriga Vélez,21,M,Breña,huertashilario@viana-carreras.net,2023-10-19,Gold
C4926,Francisca Artigas Castrillo,19,F,San Isidro,leticia77@yahoo.com,2022-05-14,Platinum
C4927,Brígida Cortina Vilaplana,18,F,Callao,ktejada@ribes.es,2023-04-22,Gold
C4928,Hilario Perera Piña,20,M,La Molina,moiseshidalgo@espinosa-tome.com,2022-12-20,Gold
C4929,Eugenia Paulina Montenegro Tovar,19,F,Breña,fllobet@hotmail.com,2022-02-07,Silver
C4930,Emilio Flor Barrena,19,M,San Borja,noelia49@hotmail.com,2023-11-15,Básico
C4931,Caridad Agustina Campillo Montes,33,F,San Borja,banosmanuelita@valenzuela.com,2024-05-11,Básico
C4932,Fabián Botella Méndez,29,M,Lince,baldomero01@landa.es,2023-02-19,Gold
C4933,Margarita Perelló Nadal,24,F,SJL,nolmo@ferrer.net,2023-07-24,Platinum
C4934,Mónica Caro Luna,20,F,San Isidro,jennifercervera@yahoo.com,2023-04-20,Platinum
C4935,Juan Manuel Carranza-Almazán,16,M,Lince,canizaresedmundo@yahoo.com,2023-06-23,Gold
C4936,Aroa del Mena,30,F,La Molina,coronazabala@villanueva.es,2022-01-25,Silver
C4937,Nuria Amat Cornejo,33,F,Surco,samanta77@cuesta-esteban.com,2023-08-02,Básico
C4938,Custodio Oliveras-Cisneros,31,M,La Molina,jbotella@yahoo.com,2023-09-27,Silver
C4939,Juan Carlos Vasco Vilar Linares,29,M,La Molina,marruano@gmail.com,2022-02-14,Básico
C4940,Pacífica de Ródenas,34,F,Comas,guiomar24@herrera.es,2024-01-14,Silver
C4941,Carmela Soto Velázquez,35,F,Comas,yblanch@pujol.com,2023-10-03,Silver
C4942,Jose Francisco Barrena Vázquez,26,M,San Isidro,cristobalfonseca@gmail.com,2022-10-13,Gold
C4943,Adelaida Milagros Salas Barrio,24,F,SJL,constanzacastro@gmail.com,2022-02-10,Silver
C4944,Celso Gilabert,23,M,San Borja,murciahilda@hotmail.com,2023-06-25,Platinum
C4945,Fernanda Robledo Borrás,24,F,Breña,ricarda26@julian.com,2022-07-11,Silver
C4946,Pedro Arce Quintana,21,M,Surco,pmachado@gmail.com,2022-06-20,Silver
C4947,Natividad Merche Vaquero Sáez,20,F,Surquillo,galvezcosme@tolosa.es,2022-01-15,Gold
C4948,Albina Guerra,16,F,San Miguel,mateyesica@torres-cabeza.com,2022-08-02,Silver
C4949,Victor Fuente,17,M,Miraflores,ester99@castilla.com,2022-01-19,Platinum
C4950,Martin Blázquez Escobar,25,M,Comas,valentin55@martinez.es,2024-01-02,Platinum
C4951,Pepita Vallés Guitart,23,F,San Borja,pedrerosalvador@gmail.com,2022-04-24,Básico
C4952,Herberto Piña Cañizares,32,M,Lince,modestamosquera@gmail.com,2023-08-09,Básico
C4953,Édgar de Aragonés,24,M,Surco,martinalejandro@soto.es,2023-02-20,Básico
C4954,Asdrubal Domingo Ballesteros Porras,34,M,Surquillo,nestor04@yahoo.com,2024-05-20,Básico
C4955,Loida Etelvina Casanovas Boix,34,F,Pueblo Libre,llopisbernardita@manjon.es,2024-01-30,Silver
C4956,Martín Zorrilla,20,M,Callao,celsopavon@hotmail.com,2023-05-22,Silver
C4957,Chus Lobo Corral,34,F,Callao,custodiavilanova@hotmail.com,2023-06-29,Platinum
C4958,Guadalupe Víctor Nebot Roselló,28,M,Miraflores,agustinasoriano@hotmail.com,2023-07-09,Gold
C4959,Candela Madrigal Lumbreras,33,F,Surquillo,useco@hotmail.com,2022-03-26,Platinum
C4960,Eligia Pareja Cruz,24,F,Breña,oexposito@almeida-amaya.com,2022-09-08,Básico
C4961,Emigdio Hierro Falcó,16,M,San Miguel,florencia97@camino.com,2023-09-04,Gold
C4962,Elpidio César Fonseca Llamas,23,M,Breña,laranoriega@hotmail.com,2022-05-02,Básico
C4963,Lupe Cuadrado Cabanillas,30,M,Surco,carlota39@pastor-bernat.es,2022-04-09,Básico
C4964,Emma Ordóñez Cuevas,18,F,Callao,amosergio@gmail.com,2023-09-11,Gold
C4965,Felicia del Viña,26,F,Lince,visitacion98@gmail.com,2022-05-25,Gold
C4966,Felix Pareja Revilla,16,M,San Isidro,ofelialluch@minguez.com,2023-10-14,Gold
C4967,Felipe Castell Gracia,18,M,Jesús María,noebenavent@yahoo.com,2022-07-28,Gold
C4968,Florencio Garzón Blazquez,24,M,Breña,hmanrique@yahoo.com,2023-02-25,Básico
C4969,Alondra Donaire-Martínez,26,F,Breña,jose-antonio30@gmail.com,2023-08-12,Gold
C4970,Aránzazu Madrid Adán,34,F,San Miguel,ainoadiaz@gmail.com,2023-12-22,Gold
C4971,Macaria Escudero Soto,29,F,SJL,fabiansegovia@gmail.com,2022-06-01,Básico
C4972,Luis Carrasco Cózar,17,M,Lince,hherrero@benito.com,2022-05-22,Gold
C4973,Rubén Criado Toledo,20,M,Comas,alejandroriba@yahoo.com,2024-02-28,Básico
C4974,Adrián Garcés,20,M,Callao,canizaresdan@hotmail.com,2022-08-16,Platinum
C4975,Gracia Bolaños Aguilar,16,F,Los Olivos,felipa20@yahoo.com,2023-02-05,Silver
C4976,Nicodemo Espinosa Rozas,32,M,Jesús María,cebrianpina@torrijos.es,2023-05-28,Básico
C4977,Carolina Bárcena Zapata,24,F,Comas,mlago@monreal.com,2022-11-29,Silver
C4978,Íngrid Castañeda Jordán,23,F,Pueblo Libre,arcosjose-luis@cabo-pujol.es,2023-01-03,Silver
C4979,Clementina Aramburu,25,F,Los Olivos,luis-angel78@hotmail.com,2022-08-16,Gold
C4980,Anita Gisbert Campos,16,F,Miraflores,xmontalban@azorin.org,2022-10-29,Básico
C4981,Iker Palau Bernat,35,M,Surco,frutosamador@miguel-rovira.es,2024-03-01,Silver
C4982,Cayetana Olalla Toro Cuevas,19,F,Lince,eufemia64@gimenez.com,2022-04-29,Platinum
C4983,Horacio Amado Patiño Borrell,21,M,Pueblo Libre,zbayona@sanchez.com,2023-10-09,Gold
C4984,Rosa María Pomares,34,F,Miraflores,cerdanafrica@barroso-ayuso.org,2022-10-21,Platinum
C4985,Íñigo Segura Torralba,17,M,Miraflores,harregui@yahoo.com,2023-04-21,Silver
C4986,Sancho Baquero Llanos,17,M,La Molina,aristides73@yahoo.com,2023-03-13,Platinum
C4987,Aurelio del Machado,17,M,Surco,pintornicolasa@gmail.com,2022-05-11,Silver
C4988,Hector Maldonado Guijarro,30,M,Surco,araceli91@hervas.com,2022-01-31,Básico
C4989,Ildefonso Vives Andrade,22,M,San Miguel,concepcionferrero@menendez-vina.es,2022-05-11,Platinum
C4990,Jenaro Diez Rojas,27,M,Surco,gramos@yahoo.com,2022-05-09,Básico
C4991,Prudencia Amo Bru,33,F,Comas,cirinominguez@velasco.com,2023-01-19,Básico
C4992,Alba de Burgos,29,F,Breña,crescenciacasas@planas.com,2024-02-09,Gold
C4993,Loreto Gabaldón Casado,24,M,La Molina,alvarorosalinda@escobar.org,2023-01-26,Básico
C4994,Carmela Ballesteros Carlos,21,F,San Miguel,arellanoale@iglesia-toledo.es,2022-05-28,Platinum
C4995,Carla Arribas Alemany,23,F,Surquillo,dfigueroa@hotmail.com,2023-10-12,Gold
C4996,Inés Solsona Torrijos,16,F,Surco,iartigas@gmail.com,2023-09-29,Básico
C4997,Begoña Bustos Torralba,23,F,Miraflores,evacuadrado@yahoo.com,2023-01-10,Platinum
C4998,Desiderio del Llano,25,M,SJL,catalanrosalia@salcedo.es,2024-05-15,Silver
C4999,Amarilis Fiol Aller,23,F,Jesús María,galindolaura@alegre-coca.es,2023-07-26,Platinum
C5000,Berto Fidel Cabrero Franco,31,M,Breña,jcarlos@cruz.es,2023-07-02,Silver
